sample_id,dataset_name,version,domain_id,domain,subcategory,text_bn,label,label_binary,split,benchmark_split,source_type,attack_goal,persuasion_tactic,requested_sensitive_data,implied_brand,language,script,risk_level,confidence,synthetic_status,redaction_status,pii_status,contains_real_pii,review_status,collection_method,notes,source_file
H2D02_0061,BanglaPhish-2026,1.0,H2D02,Genuine Nagad Messages,Send Money Confirmation,সেন্ড মানি সফল হয়েছে। প্রাপক: [REDACTED_RECIPIENT]। রেফারেন্স: [TXN_ID]। এই বার্তাটি শুধুমাত্র তথ্যের জন্য।,legitimate,0,train,train,SMS,,Informational / Transactional,,Nagad,Bangla,Bengali,Low,High,Synthetic; legitimate/non-scam,Redacted placeholder only,No real PII,False,Ready for human review,synthetic_generation,"Generated for legitimate/non-scam baseline in defensive phishing-detection research; no real phone numbers, account numbers, OTPs, PINs, or live URLs included.",BanglaPhish_Half2_H2D01-H2D10_Legitimate_v1.csv
H2D02_0065,BanglaPhish-2026,1.0,H2D02,Genuine Nagad Messages,Send Money Confirmation,সেন্ড মানি সফল হয়েছে। প্রাপক: [REDACTED_RECIPIENT]। রেফারেন্স: [TXN_ID]। প্রয়োজনে অনুমোদিত কাস্টমার কেয়ারে যোগাযোগ করুন।,legitimate,0,train,train,Push Notification,,Informational / Transactional,,Nagad,Bangla,Bengali,Low,High,Synthetic; legitimate/non-scam,Redacted placeholder only,No real PII,False,Ready for human review,synthetic_generation,"Generated for legitimate/non-scam baseline in defensive phishing-detection research; no real phone numbers, account numbers, OTPs, PINs, or live URLs included.",BanglaPhish_Half2_H2D01-H2D10_Legitimate_v1.csv
H2D02_0069,BanglaPhish-2026,1.0,H2D02,Genuine Nagad Messages,Send Money Confirmation,সেন্ড মানি সফল হয়েছে। প্রাপক: [REDACTED_RECIPIENT]। রেফারেন্স: [TXN_ID]। কোনো গোপন তথ্য শেয়ার করার প্রয়োজন নেই।,legitimate,0,train,train,Web Portal Notice,,Informational / Transactional,,Nagad,Bangla,Bengali,Low,High,Synthetic; legitimate/non-scam,Redacted placeholder only,No real PII,False,Ready for human review,synthetic_generation,"Generated for legitimate/non-scam baseline in defensive phishing-detection research; no real phone numbers, account numbers, OTPs, PINs, or live URLs included.",BanglaPhish_Half2_H2D01-H2D10_Legitimate_v1.csv
H2D02_0073,BanglaPhish-2026,1.0,H2D02,Genuine Nagad Messages,Send Money Confirmation,সেন্ড মানি সফল হয়েছে। প্রাপক: [REDACTED_RECIPIENT]। রেফারেন্স: [TXN_ID]। এই নোটিফিকেশন স্বয়ংক্রিয়ভাবে পাঠানো হয়েছে।,legitimate,0,train,train,Email,,Informational / Transactional,,Nagad,Bangla,Bengali,Low,High,Synthetic; legitimate/non-scam,Redacted placeholder only,No real PII,False,Ready for human review,synthetic_generation,"Generated for legitimate/non-scam baseline in defensive phishing-detection research; no real phone numbers, account numbers, OTPs, PINs, or live URLs included.",BanglaPhish_Half2_H2D01-H2D10_Legitimate_v1.csv
H2D02_0077,BanglaPhish-2026,1.0,H2D02,Genuine Nagad Messages,Send Money Confirmation,সেন্ড মানি সফল হয়েছে। প্রাপক: [REDACTED_RECIPIENT]। রেফারেন্স: [TXN_ID]। বিস্তারিত অফিসিয়াল অ্যাপ/পোর্টালে দেখা যাবে।,legitimate,0,train,train,App Notification,,Informational / Transactional,,Nagad,Bangla,Bengali,Low,High,Synthetic; legitimate/non-scam,Redacted placeholder only,No real PII,False,Ready for human review,synthetic_generation,"Generated for legitimate/non-scam baseline in defensive phishing-detection research; no real phone numbers, account numbers, OTPs, PINs, or live URLs included.",BanglaPhish_Half2_H2D01-H2D10_Legitimate_v1.csv
H2D02_0081,BanglaPhish-2026,1.0,H2D02,Genuine Nagad Messages,Add Money Confirmation,অ্যাড মানি সফল হয়েছে। উৎস: [REDACTED_SOURCE]। রেফারেন্স: [TXN_ID]। কোনো গোপন তথ্য শেয়ার করার প্রয়োজন নেই।,legitimate,0,train,train,SMS,,Informational / Transactional,,Nagad,Bangla,Bengali,Low,High,Synthetic; legitimate/non-scam,Redacted placeholder only,No real PII,False,Ready for human review,synthetic_generation,"Generated for legitimate/non-scam baseline in defensive phishing-detection research; no real phone numbers, account numbers, OTPs, PINs, or live URLs included.",BanglaPhish_Half2_H2D01-H2D10_Legitimate_v1.csv
H2D02_0083,BanglaPhish-2026,1.0,H2D02,Genuine Nagad Messages,Add Money Confirmation,অ্যাড মানি অনুরোধ সম্পন্ন হয়েছে। বিস্তারিত [OFFICIAL_APP] এ দেখুন। এই বার্তাটি শুধুমাত্র তথ্যের জন্য।,legitimate,0,train,train,Email,,Informational / Transactional,,Nagad,Bangla,Bengali,Low,High,Synthetic; legitimate/non-scam,Redacted placeholder only,No real PII,False,Ready for human review,synthetic_generation,"Generated for legitimate/non-scam baseline in defensive phishing-detection research; no real phone numbers, account numbers, OTPs, PINs, or live URLs included.",BanglaPhish_Half2_H2D01-H2D10_Legitimate_v1.csv
H2D02_0085,BanglaPhish-2026,1.0,H2D02,Genuine Nagad Messages,Add Money Confirmation,অ্যাড মানি সফল হয়েছে। উৎস: [REDACTED_SOURCE]। রেফারেন্স: [TXN_ID]। এই নোটিফিকেশন স্বয়ংক্রিয়ভাবে পাঠানো হয়েছে।,legitimate,0,train,train,Push Notification,,Informational / Transactional,,Nagad,Bangla,Bengali,Low,High,Synthetic; legitimate/non-scam,Redacted placeholder only,No real PII,False,Ready for human review,synthetic_generation,"Generated for legitimate/non-scam baseline in defensive phishing-detection research; no real phone numbers, account numbers, OTPs, PINs, or live URLs included.",BanglaPhish_Half2_H2D01-H2D10_Legitimate_v1.csv
H2D02_0087,BanglaPhish-2026,1.0,H2D02,Genuine Nagad Messages,Add Money Confirmation,অ্যাড মানি অনুরোধ সম্পন্ন হয়েছে। বিস্তারিত [OFFICIAL_APP] এ দেখুন। প্রয়োজনে অনুমোদিত কাস্টমার কেয়ারে যোগাযোগ করুন।,legitimate,0,train,train,App Notification,,Informational / Transactional,,Nagad,Bangla,Bengali,Low,High,Synthetic; legitimate/non-scam,Redacted placeholder only,No real PII,False,Ready for human review,synthetic_generation,"Generated for legitimate/non-scam baseline in defensive phishing-detection research; no real phone numbers, account numbers, OTPs, PINs, or live URLs included.",BanglaPhish_Half2_H2D01-H2D10_Legitimate_v1.csv
H2D02_0089,BanglaPhish-2026,1.0,H2D02,Genuine Nagad Messages,Add Money Confirmation,অ্যাড মানি সফল হয়েছে। উৎস: [REDACTED_SOURCE]। রেফারেন্স: [TXN_ID]। বিস্তারিত অফিসিয়াল অ্যাপ/পোর্টালে দেখা যাবে।,legitimate,0,train,train,Web Portal Notice,,Informational / Transactional,,Nagad,Bangla,Bengali,Low,High,Synthetic; legitimate/non-scam,Redacted placeholder only,No real PII,False,Ready for human review,synthetic_generation,"Generated for legitimate/non-scam baseline in defensive phishing-detection research; no real phone numbers, account numbers, OTPs, PINs, or live URLs included.",BanglaPhish_Half2_H2D01-H2D10_Legitimate_v1.csv
H2D02_0091,BanglaPhish-2026,1.0,H2D02,Genuine Nagad Messages,Add Money Confirmation,অ্যাড মানি অনুরোধ সম্পন্ন হয়েছে। বিস্তারিত [OFFICIAL_APP] এ দেখুন। কোনো গোপন তথ্য শেয়ার করার প্রয়োজন নেই।,legitimate,0,train,train,SMS,,Informational / Transactional,,Nagad,Bangla,Bengali,Low,High,Synthetic; legitimate/non-scam,Redacted placeholder only,No real PII,False,Ready for human review,synthetic_generation,"Generated for legitimate/non-scam baseline in defensive phishing-detection research; no real phone numbers, account numbers, OTPs, PINs, or live URLs included.",BanglaPhish_Half2_H2D01-H2D10_Legitimate_v1.csv
H2D02_0093,BanglaPhish-2026,1.0,H2D02,Genuine Nagad Messages,Add Money Confirmation,অ্যাড মানি সফল হয়েছে। উৎস: [REDACTED_SOURCE]। রেফারেন্স: [TXN_ID]। এই বার্তাটি শুধুমাত্র তথ্যের জন্য।,legitimate,0,train,train,Email,,Informational / Transactional,,Nagad,Bangla,Bengali,Low,High,Synthetic; legitimate/non-scam,Redacted placeholder only,No real PII,False,Ready for human review,synthetic_generation,"Generated for legitimate/non-scam baseline in defensive phishing-detection research; no real phone numbers, account numbers, OTPs, PINs, or live URLs included.",BanglaPhish_Half2_H2D01-H2D10_Legitimate_v1.csv
H2D02_0095,BanglaPhish-2026,1.0,H2D02,Genuine Nagad Messages,Add Money Confirmation,অ্যাড মানি অনুরোধ সম্পন্ন হয়েছে। বিস্তারিত [OFFICIAL_APP] এ দেখুন। এই নোটিফিকেশন স্বয়ংক্রিয়ভাবে পাঠানো হয়েছে।,legitimate,0,train,train,Push Notification,,Informational / Transactional,,Nagad,Bangla,Bengali,Low,High,Synthetic; legitimate/non-scam,Redacted placeholder only,No real PII,False,Ready for human review,synthetic_generation,"Generated for legitimate/non-scam baseline in defensive phishing-detection research; no real phone numbers, account numbers, OTPs, PINs, or live URLs included.",BanglaPhish_Half2_H2D01-H2D10_Legitimate_v1.csv
H2D02_0097,BanglaPhish-2026,1.0,H2D02,Genuine Nagad Messages,Add Money Confirmation,অ্যাড মানি সফল হয়েছে। উৎস: [REDACTED_SOURCE]। রেফারেন্স: [TXN_ID]। প্রয়োজনে অনুমোদিত কাস্টমার কেয়ারে যোগাযোগ করুন।,legitimate,0,train,train,App Notification,,Informational / Transactional,,Nagad,Bangla,Bengali,Low,High,Synthetic; legitimate/non-scam,Redacted placeholder only,No real PII,False,Ready for human review,synthetic_generation,"Generated for legitimate/non-scam baseline in defensive phishing-detection research; no real phone numbers, account numbers, OTPs, PINs, or live URLs included.",BanglaPhish_Half2_H2D01-H2D10_Legitimate_v1.csv
H2D02_0099,BanglaPhish-2026,1.0,H2D02,Genuine Nagad Messages,Add Money Confirmation,অ্যাড মানি অনুরোধ সম্পন্ন হয়েছে। বিস্তারিত [OFFICIAL_APP] এ দেখুন। বিস্তারিত অফিসিয়াল অ্যাপ/পোর্টালে দেখা যাবে।,legitimate,0,train,train,Web Portal Notice,,Informational / Transactional,,Nagad,Bangla,Bengali,Low,High,Synthetic; legitimate/non-scam,Redacted placeholder only,No real PII,False,Ready for human review,synthetic_generation,"Generated for legitimate/non-scam baseline in defensive phishing-detection research; no real phone numbers, account numbers, OTPs, PINs, or live URLs included.",BanglaPhish_Half2_H2D01-H2D10_Legitimate_v1.csv
H2D04_0084,BanglaPhish-2026,1.0,H2D04,Utility Bill Notifications,Payment Confirmation,বিল পেমেন্ট নিশ্চিত হয়েছে। সময়: [DATE_TIME]। বিস্তারিত অফিসিয়াল অ্যাপ/পোর্টালে দেখা যাবে।,legitimate,0,train,train,Web Portal Notice,,Informational / Transactional,,Utility Provider,Bangla,Bengali,Low,High,Synthetic; legitimate/non-scam,Redacted placeholder only,No real PII,False,Ready for human review,synthetic_generation,"Generated for legitimate/non-scam baseline in defensive phishing-detection research; no real phone numbers, account numbers, OTPs, PINs, or live URLs included.",BanglaPhish_Half2_H2D01-H2D10_Legitimate_v1.csv
H2D04_0088,BanglaPhish-2026,1.0,H2D04,Utility Bill Notifications,Payment Confirmation,বিল পেমেন্ট নিশ্চিত হয়েছে। সময়: [DATE_TIME]। এই বার্তাটি শুধুমাত্র তথ্যের জন্য।,legitimate,0,train,train,Email,,Informational / Transactional,,Utility Provider,Bangla,Bengali,Low,High,Synthetic; legitimate/non-scam,Redacted placeholder only,No real PII,False,Ready for human review,synthetic_generation,"Generated for legitimate/non-scam baseline in defensive phishing-detection research; no real phone numbers, account numbers, OTPs, PINs, or live URLs included.",BanglaPhish_Half2_H2D01-H2D10_Legitimate_v1.csv
H2D04_0092,BanglaPhish-2026,1.0,H2D04,Utility Bill Notifications,Payment Confirmation,বিল পেমেন্ট নিশ্চিত হয়েছে। সময়: [DATE_TIME]। প্রয়োজনে অনুমোদিত কাস্টমার কেয়ারে যোগাযোগ করুন।,legitimate,0,train,train,App Notification,,Informational / Transactional,,Utility Provider,Bangla,Bengali,Low,High,Synthetic; legitimate/non-scam,Redacted placeholder only,No real PII,False,Ready for human review,synthetic_generation,"Generated for legitimate/non-scam baseline in defensive phishing-detection research; no real phone numbers, account numbers, OTPs, PINs, or live URLs included.",BanglaPhish_Half2_H2D01-H2D10_Legitimate_v1.csv
H2D04_0096,BanglaPhish-2026,1.0,H2D04,Utility Bill Notifications,Payment Confirmation,বিল পেমেন্ট নিশ্চিত হয়েছে। সময়: [DATE_TIME]। কোনো গোপন তথ্য শেয়ার করার প্রয়োজন নেই।,legitimate,0,train,train,SMS,,Informational / Transactional,,Utility Provider,Bangla,Bengali,Low,High,Synthetic; legitimate/non-scam,Redacted placeholder only,No real PII,False,Ready for human review,synthetic_generation,"Generated for legitimate/non-scam baseline in defensive phishing-detection research; no real phone numbers, account numbers, OTPs, PINs, or live URLs included.",BanglaPhish_Half2_H2D01-H2D10_Legitimate_v1.csv
H2D04_0100,BanglaPhish-2026,1.0,H2D04,Utility Bill Notifications,Payment Confirmation,বিল পেমেন্ট নিশ্চিত হয়েছে। সময়: [DATE_TIME]। এই নোটিফিকেশন স্বয়ংক্রিয়ভাবে পাঠানো হয়েছে।,legitimate,0,train,train,Push Notification,,Informational / Transactional,,Utility Provider,Bangla,Bengali,Low,High,Synthetic; legitimate/non-scam,Redacted placeholder only,No real PII,False,Ready for human review,synthetic_generation,"Generated for legitimate/non-scam baseline in defensive phishing-detection research; no real phone numbers, account numbers, OTPs, PINs, or live URLs included.",BanglaPhish_Half2_H2D01-H2D10_Legitimate_v1.csv
H2D08_0161,BanglaPhish-2026,1.0,H2D08,School/College Notices,Library Return,লাইব্রেরি বই ফেরতের শেষ তারিখ [DATE]। এই বার্তাটি শুধুমাত্র তথ্যের জন্য।,legitimate,0,validation,validation,SMS,,Informational / Transactional,,School/College,Bangla,Bengali,Low,High,Synthetic; legitimate/non-scam,Redacted placeholder only,No real PII,False,Ready for human review,synthetic_generation,"Generated for legitimate/non-scam baseline in defensive phishing-detection research; no real phone numbers, account numbers, OTPs, PINs, or live URLs included.",BanglaPhish_Half2_H2D01-H2D10_Legitimate_v1.csv
H2D08_0165,BanglaPhish-2026,1.0,H2D08,School/College Notices,Library Return,লাইব্রেরি বই ফেরতের শেষ তারিখ [DATE]। প্রয়োজনে অনুমোদিত কাস্টমার কেয়ারে যোগাযোগ করুন।,legitimate,0,validation,validation,Push Notification,,Informational / Transactional,,School/College,Bangla,Bengali,Low,High,Synthetic; legitimate/non-scam,Redacted placeholder only,No real PII,False,Ready for human review,synthetic_generation,"Generated for legitimate/non-scam baseline in defensive phishing-detection research; no real phone numbers, account numbers, OTPs, PINs, or live URLs included.",BanglaPhish_Half2_H2D01-H2D10_Legitimate_v1.csv
H2D08_0169,BanglaPhish-2026,1.0,H2D08,School/College Notices,Library Return,লাইব্রেরি বই ফেরতের শেষ তারিখ [DATE]। কোনো গোপন তথ্য শেয়ার করার প্রয়োজন নেই।,legitimate,0,validation,validation,Web Portal Notice,,Informational / Transactional,,School/College,Bangla,Bengali,Low,High,Synthetic; legitimate/non-scam,Redacted placeholder only,No real PII,False,Ready for human review,synthetic_generation,"Generated for legitimate/non-scam baseline in defensive phishing-detection research; no real phone numbers, account numbers, OTPs, PINs, or live URLs included.",BanglaPhish_Half2_H2D01-H2D10_Legitimate_v1.csv
H2D08_0173,BanglaPhish-2026,1.0,H2D08,School/College Notices,Library Return,লাইব্রেরি বই ফেরতের শেষ তারিখ [DATE]। এই নোটিফিকেশন স্বয়ংক্রিয়ভাবে পাঠানো হয়েছে।,legitimate,0,test,test,Email,,Informational / Transactional,,School/College,Bangla,Bengali,Low,High,Synthetic; legitimate/non-scam,Redacted placeholder only,No real PII,False,Ready for human review,synthetic_generation,"Generated for legitimate/non-scam baseline in defensive phishing-detection research; no real phone numbers, account numbers, OTPs, PINs, or live URLs included.",BanglaPhish_Half2_H2D01-H2D10_Legitimate_v1.csv
H2D08_0177,BanglaPhish-2026,1.0,H2D08,School/College Notices,Library Return,লাইব্রেরি বই ফেরতের শেষ তারিখ [DATE]। বিস্তারিত অফিসিয়াল অ্যাপ/পোর্টালে দেখা যাবে।,legitimate,0,test,test,App Notification,,Informational / Transactional,,School/College,Bangla,Bengali,Low,High,Synthetic; legitimate/non-scam,Redacted placeholder only,No real PII,False,Ready for human review,synthetic_generation,"Generated for legitimate/non-scam baseline in defensive phishing-detection research; no real phone numbers, account numbers, OTPs, PINs, or live URLs included.",BanglaPhish_Half2_H2D01-H2D10_Legitimate_v1.csv
H2D10_0183,BanglaPhish-2026,1.0,H2D10,Courier Tracking Messages,Customer Support Ticket,গ্রাহক অভিযোগ রেকর্ড হয়েছে। সময় [DATE_TIME]। এই বার্তাটি শুধুমাত্র তথ্যের জন্য।,legitimate,0,test,test,Email,,Informational / Transactional,,Courier Service,Bangla,Bengali,Low,High,Synthetic; legitimate/non-scam,Redacted placeholder only,No real PII,False,Ready for human review,synthetic_generation,"Generated for legitimate/non-scam baseline in defensive phishing-detection research; no real phone numbers, account numbers, OTPs, PINs, or live URLs included.",BanglaPhish_Half2_H2D01-H2D10_Legitimate_v1.csv
H2D10_0187,BanglaPhish-2026,1.0,H2D10,Courier Tracking Messages,Customer Support Ticket,গ্রাহক অভিযোগ রেকর্ড হয়েছে। সময় [DATE_TIME]। প্রয়োজনে অনুমোদিত কাস্টমার কেয়ারে যোগাযোগ করুন।,legitimate,0,test,test,App Notification,,Informational / Transactional,,Courier Service,Bangla,Bengali,Low,High,Synthetic; legitimate/non-scam,Redacted placeholder only,No real PII,False,Ready for human review,synthetic_generation,"Generated for legitimate/non-scam baseline in defensive phishing-detection research; no real phone numbers, account numbers, OTPs, PINs, or live URLs included.",BanglaPhish_Half2_H2D01-H2D10_Legitimate_v1.csv
H2D10_0191,BanglaPhish-2026,1.0,H2D10,Courier Tracking Messages,Customer Support Ticket,গ্রাহক অভিযোগ রেকর্ড হয়েছে। সময় [DATE_TIME]। কোনো গোপন তথ্য শেয়ার করার প্রয়োজন নেই।,legitimate,0,test,test,SMS,,Informational / Transactional,,Courier Service,Bangla,Bengali,Low,High,Synthetic; legitimate/non-scam,Redacted placeholder only,No real PII,False,Ready for human review,synthetic_generation,"Generated for legitimate/non-scam baseline in defensive phishing-detection research; no real phone numbers, account numbers, OTPs, PINs, or live URLs included.",BanglaPhish_Half2_H2D01-H2D10_Legitimate_v1.csv
H2D10_0195,BanglaPhish-2026,1.0,H2D10,Courier Tracking Messages,Customer Support Ticket,গ্রাহক অভিযোগ রেকর্ড হয়েছে। সময় [DATE_TIME]। এই নোটিফিকেশন স্বয়ংক্রিয়ভাবে পাঠানো হয়েছে।,legitimate,0,test,test,Push Notification,,Informational / Transactional,,Courier Service,Bangla,Bengali,Low,High,Synthetic; legitimate/non-scam,Redacted placeholder only,No real PII,False,Ready for human review,synthetic_generation,"Generated for legitimate/non-scam baseline in defensive phishing-detection research; no real phone numbers, account numbers, OTPs, PINs, or live URLs included.",BanglaPhish_Half2_H2D01-H2D10_Legitimate_v1.csv
H2D10_0199,BanglaPhish-2026,1.0,H2D10,Courier Tracking Messages,Customer Support Ticket,গ্রাহক অভিযোগ রেকর্ড হয়েছে। সময় [DATE_TIME]। বিস্তারিত অফিসিয়াল অ্যাপ/পোর্টালে দেখা যাবে।,legitimate,0,test,test,Web Portal Notice,,Informational / Transactional,,Courier Service,Bangla,Bengali,Low,High,Synthetic; legitimate/non-scam,Redacted placeholder only,No real PII,False,Ready for human review,synthetic_generation,"Generated for legitimate/non-scam baseline in defensive phishing-detection research; no real phone numbers, account numbers, OTPs, PINs, or live URLs included.",BanglaPhish_Half2_H2D01-H2D10_Legitimate_v1.csv
H2D11_0009,BanglaPhish-2026,1.0,H2D11,Healthcare/Hospital Notifications,Appointment Confirmation,আপনার হাসপাতাল বুকিং সফল হয়েছে। বিভাগ: শিশু; রেফারেন্স: [APPT_ID]। কোনো OTP/PIN শেয়ার করার প্রয়োজন নেই। এটি একটি স্বয়ংক্রিয় তথ্য বার্তা।,legitimate,0,train,train,SMS,,Informational / Service Notice,,Healthcare Provider,Bangla,Bengali,Low,High,Synthetic; non-deployable,Redacted placeholder only,Redacted,False,Ready for human review,synthetic_generation,"Generated for legitimate/non-scam baseline in defensive phishing-detection research; no real phone numbers, account numbers, OTPs, PINs, or live URLs included.",BanglaPhish_Half2_H2D11-H2D15_Legitimate_v1.csv
H2D11_0012,BanglaPhish-2026,1.0,H2D11,Healthcare/Hospital Notifications,Appointment Confirmation,আপনার হাসপাতাল বুকিং সফল হয়েছে। বিভাগ: শিশু; রেফারেন্স: [APPT_ID]। কোনো OTP/PIN শেয়ার করার প্রয়োজন নেই। ব্যক্তিগত তথ্য বা গোপন কোড শেয়ার করবেন না।,legitimate,0,train,train,Website Notice,,Informational / Service Notice,,Healthcare Provider,Bangla,Bengali,Low,High,Synthetic; non-deployable,Redacted placeholder only,Redacted,False,Ready for human review,synthetic_generation,"Generated for legitimate/non-scam baseline in defensive phishing-detection research; no real phone numbers, account numbers, OTPs, PINs, or live URLs included.",BanglaPhish_Half2_H2D11-H2D15_Legitimate_v1.csv
H2D11_0015,BanglaPhish-2026,1.0,H2D11,Healthcare/Hospital Notifications,Appointment Confirmation,আপনার হাসপাতাল বুকিং সফল হয়েছে। বিভাগ: শিশু; রেফারেন্স: [APPT_ID]। কোনো OTP/PIN শেয়ার করার প্রয়োজন নেই। এটি একটি স্বয়ংক্রিয় তথ্য বার্তা।,legitimate,0,train,train,Email,,Informational / Service Notice,,Healthcare Provider,Bangla,Bengali,Low,High,Synthetic; non-deployable,Redacted placeholder only,Redacted,False,Ready for human review,synthetic_generation,"Generated for legitimate/non-scam baseline in defensive phishing-detection research; no real phone numbers, account numbers, OTPs, PINs, or live URLs included.",BanglaPhish_Half2_H2D11-H2D15_Legitimate_v1.csv
H2D11_0018,BanglaPhish-2026,1.0,H2D11,Healthcare/Hospital Notifications,Appointment Confirmation,আপনার হাসপাতাল বুকিং সফল হয়েছে। বিভাগ: শিশু; রেফারেন্স: [APPT_ID]। কোনো OTP/PIN শেয়ার করার প্রয়োজন নেই। ব্যক্তিগত তথ্য বা গোপন কোড শেয়ার করবেন না।,legitimate,0,train,train,App Notification,,Informational / Service Notice,,Healthcare Provider,Bangla,Bengali,Low,High,Synthetic; non-deployable,Redacted placeholder only,Redacted,False,Ready for human review,synthetic_generation,"Generated for legitimate/non-scam baseline in defensive phishing-detection research; no real phone numbers, account numbers, OTPs, PINs, or live URLs included.",BanglaPhish_Half2_H2D11-H2D15_Legitimate_v1.csv
H2D11_0029,BanglaPhish-2026,1.0,H2D11,Healthcare/Hospital Notifications,Report Ready Notice,আপনার পরীক্ষার রিপোর্ট প্রস্তুত হয়েছে। রিপোর্ট আইডি: [REPORT_ID]। অফিসিয়াল পোর্টালে লগইন করে দেখুন। এটি একটি স্বয়ংক্রিয় তথ্য বার্তা।,legitimate,0,train,train,SMS,,Informational / Service Notice,,Healthcare Provider,Bangla,Bengali,Low,High,Synthetic; non-deployable,Redacted placeholder only,Redacted,False,Ready for human review,synthetic_generation,"Generated for legitimate/non-scam baseline in defensive phishing-detection research; no real phone numbers, account numbers, OTPs, PINs, or live URLs included.",BanglaPhish_Half2_H2D11-H2D15_Legitimate_v1.csv
H2D11_0032,BanglaPhish-2026,1.0,H2D11,Healthcare/Hospital Notifications,Report Ready Notice,আপনার পরীক্ষার রিপোর্ট প্রস্তুত হয়েছে। রিপোর্ট আইডি: [REPORT_ID]। অফিসিয়াল পোর্টালে লগইন করে দেখুন। ব্যক্তিগত তথ্য বা গোপন কোড শেয়ার করবেন না।,legitimate,0,train,train,Website Notice,,Informational / Service Notice,,Healthcare Provider,Bangla,Bengali,Low,High,Synthetic; non-deployable,Redacted placeholder only,Redacted,False,Ready for human review,synthetic_generation,"Generated for legitimate/non-scam baseline in defensive phishing-detection research; no real phone numbers, account numbers, OTPs, PINs, or live URLs included.",BanglaPhish_Half2_H2D11-H2D15_Legitimate_v1.csv
H2D11_0035,BanglaPhish-2026,1.0,H2D11,Healthcare/Hospital Notifications,Report Ready Notice,আপনার পরীক্ষার রিপোর্ট প্রস্তুত হয়েছে। রিপোর্ট আইডি: [REPORT_ID]। অফিসিয়াল পোর্টালে লগইন করে দেখুন। এটি একটি স্বয়ংক্রিয় তথ্য বার্তা।,legitimate,0,train,train,Email,,Informational / Service Notice,,Healthcare Provider,Bangla,Bengali,Low,High,Synthetic; non-deployable,Redacted placeholder only,Redacted,False,Ready for human review,synthetic_generation,"Generated for legitimate/non-scam baseline in defensive phishing-detection research; no real phone numbers, account numbers, OTPs, PINs, or live URLs included.",BanglaPhish_Half2_H2D11-H2D15_Legitimate_v1.csv
H2D11_0038,BanglaPhish-2026,1.0,H2D11,Healthcare/Hospital Notifications,Report Ready Notice,আপনার পরীক্ষার রিপোর্ট প্রস্তুত হয়েছে। রিপোর্ট আইডি: [REPORT_ID]। অফিসিয়াল পোর্টালে লগইন করে দেখুন। ব্যক্তিগত তথ্য বা গোপন কোড শেয়ার করবেন না।,legitimate,0,train,train,App Notification,,Informational / Service Notice,,Healthcare Provider,Bangla,Bengali,Low,High,Synthetic; non-deployable,Redacted placeholder only,Redacted,False,Ready for human review,synthetic_generation,"Generated for legitimate/non-scam baseline in defensive phishing-detection research; no real phone numbers, account numbers, OTPs, PINs, or live URLs included.",BanglaPhish_Half2_H2D11-H2D15_Legitimate_v1.csv
H2D11_0047,BanglaPhish-2026,1.0,H2D11,Healthcare/Hospital Notifications,Payment Receipt,[DIAGNOSTIC_CENTER]: আপনার বিল পেমেন্ট সফল হয়েছে। রসিদ নম্বর [RECEIPT_ID]। বিস্তারিত অফিসিয়াল রসিদে সংরক্ষিত আছে। এটি একটি স্বয়ংক্রিয় তথ্য বার্তা।,legitimate,0,train,train,Email,,Informational / Service Notice,,Healthcare Provider,Bangla,Bengali,Low,High,Synthetic; non-deployable,Redacted placeholder only,Redacted,False,Ready for human review,synthetic_generation,"Generated for legitimate/non-scam baseline in defensive phishing-detection research; no real phone numbers, account numbers, OTPs, PINs, or live URLs included.",BanglaPhish_Half2_H2D11-H2D15_Legitimate_v1.csv
H2D11_0048,BanglaPhish-2026,1.0,H2D11,Healthcare/Hospital Notifications,Payment Receipt,হাসপাতাল বিল পরিশোধ সম্পন্ন হয়েছে। পরিমাণ: [AMOUNT] টাকা। রেফারেন্স: [TXN_ID]। ব্যক্তিগত তথ্য বা গোপন কোড শেয়ার করবেন না।,legitimate,0,train,train,Website Notice,,Informational / Service Notice,,Healthcare Provider,Bangla,Bengali,Low,High,Synthetic; non-deployable,Redacted placeholder only,Redacted,False,Ready for human review,synthetic_generation,"Generated for legitimate/non-scam baseline in defensive phishing-detection research; no real phone numbers, account numbers, OTPs, PINs, or live URLs included.",BanglaPhish_Half2_H2D11-H2D15_Legitimate_v1.csv
H2D11_0049,BanglaPhish-2026,1.0,H2D11,Healthcare/Hospital Notifications,Payment Receipt,আপনার স্বাস্থ্যসেবা পেমেন্ট গ্রহণ করা হয়েছে। রসিদ: [RECEIPT_ID]। এটি একটি স্বয়ংক্রিয় নোটিফিকেশন। এটি একটি স্বয়ংক্রিয় তথ্য বার্তা।,legitimate,0,train,train,SMS,,Informational / Service Notice,,Healthcare Provider,Bangla,Bengali,Low,High,Synthetic; non-deployable,Redacted placeholder only,Redacted,False,Ready for human review,synthetic_generation,"Generated for legitimate/non-scam baseline in defensive phishing-detection research; no real phone numbers, account numbers, OTPs, PINs, or live URLs included.",BanglaPhish_Half2_H2D11-H2D15_Legitimate_v1.csv
H2D11_0050,BanglaPhish-2026,1.0,H2D11,Healthcare/Hospital Notifications,Payment Receipt,[DIAGNOSTIC_CENTER]: আপনার বিল পেমেন্ট সফল হয়েছে। রসিদ নম্বর [RECEIPT_ID]। বিস্তারিত অফিসিয়াল রসিদে সংরক্ষিত আছে। ব্যক্তিগত তথ্য বা গোপন কোড শেয়ার করবেন না।,legitimate,0,train,train,App Notification,,Informational / Service Notice,,Healthcare Provider,Bangla,Bengali,Low,High,Synthetic; non-deployable,Redacted placeholder only,Redacted,False,Ready for human review,synthetic_generation,"Generated for legitimate/non-scam baseline in defensive phishing-detection research; no real phone numbers, account numbers, OTPs, PINs, or live URLs included.",BanglaPhish_Half2_H2D11-H2D15_Legitimate_v1.csv
H2D11_0051,BanglaPhish-2026,1.0,H2D11,Healthcare/Hospital Notifications,Payment Receipt,হাসপাতাল বিল পরিশোধ সম্পন্ন হয়েছে। পরিমাণ: [AMOUNT] টাকা। রেফারেন্স: [TXN_ID]। এটি একটি স্বয়ংক্রিয় তথ্য বার্তা।,legitimate,0,train,train,Email,,Informational / Service Notice,,Healthcare Provider,Bangla,Bengali,Low,High,Synthetic; non-deployable,Redacted placeholder only,Redacted,False,Ready for human review,synthetic_generation,"Generated for legitimate/non-scam baseline in defensive phishing-detection research; no real phone numbers, account numbers, OTPs, PINs, or live URLs included.",BanglaPhish_Half2_H2D11-H2D15_Legitimate_v1.csv
H2D11_0052,BanglaPhish-2026,1.0,H2D11,Healthcare/Hospital Notifications,Payment Receipt,আপনার স্বাস্থ্যসেবা পেমেন্ট গ্রহণ করা হয়েছে। রসিদ: [RECEIPT_ID]। এটি একটি স্বয়ংক্রিয় নোটিফিকেশন। ব্যক্তিগত তথ্য বা গোপন কোড শেয়ার করবেন না।,legitimate,0,train,train,Website Notice,,Informational / Service Notice,,Healthcare Provider,Bangla,Bengali,Low,High,Synthetic; non-deployable,Redacted placeholder only,Redacted,False,Ready for human review,synthetic_generation,"Generated for legitimate/non-scam baseline in defensive phishing-detection research; no real phone numbers, account numbers, OTPs, PINs, or live URLs included.",BanglaPhish_Half2_H2D11-H2D15_Legitimate_v1.csv
H2D11_0053,BanglaPhish-2026,1.0,H2D11,Healthcare/Hospital Notifications,Payment Receipt,[DIAGNOSTIC_CENTER]: আপনার বিল পেমেন্ট সফল হয়েছে। রসিদ নম্বর [RECEIPT_ID]। বিস্তারিত অফিসিয়াল রসিদে সংরক্ষিত আছে। এটি একটি স্বয়ংক্রিয় তথ্য বার্তা।,legitimate,0,train,train,SMS,,Informational / Service Notice,,Healthcare Provider,Bangla,Bengali,Low,High,Synthetic; non-deployable,Redacted placeholder only,Redacted,False,Ready for human review,synthetic_generation,"Generated for legitimate/non-scam baseline in defensive phishing-detection research; no real phone numbers, account numbers, OTPs, PINs, or live URLs included.",BanglaPhish_Half2_H2D11-H2D15_Legitimate_v1.csv
H2D11_0054,BanglaPhish-2026,1.0,H2D11,Healthcare/Hospital Notifications,Payment Receipt,হাসপাতাল বিল পরিশোধ সম্পন্ন হয়েছে। পরিমাণ: [AMOUNT] টাকা। রেফারেন্স: [TXN_ID]। ব্যক্তিগত তথ্য বা গোপন কোড শেয়ার করবেন না।,legitimate,0,train,train,App Notification,,Informational / Service Notice,,Healthcare Provider,Bangla,Bengali,Low,High,Synthetic; non-deployable,Redacted placeholder only,Redacted,False,Ready for human review,synthetic_generation,"Generated for legitimate/non-scam baseline in defensive phishing-detection research; no real phone numbers, account numbers, OTPs, PINs, or live URLs included.",BanglaPhish_Half2_H2D11-H2D15_Legitimate_v1.csv
H2D11_0055,BanglaPhish-2026,1.0,H2D11,Healthcare/Hospital Notifications,Payment Receipt,আপনার স্বাস্থ্যসেবা পেমেন্ট গ্রহণ করা হয়েছে। রসিদ: [RECEIPT_ID]। এটি একটি স্বয়ংক্রিয় নোটিফিকেশন। এটি একটি স্বয়ংক্রিয় তথ্য বার্তা।,legitimate,0,train,train,Email,,Informational / Service Notice,,Healthcare Provider,Bangla,Bengali,Low,High,Synthetic; non-deployable,Redacted placeholder only,Redacted,False,Ready for human review,synthetic_generation,"Generated for legitimate/non-scam baseline in defensive phishing-detection research; no real phone numbers, account numbers, OTPs, PINs, or live URLs included.",BanglaPhish_Half2_H2D11-H2D15_Legitimate_v1.csv
H2D11_0056,BanglaPhish-2026,1.0,H2D11,Healthcare/Hospital Notifications,Payment Receipt,[DIAGNOSTIC_CENTER]: আপনার বিল পেমেন্ট সফল হয়েছে। রসিদ নম্বর [RECEIPT_ID]। বিস্তারিত অফিসিয়াল রসিদে সংরক্ষিত আছে। ব্যক্তিগত তথ্য বা গোপন কোড শেয়ার করবেন না।,legitimate,0,train,train,Website Notice,,Informational / Service Notice,,Healthcare Provider,Bangla,Bengali,Low,High,Synthetic; non-deployable,Redacted placeholder only,Redacted,False,Ready for human review,synthetic_generation,"Generated for legitimate/non-scam baseline in defensive phishing-detection research; no real phone numbers, account numbers, OTPs, PINs, or live URLs included.",BanglaPhish_Half2_H2D11-H2D15_Legitimate_v1.csv
H2D11_0057,BanglaPhish-2026,1.0,H2D11,Healthcare/Hospital Notifications,Payment Receipt,হাসপাতাল বিল পরিশোধ সম্পন্ন হয়েছে। পরিমাণ: [AMOUNT] টাকা। রেফারেন্স: [TXN_ID]। এটি একটি স্বয়ংক্রিয় তথ্য বার্তা।,legitimate,0,train,train,SMS,,Informational / Service Notice,,Healthcare Provider,Bangla,Bengali,Low,High,Synthetic; non-deployable,Redacted placeholder only,Redacted,False,Ready for human review,synthetic_generation,"Generated for legitimate/non-scam baseline in defensive phishing-detection research; no real phone numbers, account numbers, OTPs, PINs, or live URLs included.",BanglaPhish_Half2_H2D11-H2D15_Legitimate_v1.csv
H2D11_0058,BanglaPhish-2026,1.0,H2D11,Healthcare/Hospital Notifications,Payment Receipt,আপনার স্বাস্থ্যসেবা পেমেন্ট গ্রহণ করা হয়েছে। রসিদ: [RECEIPT_ID]। এটি একটি স্বয়ংক্রিয় নোটিফিকেশন। ব্যক্তিগত তথ্য বা গোপন কোড শেয়ার করবেন না।,legitimate,0,train,train,App Notification,,Informational / Service Notice,,Healthcare Provider,Bangla,Bengali,Low,High,Synthetic; non-deployable,Redacted placeholder only,Redacted,False,Ready for human review,synthetic_generation,"Generated for legitimate/non-scam baseline in defensive phishing-detection research; no real phone numbers, account numbers, OTPs, PINs, or live URLs included.",BanglaPhish_Half2_H2D11-H2D15_Legitimate_v1.csv
H2D11_0059,BanglaPhish-2026,1.0,H2D11,Healthcare/Hospital Notifications,Payment Receipt,[DIAGNOSTIC_CENTER]: আপনার বিল পেমেন্ট সফল হয়েছে। রসিদ নম্বর [RECEIPT_ID]। বিস্তারিত অফিসিয়াল রসিদে সংরক্ষিত আছে। এটি একটি স্বয়ংক্রিয় তথ্য বার্তা।,legitimate,0,train,train,Email,,Informational / Service Notice,,Healthcare Provider,Bangla,Bengali,Low,High,Synthetic; non-deployable,Redacted placeholder only,Redacted,False,Ready for human review,synthetic_generation,"Generated for legitimate/non-scam baseline in defensive phishing-detection research; no real phone numbers, account numbers, OTPs, PINs, or live URLs included.",BanglaPhish_Half2_H2D11-H2D15_Legitimate_v1.csv
H2D11_0060,BanglaPhish-2026,1.0,H2D11,Healthcare/Hospital Notifications,Payment Receipt,হাসপাতাল বিল পরিশোধ সম্পন্ন হয়েছে। পরিমাণ: [AMOUNT] টাকা। রেফারেন্স: [TXN_ID]। ব্যক্তিগত তথ্য বা গোপন কোড শেয়ার করবেন না।,legitimate,0,train,train,Website Notice,,Informational / Service Notice,,Healthcare Provider,Bangla,Bengali,Low,High,Synthetic; non-deployable,Redacted placeholder only,Redacted,False,Ready for human review,synthetic_generation,"Generated for legitimate/non-scam baseline in defensive phishing-detection research; no real phone numbers, account numbers, OTPs, PINs, or live URLs included.",BanglaPhish_Half2_H2D11-H2D15_Legitimate_v1.csv
H2D11_0087,BanglaPhish-2026,1.0,H2D11,Healthcare/Hospital Notifications,Medicine Refill Reminder,আপনার প্রেসক্রিপশন অনুযায়ী নিয়মিত ওষুধ রিফিলের সময় হয়েছে। প্রয়োজনে চিকিৎসকের পরামর্শ নিন। এটি একটি স্বয়ংক্রিয় তথ্য বার্তা।,legitimate,0,train,train,Email,,Informational / Service Notice,,Healthcare Provider,Bangla,Bengali,Low,High,Synthetic; non-deployable,Redacted placeholder only,Redacted,False,Ready for human review,synthetic_generation,"Generated for legitimate/non-scam baseline in defensive phishing-detection research; no real phone numbers, account numbers, OTPs, PINs, or live URLs included.",BanglaPhish_Half2_H2D11-H2D15_Legitimate_v1.csv
H2D11_0088,BanglaPhish-2026,1.0,H2D11,Healthcare/Hospital Notifications,Medicine Refill Reminder,[DIAGNOSTIC_CENTER]: নিয়মিত ওষুধ গ্রহণের স্মরণিকা। প্রেসক্রিপশন পরিবর্তনের জন্য চিকিৎসকের সাথে যোগাযোগ করুন। ব্যক্তিগত তথ্য বা গোপন কোড শেয়ার করবেন না।,legitimate,0,train,train,Website Notice,,Informational / Service Notice,,Healthcare Provider,Bangla,Bengali,Low,High,Synthetic; non-deployable,Redacted placeholder only,Redacted,False,Ready for human review,synthetic_generation,"Generated for legitimate/non-scam baseline in defensive phishing-detection research; no real phone numbers, account numbers, OTPs, PINs, or live URLs included.",BanglaPhish_Half2_H2D11-H2D15_Legitimate_v1.csv
H2D11_0089,BanglaPhish-2026,1.0,H2D11,Healthcare/Hospital Notifications,Medicine Refill Reminder,ওষুধ রিফিল নোটিস: প্রেসক্রিপশন ওষুধ। অফিসিয়াল ফার্মেসি কাউন্টার থেকে তথ্য যাচাই করুন। এটি একটি স্বয়ংক্রিয় তথ্য বার্তা।,legitimate,0,train,train,SMS,,Informational / Service Notice,,Healthcare Provider,Bangla,Bengali,Low,High,Synthetic; non-deployable,Redacted placeholder only,Redacted,False,Ready for human review,synthetic_generation,"Generated for legitimate/non-scam baseline in defensive phishing-detection research; no real phone numbers, account numbers, OTPs, PINs, or live URLs included.",BanglaPhish_Half2_H2D11-H2D15_Legitimate_v1.csv
H2D11_0090,BanglaPhish-2026,1.0,H2D11,Healthcare/Hospital Notifications,Medicine Refill Reminder,আপনার প্রেসক্রিপশন অনুযায়ী নিয়মিত ওষুধ রিফিলের সময় হয়েছে। প্রয়োজনে চিকিৎসকের পরামর্শ নিন। ব্যক্তিগত তথ্য বা গোপন কোড শেয়ার করবেন না।,legitimate,0,train,train,App Notification,,Informational / Service Notice,,Healthcare Provider,Bangla,Bengali,Low,High,Synthetic; non-deployable,Redacted placeholder only,Redacted,False,Ready for human review,synthetic_generation,"Generated for legitimate/non-scam baseline in defensive phishing-detection research; no real phone numbers, account numbers, OTPs, PINs, or live URLs included.",BanglaPhish_Half2_H2D11-H2D15_Legitimate_v1.csv
H2D11_0091,BanglaPhish-2026,1.0,H2D11,Healthcare/Hospital Notifications,Medicine Refill Reminder,[DIAGNOSTIC_CENTER]: নিয়মিত ওষুধ গ্রহণের স্মরণিকা। প্রেসক্রিপশন পরিবর্তনের জন্য চিকিৎসকের সাথে যোগাযোগ করুন। এটি একটি স্বয়ংক্রিয় তথ্য বার্তা।,legitimate,0,train,train,Email,,Informational / Service Notice,,Healthcare Provider,Bangla,Bengali,Low,High,Synthetic; non-deployable,Redacted placeholder only,Redacted,False,Ready for human review,synthetic_generation,"Generated for legitimate/non-scam baseline in defensive phishing-detection research; no real phone numbers, account numbers, OTPs, PINs, or live URLs included.",BanglaPhish_Half2_H2D11-H2D15_Legitimate_v1.csv
H2D11_0092,BanglaPhish-2026,1.0,H2D11,Healthcare/Hospital Notifications,Medicine Refill Reminder,ওষুধ রিফিল নোটিস: প্রেসক্রিপশন ওষুধ। অফিসিয়াল ফার্মেসি কাউন্টার থেকে তথ্য যাচাই করুন। ব্যক্তিগত তথ্য বা গোপন কোড শেয়ার করবেন না।,legitimate,0,train,train,Website Notice,,Informational / Service Notice,,Healthcare Provider,Bangla,Bengali,Low,High,Synthetic; non-deployable,Redacted placeholder only,Redacted,False,Ready for human review,synthetic_generation,"Generated for legitimate/non-scam baseline in defensive phishing-detection research; no real phone numbers, account numbers, OTPs, PINs, or live URLs included.",BanglaPhish_Half2_H2D11-H2D15_Legitimate_v1.csv
H2D11_0093,BanglaPhish-2026,1.0,H2D11,Healthcare/Hospital Notifications,Medicine Refill Reminder,আপনার প্রেসক্রিপশন অনুযায়ী নিয়মিত ওষুধ রিফিলের সময় হয়েছে। প্রয়োজনে চিকিৎসকের পরামর্শ নিন। এটি একটি স্বয়ংক্রিয় তথ্য বার্তা।,legitimate,0,train,train,SMS,,Informational / Service Notice,,Healthcare Provider,Bangla,Bengali,Low,High,Synthetic; non-deployable,Redacted placeholder only,Redacted,False,Ready for human review,synthetic_generation,"Generated for legitimate/non-scam baseline in defensive phishing-detection research; no real phone numbers, account numbers, OTPs, PINs, or live URLs included.",BanglaPhish_Half2_H2D11-H2D15_Legitimate_v1.csv
H2D11_0094,BanglaPhish-2026,1.0,H2D11,Healthcare/Hospital Notifications,Medicine Refill Reminder,[DIAGNOSTIC_CENTER]: নিয়মিত ওষুধ গ্রহণের স্মরণিকা। প্রেসক্রিপশন পরিবর্তনের জন্য চিকিৎসকের সাথে যোগাযোগ করুন। ব্যক্তিগত তথ্য বা গোপন কোড শেয়ার করবেন না।,legitimate,0,train,train,App Notification,,Informational / Service Notice,,Healthcare Provider,Bangla,Bengali,Low,High,Synthetic; non-deployable,Redacted placeholder only,Redacted,False,Ready for human review,synthetic_generation,"Generated for legitimate/non-scam baseline in defensive phishing-detection research; no real phone numbers, account numbers, OTPs, PINs, or live URLs included.",BanglaPhish_Half2_H2D11-H2D15_Legitimate_v1.csv
H2D11_0095,BanglaPhish-2026,1.0,H2D11,Healthcare/Hospital Notifications,Medicine Refill Reminder,ওষুধ রিফিল নোটিস: প্রেসক্রিপশন ওষুধ। অফিসিয়াল ফার্মেসি কাউন্টার থেকে তথ্য যাচাই করুন। এটি একটি স্বয়ংক্রিয় তথ্য বার্তা।,legitimate,0,train,train,Email,,Informational / Service Notice,,Healthcare Provider,Bangla,Bengali,Low,High,Synthetic; non-deployable,Redacted placeholder only,Redacted,False,Ready for human review,synthetic_generation,"Generated for legitimate/non-scam baseline in defensive phishing-detection research; no real phone numbers, account numbers, OTPs, PINs, or live URLs included.",BanglaPhish_Half2_H2D11-H2D15_Legitimate_v1.csv
H2D11_0096,BanglaPhish-2026,1.0,H2D11,Healthcare/Hospital Notifications,Medicine Refill Reminder,আপনার প্রেসক্রিপশন অনুযায়ী নিয়মিত ওষুধ রিফিলের সময় হয়েছে। প্রয়োজনে চিকিৎসকের পরামর্শ নিন। ব্যক্তিগত তথ্য বা গোপন কোড শেয়ার করবেন না।,legitimate,0,train,train,Website Notice,,Informational / Service Notice,,Healthcare Provider,Bangla,Bengali,Low,High,Synthetic; non-deployable,Redacted placeholder only,Redacted,False,Ready for human review,synthetic_generation,"Generated for legitimate/non-scam baseline in defensive phishing-detection research; no real phone numbers, account numbers, OTPs, PINs, or live URLs included.",BanglaPhish_Half2_H2D11-H2D15_Legitimate_v1.csv
H2D11_0097,BanglaPhish-2026,1.0,H2D11,Healthcare/Hospital Notifications,Medicine Refill Reminder,[DIAGNOSTIC_CENTER]: নিয়মিত ওষুধ গ্রহণের স্মরণিকা। প্রেসক্রিপশন পরিবর্তনের জন্য চিকিৎসকের সাথে যোগাযোগ করুন। এটি একটি স্বয়ংক্রিয় তথ্য বার্তা।,legitimate,0,train,train,SMS,,Informational / Service Notice,,Healthcare Provider,Bangla,Bengali,Low,High,Synthetic; non-deployable,Redacted placeholder only,Redacted,False,Ready for human review,synthetic_generation,"Generated for legitimate/non-scam baseline in defensive phishing-detection research; no real phone numbers, account numbers, OTPs, PINs, or live URLs included.",BanglaPhish_Half2_H2D11-H2D15_Legitimate_v1.csv
H2D11_0098,BanglaPhish-2026,1.0,H2D11,Healthcare/Hospital Notifications,Medicine Refill Reminder,ওষুধ রিফিল নোটিস: প্রেসক্রিপশন ওষুধ। অফিসিয়াল ফার্মেসি কাউন্টার থেকে তথ্য যাচাই করুন। ব্যক্তিগত তথ্য বা গোপন কোড শেয়ার করবেন না।,legitimate,0,train,train,App Notification,,Informational / Service Notice,,Healthcare Provider,Bangla,Bengali,Low,High,Synthetic; non-deployable,Redacted placeholder only,Redacted,False,Ready for human review,synthetic_generation,"Generated for legitimate/non-scam baseline in defensive phishing-detection research; no real phone numbers, account numbers, OTPs, PINs, or live URLs included.",BanglaPhish_Half2_H2D11-H2D15_Legitimate_v1.csv
H2D11_0099,BanglaPhish-2026,1.0,H2D11,Healthcare/Hospital Notifications,Medicine Refill Reminder,আপনার প্রেসক্রিপশন অনুযায়ী নিয়মিত ওষুধ রিফিলের সময় হয়েছে। প্রয়োজনে চিকিৎসকের পরামর্শ নিন। এটি একটি স্বয়ংক্রিয় তথ্য বার্তা।,legitimate,0,train,train,Email,,Informational / Service Notice,,Healthcare Provider,Bangla,Bengali,Low,High,Synthetic; non-deployable,Redacted placeholder only,Redacted,False,Ready for human review,synthetic_generation,"Generated for legitimate/non-scam baseline in defensive phishing-detection research; no real phone numbers, account numbers, OTPs, PINs, or live URLs included.",BanglaPhish_Half2_H2D11-H2D15_Legitimate_v1.csv
H2D11_0100,BanglaPhish-2026,1.0,H2D11,Healthcare/Hospital Notifications,Medicine Refill Reminder,[DIAGNOSTIC_CENTER]: নিয়মিত ওষুধ গ্রহণের স্মরণিকা। প্রেসক্রিপশন পরিবর্তনের জন্য চিকিৎসকের সাথে যোগাযোগ করুন। ব্যক্তিগত তথ্য বা গোপন কোড শেয়ার করবেন না।,legitimate,0,train,train,Website Notice,,Informational / Service Notice,,Healthcare Provider,Bangla,Bengali,Low,High,Synthetic; non-deployable,Redacted placeholder only,Redacted,False,Ready for human review,synthetic_generation,"Generated for legitimate/non-scam baseline in defensive phishing-detection research; no real phone numbers, account numbers, OTPs, PINs, or live URLs included.",BanglaPhish_Half2_H2D11-H2D15_Legitimate_v1.csv
H2D11_0107,BanglaPhish-2026,1.0,H2D11,Healthcare/Hospital Notifications,Doctor Schedule Update,[SPECIALIST_NAME] এর চেম্বার সময়সূচি আপডেট হয়েছে। নতুন সময়: [TIME_SLOT_02]। বিস্তারিত [OFFICIAL_PORTAL] এ দেখুন। এটি একটি স্বয়ংক্রিয় তথ্য বার্তা।,legitimate,0,train,train,Email,,Informational / Service Notice,,Healthcare Provider,Bangla,Bengali,Low,High,Synthetic; non-deployable,Redacted placeholder only,Redacted,False,Ready for human review,synthetic_generation,"Generated for legitimate/non-scam baseline in defensive phishing-detection research; no real phone numbers, account numbers, OTPs, PINs, or live URLs included.",BanglaPhish_Half2_H2D11-H2D15_Legitimate_v1.csv
H2D11_0108,BanglaPhish-2026,1.0,H2D11,Healthcare/Hospital Notifications,Doctor Schedule Update,[CLINIC_NAME]: কার্ডিওলজি বিভাগের ডাক্তার শিডিউল পরিবর্তন হয়েছে। বুকিং রেফারেন্স [APPT_ID] অপরিবর্তিত আছে। ব্যক্তিগত তথ্য বা গোপন কোড শেয়ার করবেন না।,legitimate,0,train,train,Website Notice,,Informational / Service Notice,,Healthcare Provider,Bangla,Bengali,Low,High,Synthetic; non-deployable,Redacted placeholder only,Redacted,False,Ready for human review,synthetic_generation,"Generated for legitimate/non-scam baseline in defensive phishing-detection research; no real phone numbers, account numbers, OTPs, PINs, or live URLs included.",BanglaPhish_Half2_H2D11-H2D15_Legitimate_v1.csv
H2D11_0110,BanglaPhish-2026,1.0,H2D11,Healthcare/Hospital Notifications,Doctor Schedule Update,[SPECIALIST_NAME] এর চেম্বার সময়সূচি আপডেট হয়েছে। নতুন সময়: [TIME_SLOT_04]। বিস্তারিত [OFFICIAL_PORTAL] এ দেখুন। ব্যক্তিগত তথ্য বা গোপন কোড শেয়ার করবেন না।,legitimate,0,train,train,App Notification,,Informational / Service Notice,,Healthcare Provider,Bangla,Bengali,Low,High,Synthetic; non-deployable,Redacted placeholder only,Redacted,False,Ready for human review,synthetic_generation,"Generated for legitimate/non-scam baseline in defensive phishing-detection research; no real phone numbers, account numbers, OTPs, PINs, or live URLs included.",BanglaPhish_Half2_H2D11-H2D15_Legitimate_v1.csv
H2D11_0111,BanglaPhish-2026,1.0,H2D11,Healthcare/Hospital Notifications,Doctor Schedule Update,[CLINIC_NAME]: কার্ডিওলজি বিভাগের ডাক্তার শিডিউল পরিবর্তন হয়েছে। বুকিং রেফারেন্স [APPT_ID] অপরিবর্তিত আছে। এটি একটি স্বয়ংক্রিয় তথ্য বার্তা।,legitimate,0,train,train,Email,,Informational / Service Notice,,Healthcare Provider,Bangla,Bengali,Low,High,Synthetic; non-deployable,Redacted placeholder only,Redacted,False,Ready for human review,synthetic_generation,"Generated for legitimate/non-scam baseline in defensive phishing-detection research; no real phone numbers, account numbers, OTPs, PINs, or live URLs included.",BanglaPhish_Half2_H2D11-H2D15_Legitimate_v1.csv
H2D11_0113,BanglaPhish-2026,1.0,H2D11,Healthcare/Hospital Notifications,Doctor Schedule Update,[SPECIALIST_NAME] এর চেম্বার সময়সূচি আপডেট হয়েছে। নতুন সময়: [TIME_SLOT_02]। বিস্তারিত [OFFICIAL_PORTAL] এ দেখুন। এটি একটি স্বয়ংক্রিয় তথ্য বার্তা।,legitimate,0,train,train,SMS,,Informational / Service Notice,,Healthcare Provider,Bangla,Bengali,Low,High,Synthetic; non-deployable,Redacted placeholder only,Redacted,False,Ready for human review,synthetic_generation,"Generated for legitimate/non-scam baseline in defensive phishing-detection research; no real phone numbers, account numbers, OTPs, PINs, or live URLs included.",BanglaPhish_Half2_H2D11-H2D15_Legitimate_v1.csv
H2D11_0114,BanglaPhish-2026,1.0,H2D11,Healthcare/Hospital Notifications,Doctor Schedule Update,[CLINIC_NAME]: কার্ডিওলজি বিভাগের ডাক্তার শিডিউল পরিবর্তন হয়েছে। বুকিং রেফারেন্স [APPT_ID] অপরিবর্তিত আছে। ব্যক্তিগত তথ্য বা গোপন কোড শেয়ার করবেন না।,legitimate,0,train,train,App Notification,,Informational / Service Notice,,Healthcare Provider,Bangla,Bengali,Low,High,Synthetic; non-deployable,Redacted placeholder only,Redacted,False,Ready for human review,synthetic_generation,"Generated for legitimate/non-scam baseline in defensive phishing-detection research; no real phone numbers, account numbers, OTPs, PINs, or live URLs included.",BanglaPhish_Half2_H2D11-H2D15_Legitimate_v1.csv
H2D11_0116,BanglaPhish-2026,1.0,H2D11,Healthcare/Hospital Notifications,Doctor Schedule Update,[SPECIALIST_NAME] এর চেম্বার সময়সূচি আপডেট হয়েছে। নতুন সময়: [TIME_SLOT_04]। বিস্তারিত [OFFICIAL_PORTAL] এ দেখুন। ব্যক্তিগত তথ্য বা গোপন কোড শেয়ার করবেন না।,legitimate,0,train,train,Website Notice,,Informational / Service Notice,,Healthcare Provider,Bangla,Bengali,Low,High,Synthetic; non-deployable,Redacted placeholder only,Redacted,False,Ready for human review,synthetic_generation,"Generated for legitimate/non-scam baseline in defensive phishing-detection research; no real phone numbers, account numbers, OTPs, PINs, or live URLs included.",BanglaPhish_Half2_H2D11-H2D15_Legitimate_v1.csv
H2D11_0117,BanglaPhish-2026,1.0,H2D11,Healthcare/Hospital Notifications,Doctor Schedule Update,[CLINIC_NAME]: কার্ডিওলজি বিভাগের ডাক্তার শিডিউল পরিবর্তন হয়েছে। বুকিং রেফারেন্স [APPT_ID] অপরিবর্তিত আছে। এটি একটি স্বয়ংক্রিয় তথ্য বার্তা।,legitimate,0,train,train,SMS,,Informational / Service Notice,,Healthcare Provider,Bangla,Bengali,Low,High,Synthetic; non-deployable,Redacted placeholder only,Redacted,False,Ready for human review,synthetic_generation,"Generated for legitimate/non-scam baseline in defensive phishing-detection research; no real phone numbers, account numbers, OTPs, PINs, or live URLs included.",BanglaPhish_Half2_H2D11-H2D15_Legitimate_v1.csv
H2D11_0119,BanglaPhish-2026,1.0,H2D11,Healthcare/Hospital Notifications,Doctor Schedule Update,[SPECIALIST_NAME] এর চেম্বার সময়সূচি আপডেট হয়েছে। নতুন সময়: [TIME_SLOT_02]। বিস্তারিত [OFFICIAL_PORTAL] এ দেখুন। এটি একটি স্বয়ংক্রিয় তথ্য বার্তা।,legitimate,0,train,train,Email,,Informational / Service Notice,,Healthcare Provider,Bangla,Bengali,Low,High,Synthetic; non-deployable,Redacted placeholder only,Redacted,False,Ready for human review,synthetic_generation,"Generated for legitimate/non-scam baseline in defensive phishing-detection research; no real phone numbers, account numbers, OTPs, PINs, or live URLs included.",BanglaPhish_Half2_H2D11-H2D15_Legitimate_v1.csv
H2D11_0120,BanglaPhish-2026,1.0,H2D11,Healthcare/Hospital Notifications,Doctor Schedule Update,[CLINIC_NAME]: কার্ডিওলজি বিভাগের ডাক্তার শিডিউল পরিবর্তন হয়েছে। বুকিং রেফারেন্স [APPT_ID] অপরিবর্তিত আছে। ব্যক্তিগত তথ্য বা গোপন কোড শেয়ার করবেন না।,legitimate,0,train,train,Website Notice,,Informational / Service Notice,,Healthcare Provider,Bangla,Bengali,Low,High,Synthetic; non-deployable,Redacted placeholder only,Redacted,False,Ready for human review,synthetic_generation,"Generated for legitimate/non-scam baseline in defensive phishing-detection research; no real phone numbers, account numbers, OTPs, PINs, or live URLs included.",BanglaPhish_Half2_H2D11-H2D15_Legitimate_v1.csv
H2D11_0129,BanglaPhish-2026,1.0,H2D11,Healthcare/Hospital Notifications,Health Campaign Notice,কমিউনিটি স্বাস্থ্য ক্যাম্পের সময়সূচি প্রকাশিত হয়েছে। বিস্তারিত অফিসিয়াল নোটিস বোর্ডে দেখুন। এটি একটি স্বয়ংক্রিয় তথ্য বার্তা।,legitimate,0,train,train,SMS,,Informational / Service Notice,,Healthcare Provider,Bangla,Bengali,Low,High,Synthetic; non-deployable,Redacted placeholder only,Redacted,False,Ready for human review,synthetic_generation,"Generated for legitimate/non-scam baseline in defensive phishing-detection research; no real phone numbers, account numbers, OTPs, PINs, or live URLs included.",BanglaPhish_Half2_H2D11-H2D15_Legitimate_v1.csv
H2D11_0132,BanglaPhish-2026,1.0,H2D11,Healthcare/Hospital Notifications,Health Campaign Notice,কমিউনিটি স্বাস্থ্য ক্যাম্পের সময়সূচি প্রকাশিত হয়েছে। বিস্তারিত অফিসিয়াল নোটিস বোর্ডে দেখুন। ব্যক্তিগত তথ্য বা গোপন কোড শেয়ার করবেন না।,legitimate,0,train,train,Website Notice,,Informational / Service Notice,,Healthcare Provider,Bangla,Bengali,Low,High,Synthetic; non-deployable,Redacted placeholder only,Redacted,False,Ready for human review,synthetic_generation,"Generated for legitimate/non-scam baseline in defensive phishing-detection research; no real phone numbers, account numbers, OTPs, PINs, or live URLs included.",BanglaPhish_Half2_H2D11-H2D15_Legitimate_v1.csv
H2D11_0135,BanglaPhish-2026,1.0,H2D11,Healthcare/Hospital Notifications,Health Campaign Notice,কমিউনিটি স্বাস্থ্য ক্যাম্পের সময়সূচি প্রকাশিত হয়েছে। বিস্তারিত অফিসিয়াল নোটিস বোর্ডে দেখুন। এটি একটি স্বয়ংক্রিয় তথ্য বার্তা।,legitimate,0,train,train,Email,,Informational / Service Notice,,Healthcare Provider,Bangla,Bengali,Low,High,Synthetic; non-deployable,Redacted placeholder only,Redacted,False,Ready for human review,synthetic_generation,"Generated for legitimate/non-scam baseline in defensive phishing-detection research; no real phone numbers, account numbers, OTPs, PINs, or live URLs included.",BanglaPhish_Half2_H2D11-H2D15_Legitimate_v1.csv
H2D11_0138,BanglaPhish-2026,1.0,H2D11,Healthcare/Hospital Notifications,Health Campaign Notice,কমিউনিটি স্বাস্থ্য ক্যাম্পের সময়সূচি প্রকাশিত হয়েছে। বিস্তারিত অফিসিয়াল নোটিস বোর্ডে দেখুন। ব্যক্তিগত তথ্য বা গোপন কোড শেয়ার করবেন না।,legitimate,0,train,train,App Notification,,Informational / Service Notice,,Healthcare Provider,Bangla,Bengali,Low,High,Synthetic; non-deployable,Redacted placeholder only,Redacted,False,Ready for human review,synthetic_generation,"Generated for legitimate/non-scam baseline in defensive phishing-detection research; no real phone numbers, account numbers, OTPs, PINs, or live URLs included.",BanglaPhish_Half2_H2D11-H2D15_Legitimate_v1.csv
H2D11_0147,BanglaPhish-2026,1.0,H2D11,Healthcare/Hospital Notifications,Queue Status Update,আপনার সিরিয়াল [QUEUE_ID] বর্তমানে অপেক্ষমাণ। আনুমানিক ডাক আসার সময় [TIME_SLOT_02]। এটি একটি স্বয়ংক্রিয় তথ্য বার্তা।,legitimate,0,validation,validation,Email,,Informational / Service Notice,,Healthcare Provider,Bangla,Bengali,Low,High,Synthetic; non-deployable,Redacted placeholder only,Redacted,False,Ready for human review,synthetic_generation,"Generated for legitimate/non-scam baseline in defensive phishing-detection research; no real phone numbers, account numbers, OTPs, PINs, or live URLs included.",BanglaPhish_Half2_H2D11-H2D15_Legitimate_v1.csv
H2D11_0148,BanglaPhish-2026,1.0,H2D11,Healthcare/Hospital Notifications,Queue Status Update,[DIAGNOSTIC_CENTER]: টোকেন [QUEUE_ID] এর স্ট্যাটাস আপডেট হয়েছে। অনুগ্রহ করে নির্ধারিত ওয়েটিং এরিয়ায় থাকুন। ব্যক্তিগত তথ্য বা গোপন কোড শেয়ার করবেন না।,legitimate,0,validation,validation,Website Notice,,Informational / Service Notice,,Healthcare Provider,Bangla,Bengali,Low,High,Synthetic; non-deployable,Redacted placeholder only,Redacted,False,Ready for human review,synthetic_generation,"Generated for legitimate/non-scam baseline in defensive phishing-detection research; no real phone numbers, account numbers, OTPs, PINs, or live URLs included.",BanglaPhish_Half2_H2D11-H2D15_Legitimate_v1.csv
H2D11_0149,BanglaPhish-2026,1.0,H2D11,Healthcare/Hospital Notifications,Queue Status Update,"কিউ স্ট্যাটাস: বিভাগ কার্ডিওলজি, টোকেন [QUEUE_ID]। অফিসিয়াল ডিসপ্লেতে আপডেট দেখুন। এটি একটি স্বয়ংক্রিয় তথ্য বার্তা।",legitimate,0,validation,validation,SMS,,Informational / Service Notice,,Healthcare Provider,Bangla,Bengali,Low,High,Synthetic; non-deployable,Redacted placeholder only,Redacted,False,Ready for human review,synthetic_generation,"Generated for legitimate/non-scam baseline in defensive phishing-detection research; no real phone numbers, account numbers, OTPs, PINs, or live URLs included.",BanglaPhish_Half2_H2D11-H2D15_Legitimate_v1.csv
H2D11_0150,BanglaPhish-2026,1.0,H2D11,Healthcare/Hospital Notifications,Queue Status Update,আপনার সিরিয়াল [QUEUE_ID] বর্তমানে অপেক্ষমাণ। আনুমানিক ডাক আসার সময় [TIME_SLOT_04]। ব্যক্তিগত তথ্য বা গোপন কোড শেয়ার করবেন না।,legitimate,0,validation,validation,App Notification,,Informational / Service Notice,,Healthcare Provider,Bangla,Bengali,Low,High,Synthetic; non-deployable,Redacted placeholder only,Redacted,False,Ready for human review,synthetic_generation,"Generated for legitimate/non-scam baseline in defensive phishing-detection research; no real phone numbers, account numbers, OTPs, PINs, or live URLs included.",BanglaPhish_Half2_H2D11-H2D15_Legitimate_v1.csv
H2D11_0151,BanglaPhish-2026,1.0,H2D11,Healthcare/Hospital Notifications,Queue Status Update,[DIAGNOSTIC_CENTER]: টোকেন [QUEUE_ID] এর স্ট্যাটাস আপডেট হয়েছে। অনুগ্রহ করে নির্ধারিত ওয়েটিং এরিয়ায় থাকুন। এটি একটি স্বয়ংক্রিয় তথ্য বার্তা।,legitimate,0,validation,validation,Email,,Informational / Service Notice,,Healthcare Provider,Bangla,Bengali,Low,High,Synthetic; non-deployable,Redacted placeholder only,Redacted,False,Ready for human review,synthetic_generation,"Generated for legitimate/non-scam baseline in defensive phishing-detection research; no real phone numbers, account numbers, OTPs, PINs, or live URLs included.",BanglaPhish_Half2_H2D11-H2D15_Legitimate_v1.csv
H2D11_0152,BanglaPhish-2026,1.0,H2D11,Healthcare/Hospital Notifications,Queue Status Update,"কিউ স্ট্যাটাস: বিভাগ কার্ডিওলজি, টোকেন [QUEUE_ID]। অফিসিয়াল ডিসপ্লেতে আপডেট দেখুন। ব্যক্তিগত তথ্য বা গোপন কোড শেয়ার করবেন না।",legitimate,0,validation,validation,Website Notice,,Informational / Service Notice,,Healthcare Provider,Bangla,Bengali,Low,High,Synthetic; non-deployable,Redacted placeholder only,Redacted,False,Ready for human review,synthetic_generation,"Generated for legitimate/non-scam baseline in defensive phishing-detection research; no real phone numbers, account numbers, OTPs, PINs, or live URLs included.",BanglaPhish_Half2_H2D11-H2D15_Legitimate_v1.csv
H2D11_0153,BanglaPhish-2026,1.0,H2D11,Healthcare/Hospital Notifications,Queue Status Update,আপনার সিরিয়াল [QUEUE_ID] বর্তমানে অপেক্ষমাণ। আনুমানিক ডাক আসার সময় [TIME_SLOT_02]। এটি একটি স্বয়ংক্রিয় তথ্য বার্তা।,legitimate,0,validation,validation,SMS,,Informational / Service Notice,,Healthcare Provider,Bangla,Bengali,Low,High,Synthetic; non-deployable,Redacted placeholder only,Redacted,False,Ready for human review,synthetic_generation,"Generated for legitimate/non-scam baseline in defensive phishing-detection research; no real phone numbers, account numbers, OTPs, PINs, or live URLs included.",BanglaPhish_Half2_H2D11-H2D15_Legitimate_v1.csv
H2D11_0154,BanglaPhish-2026,1.0,H2D11,Healthcare/Hospital Notifications,Queue Status Update,[DIAGNOSTIC_CENTER]: টোকেন [QUEUE_ID] এর স্ট্যাটাস আপডেট হয়েছে। অনুগ্রহ করে নির্ধারিত ওয়েটিং এরিয়ায় থাকুন। ব্যক্তিগত তথ্য বা গোপন কোড শেয়ার করবেন না।,legitimate,0,validation,validation,App Notification,,Informational / Service Notice,,Healthcare Provider,Bangla,Bengali,Low,High,Synthetic; non-deployable,Redacted placeholder only,Redacted,False,Ready for human review,synthetic_generation,"Generated for legitimate/non-scam baseline in defensive phishing-detection research; no real phone numbers, account numbers, OTPs, PINs, or live URLs included.",BanglaPhish_Half2_H2D11-H2D15_Legitimate_v1.csv
H2D11_0155,BanglaPhish-2026,1.0,H2D11,Healthcare/Hospital Notifications,Queue Status Update,"কিউ স্ট্যাটাস: বিভাগ কার্ডিওলজি, টোকেন [QUEUE_ID]। অফিসিয়াল ডিসপ্লেতে আপডেট দেখুন। এটি একটি স্বয়ংক্রিয় তথ্য বার্তা।",legitimate,0,validation,validation,Email,,Informational / Service Notice,,Healthcare Provider,Bangla,Bengali,Low,High,Synthetic; non-deployable,Redacted placeholder only,Redacted,False,Ready for human review,synthetic_generation,"Generated for legitimate/non-scam baseline in defensive phishing-detection research; no real phone numbers, account numbers, OTPs, PINs, or live URLs included.",BanglaPhish_Half2_H2D11-H2D15_Legitimate_v1.csv
H2D11_0156,BanglaPhish-2026,1.0,H2D11,Healthcare/Hospital Notifications,Queue Status Update,আপনার সিরিয়াল [QUEUE_ID] বর্তমানে অপেক্ষমাণ। আনুমানিক ডাক আসার সময় [TIME_SLOT_04]। ব্যক্তিগত তথ্য বা গোপন কোড শেয়ার করবেন না।,legitimate,0,validation,validation,Website Notice,,Informational / Service Notice,,Healthcare Provider,Bangla,Bengali,Low,High,Synthetic; non-deployable,Redacted placeholder only,Redacted,False,Ready for human review,synthetic_generation,"Generated for legitimate/non-scam baseline in defensive phishing-detection research; no real phone numbers, account numbers, OTPs, PINs, or live URLs included.",BanglaPhish_Half2_H2D11-H2D15_Legitimate_v1.csv
H2D11_0157,BanglaPhish-2026,1.0,H2D11,Healthcare/Hospital Notifications,Queue Status Update,[DIAGNOSTIC_CENTER]: টোকেন [QUEUE_ID] এর স্ট্যাটাস আপডেট হয়েছে। অনুগ্রহ করে নির্ধারিত ওয়েটিং এরিয়ায় থাকুন। এটি একটি স্বয়ংক্রিয় তথ্য বার্তা।,legitimate,0,validation,validation,SMS,,Informational / Service Notice,,Healthcare Provider,Bangla,Bengali,Low,High,Synthetic; non-deployable,Redacted placeholder only,Redacted,False,Ready for human review,synthetic_generation,"Generated for legitimate/non-scam baseline in defensive phishing-detection research; no real phone numbers, account numbers, OTPs, PINs, or live URLs included.",BanglaPhish_Half2_H2D11-H2D15_Legitimate_v1.csv
H2D11_0158,BanglaPhish-2026,1.0,H2D11,Healthcare/Hospital Notifications,Queue Status Update,"কিউ স্ট্যাটাস: বিভাগ কার্ডিওলজি, টোকেন [QUEUE_ID]। অফিসিয়াল ডিসপ্লেতে আপডেট দেখুন। ব্যক্তিগত তথ্য বা গোপন কোড শেয়ার করবেন না।",legitimate,0,validation,validation,App Notification,,Informational / Service Notice,,Healthcare Provider,Bangla,Bengali,Low,High,Synthetic; non-deployable,Redacted placeholder only,Redacted,False,Ready for human review,synthetic_generation,"Generated for legitimate/non-scam baseline in defensive phishing-detection research; no real phone numbers, account numbers, OTPs, PINs, or live URLs included.",BanglaPhish_Half2_H2D11-H2D15_Legitimate_v1.csv
H2D11_0159,BanglaPhish-2026,1.0,H2D11,Healthcare/Hospital Notifications,Queue Status Update,আপনার সিরিয়াল [QUEUE_ID] বর্তমানে অপেক্ষমাণ। আনুমানিক ডাক আসার সময় [TIME_SLOT_02]। এটি একটি স্বয়ংক্রিয় তথ্য বার্তা।,legitimate,0,validation,validation,Email,,Informational / Service Notice,,Healthcare Provider,Bangla,Bengali,Low,High,Synthetic; non-deployable,Redacted placeholder only,Redacted,False,Ready for human review,synthetic_generation,"Generated for legitimate/non-scam baseline in defensive phishing-detection research; no real phone numbers, account numbers, OTPs, PINs, or live URLs included.",BanglaPhish_Half2_H2D11-H2D15_Legitimate_v1.csv
H2D11_0160,BanglaPhish-2026,1.0,H2D11,Healthcare/Hospital Notifications,Queue Status Update,[DIAGNOSTIC_CENTER]: টোকেন [QUEUE_ID] এর স্ট্যাটাস আপডেট হয়েছে। অনুগ্রহ করে নির্ধারিত ওয়েটিং এরিয়ায় থাকুন। ব্যক্তিগত তথ্য বা গোপন কোড শেয়ার করবেন না।,legitimate,0,validation,validation,Website Notice,,Informational / Service Notice,,Healthcare Provider,Bangla,Bengali,Low,High,Synthetic; non-deployable,Redacted placeholder only,Redacted,False,Ready for human review,synthetic_generation,"Generated for legitimate/non-scam baseline in defensive phishing-detection research; no real phone numbers, account numbers, OTPs, PINs, or live URLs included.",BanglaPhish_Half2_H2D11-H2D15_Legitimate_v1.csv
H2D11_0167,BanglaPhish-2026,1.0,H2D11,Healthcare/Hospital Notifications,Discharge Summary Notice,ডিসচার্জ সামারি প্রস্তুত হয়েছে। রেফারেন্স [DISCHARGE_ID]। হাসপাতালের অফিসিয়াল ডেস্ক থেকে সংগ্রহ করুন। এটি একটি স্বয়ংক্রিয় তথ্য বার্তা।,legitimate,0,validation,validation,Email,,Informational / Service Notice,,Healthcare Provider,Bangla,Bengali,Low,High,Synthetic; non-deployable,Redacted placeholder only,Redacted,False,Ready for human review,synthetic_generation,"Generated for legitimate/non-scam baseline in defensive phishing-detection research; no real phone numbers, account numbers, OTPs, PINs, or live URLs included.",BanglaPhish_Half2_H2D11-H2D15_Legitimate_v1.csv
H2D11_0168,BanglaPhish-2026,1.0,H2D11,Healthcare/Hospital Notifications,Discharge Summary Notice,[CLINIC_NAME]: আপনার ডিসচার্জ ডকুমেন্ট আপডেট হয়েছে। অনুগ্রহ করে বিলিং কাউন্টারে যাচাই করুন। ব্যক্তিগত তথ্য বা গোপন কোড শেয়ার করবেন না।,legitimate,0,validation,validation,Website Notice,,Informational / Service Notice,,Healthcare Provider,Bangla,Bengali,Low,High,Synthetic; non-deployable,Redacted placeholder only,Redacted,False,Ready for human review,synthetic_generation,"Generated for legitimate/non-scam baseline in defensive phishing-detection research; no real phone numbers, account numbers, OTPs, PINs, or live URLs included.",BanglaPhish_Half2_H2D11-H2D15_Legitimate_v1.csv
H2D11_0169,BanglaPhish-2026,1.0,H2D11,Healthcare/Hospital Notifications,Discharge Summary Notice,ডিসচার্জ নোটিস: রোগী রেফারেন্স [PATIENT_REF]। ব্যক্তিগত তথ্য নিরাপদে সংরক্ষিত আছে। এটি একটি স্বয়ংক্রিয় তথ্য বার্তা।,legitimate,0,validation,validation,SMS,,Informational / Service Notice,,Healthcare Provider,Bangla,Bengali,Low,High,Synthetic; non-deployable,Redacted placeholder only,Redacted,False,Ready for human review,synthetic_generation,"Generated for legitimate/non-scam baseline in defensive phishing-detection research; no real phone numbers, account numbers, OTPs, PINs, or live URLs included.",BanglaPhish_Half2_H2D11-H2D15_Legitimate_v1.csv
H2D11_0170,BanglaPhish-2026,1.0,H2D11,Healthcare/Hospital Notifications,Discharge Summary Notice,ডিসচার্জ সামারি প্রস্তুত হয়েছে। রেফারেন্স [DISCHARGE_ID]। হাসপাতালের অফিসিয়াল ডেস্ক থেকে সংগ্রহ করুন। ব্যক্তিগত তথ্য বা গোপন কোড শেয়ার করবেন না।,legitimate,0,validation,validation,App Notification,,Informational / Service Notice,,Healthcare Provider,Bangla,Bengali,Low,High,Synthetic; non-deployable,Redacted placeholder only,Redacted,False,Ready for human review,synthetic_generation,"Generated for legitimate/non-scam baseline in defensive phishing-detection research; no real phone numbers, account numbers, OTPs, PINs, or live URLs included.",BanglaPhish_Half2_H2D11-H2D15_Legitimate_v1.csv
H2D11_0171,BanglaPhish-2026,1.0,H2D11,Healthcare/Hospital Notifications,Discharge Summary Notice,[CLINIC_NAME]: আপনার ডিসচার্জ ডকুমেন্ট আপডেট হয়েছে। অনুগ্রহ করে বিলিং কাউন্টারে যাচাই করুন। এটি একটি স্বয়ংক্রিয় তথ্য বার্তা।,legitimate,0,test,test,Email,,Informational / Service Notice,,Healthcare Provider,Bangla,Bengali,Low,High,Synthetic; non-deployable,Redacted placeholder only,Redacted,False,Ready for human review,synthetic_generation,"Generated for legitimate/non-scam baseline in defensive phishing-detection research; no real phone numbers, account numbers, OTPs, PINs, or live URLs included.",BanglaPhish_Half2_H2D11-H2D15_Legitimate_v1.csv
H2D11_0172,BanglaPhish-2026,1.0,H2D11,Healthcare/Hospital Notifications,Discharge Summary Notice,ডিসচার্জ নোটিস: রোগী রেফারেন্স [PATIENT_REF]। ব্যক্তিগত তথ্য নিরাপদে সংরক্ষিত আছে। ব্যক্তিগত তথ্য বা গোপন কোড শেয়ার করবেন না।,legitimate,0,test,test,Website Notice,,Informational / Service Notice,,Healthcare Provider,Bangla,Bengali,Low,High,Synthetic; non-deployable,Redacted placeholder only,Redacted,False,Ready for human review,synthetic_generation,"Generated for legitimate/non-scam baseline in defensive phishing-detection research; no real phone numbers, account numbers, OTPs, PINs, or live URLs included.",BanglaPhish_Half2_H2D11-H2D15_Legitimate_v1.csv
H2D11_0173,BanglaPhish-2026,1.0,H2D11,Healthcare/Hospital Notifications,Discharge Summary Notice,ডিসচার্জ সামারি প্রস্তুত হয়েছে। রেফারেন্স [DISCHARGE_ID]। হাসপাতালের অফিসিয়াল ডেস্ক থেকে সংগ্রহ করুন। এটি একটি স্বয়ংক্রিয় তথ্য বার্তা।,legitimate,0,test,test,SMS,,Informational / Service Notice,,Healthcare Provider,Bangla,Bengali,Low,High,Synthetic; non-deployable,Redacted placeholder only,Redacted,False,Ready for human review,synthetic_generation,"Generated for legitimate/non-scam baseline in defensive phishing-detection research; no real phone numbers, account numbers, OTPs, PINs, or live URLs included.",BanglaPhish_Half2_H2D11-H2D15_Legitimate_v1.csv
H2D11_0174,BanglaPhish-2026,1.0,H2D11,Healthcare/Hospital Notifications,Discharge Summary Notice,[CLINIC_NAME]: আপনার ডিসচার্জ ডকুমেন্ট আপডেট হয়েছে। অনুগ্রহ করে বিলিং কাউন্টারে যাচাই করুন। ব্যক্তিগত তথ্য বা গোপন কোড শেয়ার করবেন না।,legitimate,0,test,test,App Notification,,Informational / Service Notice,,Healthcare Provider,Bangla,Bengali,Low,High,Synthetic; non-deployable,Redacted placeholder only,Redacted,False,Ready for human review,synthetic_generation,"Generated for legitimate/non-scam baseline in defensive phishing-detection research; no real phone numbers, account numbers, OTPs, PINs, or live URLs included.",BanglaPhish_Half2_H2D11-H2D15_Legitimate_v1.csv
H2D11_0175,BanglaPhish-2026,1.0,H2D11,Healthcare/Hospital Notifications,Discharge Summary Notice,ডিসচার্জ নোটিস: রোগী রেফারেন্স [PATIENT_REF]। ব্যক্তিগত তথ্য নিরাপদে সংরক্ষিত আছে। এটি একটি স্বয়ংক্রিয় তথ্য বার্তা।,legitimate,0,test,test,Email,,Informational / Service Notice,,Healthcare Provider,Bangla,Bengali,Low,High,Synthetic; non-deployable,Redacted placeholder only,Redacted,False,Ready for human review,synthetic_generation,"Generated for legitimate/non-scam baseline in defensive phishing-detection research; no real phone numbers, account numbers, OTPs, PINs, or live URLs included.",BanglaPhish_Half2_H2D11-H2D15_Legitimate_v1.csv
H2D11_0176,BanglaPhish-2026,1.0,H2D11,Healthcare/Hospital Notifications,Discharge Summary Notice,ডিসচার্জ সামারি প্রস্তুত হয়েছে। রেফারেন্স [DISCHARGE_ID]। হাসপাতালের অফিসিয়াল ডেস্ক থেকে সংগ্রহ করুন। ব্যক্তিগত তথ্য বা গোপন কোড শেয়ার করবেন না।,legitimate,0,test,test,Website Notice,,Informational / Service Notice,,Healthcare Provider,Bangla,Bengali,Low,High,Synthetic; non-deployable,Redacted placeholder only,Redacted,False,Ready for human review,synthetic_generation,"Generated for legitimate/non-scam baseline in defensive phishing-detection research; no real phone numbers, account numbers, OTPs, PINs, or live URLs included.",BanglaPhish_Half2_H2D11-H2D15_Legitimate_v1.csv
H2D11_0177,BanglaPhish-2026,1.0,H2D11,Healthcare/Hospital Notifications,Discharge Summary Notice,[CLINIC_NAME]: আপনার ডিসচার্জ ডকুমেন্ট আপডেট হয়েছে। অনুগ্রহ করে বিলিং কাউন্টারে যাচাই করুন। এটি একটি স্বয়ংক্রিয় তথ্য বার্তা।,legitimate,0,test,test,SMS,,Informational / Service Notice,,Healthcare Provider,Bangla,Bengali,Low,High,Synthetic; non-deployable,Redacted placeholder only,Redacted,False,Ready for human review,synthetic_generation,"Generated for legitimate/non-scam baseline in defensive phishing-detection research; no real phone numbers, account numbers, OTPs, PINs, or live URLs included.",BanglaPhish_Half2_H2D11-H2D15_Legitimate_v1.csv
H2D11_0178,BanglaPhish-2026,1.0,H2D11,Healthcare/Hospital Notifications,Discharge Summary Notice,ডিসচার্জ নোটিস: রোগী রেফারেন্স [PATIENT_REF]। ব্যক্তিগত তথ্য নিরাপদে সংরক্ষিত আছে। ব্যক্তিগত তথ্য বা গোপন কোড শেয়ার করবেন না।,legitimate,0,test,test,App Notification,,Informational / Service Notice,,Healthcare Provider,Bangla,Bengali,Low,High,Synthetic; non-deployable,Redacted placeholder only,Redacted,False,Ready for human review,synthetic_generation,"Generated for legitimate/non-scam baseline in defensive phishing-detection research; no real phone numbers, account numbers, OTPs, PINs, or live URLs included.",BanglaPhish_Half2_H2D11-H2D15_Legitimate_v1.csv
H2D11_0179,BanglaPhish-2026,1.0,H2D11,Healthcare/Hospital Notifications,Discharge Summary Notice,ডিসচার্জ সামারি প্রস্তুত হয়েছে। রেফারেন্স [DISCHARGE_ID]। হাসপাতালের অফিসিয়াল ডেস্ক থেকে সংগ্রহ করুন। এটি একটি স্বয়ংক্রিয় তথ্য বার্তা।,legitimate,0,test,test,Email,,Informational / Service Notice,,Healthcare Provider,Bangla,Bengali,Low,High,Synthetic; non-deployable,Redacted placeholder only,Redacted,False,Ready for human review,synthetic_generation,"Generated for legitimate/non-scam baseline in defensive phishing-detection research; no real phone numbers, account numbers, OTPs, PINs, or live URLs included.",BanglaPhish_Half2_H2D11-H2D15_Legitimate_v1.csv
H2D11_0180,BanglaPhish-2026,1.0,H2D11,Healthcare/Hospital Notifications,Discharge Summary Notice,[CLINIC_NAME]: আপনার ডিসচার্জ ডকুমেন্ট আপডেট হয়েছে। অনুগ্রহ করে বিলিং কাউন্টারে যাচাই করুন। ব্যক্তিগত তথ্য বা গোপন কোড শেয়ার করবেন না।,legitimate,0,test,test,Website Notice,,Informational / Service Notice,,Healthcare Provider,Bangla,Bengali,Low,High,Synthetic; non-deployable,Redacted placeholder only,Redacted,False,Ready for human review,synthetic_generation,"Generated for legitimate/non-scam baseline in defensive phishing-detection research; no real phone numbers, account numbers, OTPs, PINs, or live URLs included.",BanglaPhish_Half2_H2D11-H2D15_Legitimate_v1.csv
H2D11_0187,BanglaPhish-2026,1.0,H2D11,Healthcare/Hospital Notifications,General Health Advisory,বর্ষা মৌসুমে স্বাস্থ্য সতর্কতা: পর্যাপ্ত পানি পান করুন এবং প্রয়োজনে চিকিৎসকের পরামর্শ নিন। এটি একটি স্বয়ংক্রিয় তথ্য বার্তা।,legitimate,0,test,test,Email,,Informational / Service Notice,,Healthcare Provider,Bangla,Bengali,Low,High,Synthetic; non-deployable,Redacted placeholder only,Redacted,False,Ready for human review,synthetic_generation,"Generated for legitimate/non-scam baseline in defensive phishing-detection research; no real phone numbers, account numbers, OTPs, PINs, or live URLs included.",BanglaPhish_Half2_H2D11-H2D15_Legitimate_v1.csv
H2D11_0188,BanglaPhish-2026,1.0,H2D11,Healthcare/Hospital Notifications,General Health Advisory,স্বাস্থ্য পরামর্শ: জ্বর/কাশি দীর্ঘস্থায়ী হলে নিকটস্থ চিকিৎসা কেন্দ্রে যোগাযোগ করুন। ব্যক্তিগত তথ্য বা গোপন কোড শেয়ার করবেন না।,legitimate,0,test,test,Website Notice,,Informational / Service Notice,,Healthcare Provider,Bangla,Bengali,Low,High,Synthetic; non-deployable,Redacted placeholder only,Redacted,False,Ready for human review,synthetic_generation,"Generated for legitimate/non-scam baseline in defensive phishing-detection research; no real phone numbers, account numbers, OTPs, PINs, or live URLs included.",BanglaPhish_Half2_H2D11-H2D15_Legitimate_v1.csv
H2D11_0189,BanglaPhish-2026,1.0,H2D11,Healthcare/Hospital Notifications,General Health Advisory,[DIAGNOSTIC_CENTER]: সাধারণ স্বাস্থ্য নির্দেশনা প্রকাশিত হয়েছে। বিস্তারিত অফিসিয়াল পোর্টালে দেখুন। এটি একটি স্বয়ংক্রিয় তথ্য বার্তা।,legitimate,0,test,test,SMS,,Informational / Service Notice,,Healthcare Provider,Bangla,Bengali,Low,High,Synthetic; non-deployable,Redacted placeholder only,Redacted,False,Ready for human review,synthetic_generation,"Generated for legitimate/non-scam baseline in defensive phishing-detection research; no real phone numbers, account numbers, OTPs, PINs, or live URLs included.",BanglaPhish_Half2_H2D11-H2D15_Legitimate_v1.csv
H2D11_0190,BanglaPhish-2026,1.0,H2D11,Healthcare/Hospital Notifications,General Health Advisory,বর্ষা মৌসুমে স্বাস্থ্য সতর্কতা: পর্যাপ্ত পানি পান করুন এবং প্রয়োজনে চিকিৎসকের পরামর্শ নিন। ব্যক্তিগত তথ্য বা গোপন কোড শেয়ার করবেন না।,legitimate,0,test,test,App Notification,,Informational / Service Notice,,Healthcare Provider,Bangla,Bengali,Low,High,Synthetic; non-deployable,Redacted placeholder only,Redacted,False,Ready for human review,synthetic_generation,"Generated for legitimate/non-scam baseline in defensive phishing-detection research; no real phone numbers, account numbers, OTPs, PINs, or live URLs included.",BanglaPhish_Half2_H2D11-H2D15_Legitimate_v1.csv
H2D11_0191,BanglaPhish-2026,1.0,H2D11,Healthcare/Hospital Notifications,General Health Advisory,স্বাস্থ্য পরামর্শ: জ্বর/কাশি দীর্ঘস্থায়ী হলে নিকটস্থ চিকিৎসা কেন্দ্রে যোগাযোগ করুন। এটি একটি স্বয়ংক্রিয় তথ্য বার্তা।,legitimate,0,test,test,Email,,Informational / Service Notice,,Healthcare Provider,Bangla,Bengali,Low,High,Synthetic; non-deployable,Redacted placeholder only,Redacted,False,Ready for human review,synthetic_generation,"Generated for legitimate/non-scam baseline in defensive phishing-detection research; no real phone numbers, account numbers, OTPs, PINs, or live URLs included.",BanglaPhish_Half2_H2D11-H2D15_Legitimate_v1.csv
H2D11_0192,BanglaPhish-2026,1.0,H2D11,Healthcare/Hospital Notifications,General Health Advisory,[DIAGNOSTIC_CENTER]: সাধারণ স্বাস্থ্য নির্দেশনা প্রকাশিত হয়েছে। বিস্তারিত অফিসিয়াল পোর্টালে দেখুন। ব্যক্তিগত তথ্য বা গোপন কোড শেয়ার করবেন না।,legitimate,0,test,test,Website Notice,,Informational / Service Notice,,Healthcare Provider,Bangla,Bengali,Low,High,Synthetic; non-deployable,Redacted placeholder only,Redacted,False,Ready for human review,synthetic_generation,"Generated for legitimate/non-scam baseline in defensive phishing-detection research; no real phone numbers, account numbers, OTPs, PINs, or live URLs included.",BanglaPhish_Half2_H2D11-H2D15_Legitimate_v1.csv
H2D11_0193,BanglaPhish-2026,1.0,H2D11,Healthcare/Hospital Notifications,General Health Advisory,বর্ষা মৌসুমে স্বাস্থ্য সতর্কতা: পর্যাপ্ত পানি পান করুন এবং প্রয়োজনে চিকিৎসকের পরামর্শ নিন। এটি একটি স্বয়ংক্রিয় তথ্য বার্তা।,legitimate,0,test,test,SMS,,Informational / Service Notice,,Healthcare Provider,Bangla,Bengali,Low,High,Synthetic; non-deployable,Redacted placeholder only,Redacted,False,Ready for human review,synthetic_generation,"Generated for legitimate/non-scam baseline in defensive phishing-detection research; no real phone numbers, account numbers, OTPs, PINs, or live URLs included.",BanglaPhish_Half2_H2D11-H2D15_Legitimate_v1.csv
H2D11_0194,BanglaPhish-2026,1.0,H2D11,Healthcare/Hospital Notifications,General Health Advisory,স্বাস্থ্য পরামর্শ: জ্বর/কাশি দীর্ঘস্থায়ী হলে নিকটস্থ চিকিৎসা কেন্দ্রে যোগাযোগ করুন। ব্যক্তিগত তথ্য বা গোপন কোড শেয়ার করবেন না।,legitimate,0,test,test,App Notification,,Informational / Service Notice,,Healthcare Provider,Bangla,Bengali,Low,High,Synthetic; non-deployable,Redacted placeholder only,Redacted,False,Ready for human review,synthetic_generation,"Generated for legitimate/non-scam baseline in defensive phishing-detection research; no real phone numbers, account numbers, OTPs, PINs, or live URLs included.",BanglaPhish_Half2_H2D11-H2D15_Legitimate_v1.csv
H2D11_0195,BanglaPhish-2026,1.0,H2D11,Healthcare/Hospital Notifications,General Health Advisory,[DIAGNOSTIC_CENTER]: সাধারণ স্বাস্থ্য নির্দেশনা প্রকাশিত হয়েছে। বিস্তারিত অফিসিয়াল পোর্টালে দেখুন। এটি একটি স্বয়ংক্রিয় তথ্য বার্তা।,legitimate,0,test,test,Email,,Informational / Service Notice,,Healthcare Provider,Bangla,Bengali,Low,High,Synthetic; non-deployable,Redacted placeholder only,Redacted,False,Ready for human review,synthetic_generation,"Generated for legitimate/non-scam baseline in defensive phishing-detection research; no real phone numbers, account numbers, OTPs, PINs, or live URLs included.",BanglaPhish_Half2_H2D11-H2D15_Legitimate_v1.csv
H2D11_0196,BanglaPhish-2026,1.0,H2D11,Healthcare/Hospital Notifications,General Health Advisory,বর্ষা মৌসুমে স্বাস্থ্য সতর্কতা: পর্যাপ্ত পানি পান করুন এবং প্রয়োজনে চিকিৎসকের পরামর্শ নিন। ব্যক্তিগত তথ্য বা গোপন কোড শেয়ার করবেন না।,legitimate,0,test,test,Website Notice,,Informational / Service Notice,,Healthcare Provider,Bangla,Bengali,Low,High,Synthetic; non-deployable,Redacted placeholder only,Redacted,False,Ready for human review,synthetic_generation,"Generated for legitimate/non-scam baseline in defensive phishing-detection research; no real phone numbers, account numbers, OTPs, PINs, or live URLs included.",BanglaPhish_Half2_H2D11-H2D15_Legitimate_v1.csv
H2D11_0197,BanglaPhish-2026,1.0,H2D11,Healthcare/Hospital Notifications,General Health Advisory,স্বাস্থ্য পরামর্শ: জ্বর/কাশি দীর্ঘস্থায়ী হলে নিকটস্থ চিকিৎসা কেন্দ্রে যোগাযোগ করুন। এটি একটি স্বয়ংক্রিয় তথ্য বার্তা।,legitimate,0,test,test,SMS,,Informational / Service Notice,,Healthcare Provider,Bangla,Bengali,Low,High,Synthetic; non-deployable,Redacted placeholder only,Redacted,False,Ready for human review,synthetic_generation,"Generated for legitimate/non-scam baseline in defensive phishing-detection research; no real phone numbers, account numbers, OTPs, PINs, or live URLs included.",BanglaPhish_Half2_H2D11-H2D15_Legitimate_v1.csv
H2D11_0198,BanglaPhish-2026,1.0,H2D11,Healthcare/Hospital Notifications,General Health Advisory,[DIAGNOSTIC_CENTER]: সাধারণ স্বাস্থ্য নির্দেশনা প্রকাশিত হয়েছে। বিস্তারিত অফিসিয়াল পোর্টালে দেখুন। ব্যক্তিগত তথ্য বা গোপন কোড শেয়ার করবেন না।,legitimate,0,test,test,App Notification,,Informational / Service Notice,,Healthcare Provider,Bangla,Bengali,Low,High,Synthetic; non-deployable,Redacted placeholder only,Redacted,False,Ready for human review,synthetic_generation,"Generated for legitimate/non-scam baseline in defensive phishing-detection research; no real phone numbers, account numbers, OTPs, PINs, or live URLs included.",BanglaPhish_Half2_H2D11-H2D15_Legitimate_v1.csv
H2D11_0199,BanglaPhish-2026,1.0,H2D11,Healthcare/Hospital Notifications,General Health Advisory,বর্ষা মৌসুমে স্বাস্থ্য সতর্কতা: পর্যাপ্ত পানি পান করুন এবং প্রয়োজনে চিকিৎসকের পরামর্শ নিন। এটি একটি স্বয়ংক্রিয় তথ্য বার্তা।,legitimate,0,test,test,Email,,Informational / Service Notice,,Healthcare Provider,Bangla,Bengali,Low,High,Synthetic; non-deployable,Redacted placeholder only,Redacted,False,Ready for human review,synthetic_generation,"Generated for legitimate/non-scam baseline in defensive phishing-detection research; no real phone numbers, account numbers, OTPs, PINs, or live URLs included.",BanglaPhish_Half2_H2D11-H2D15_Legitimate_v1.csv
H2D11_0200,BanglaPhish-2026,1.0,H2D11,Healthcare/Hospital Notifications,General Health Advisory,স্বাস্থ্য পরামর্শ: জ্বর/কাশি দীর্ঘস্থায়ী হলে নিকটস্থ চিকিৎসা কেন্দ্রে যোগাযোগ করুন। ব্যক্তিগত তথ্য বা গোপন কোড শেয়ার করবেন না।,legitimate,0,test,test,Website Notice,,Informational / Service Notice,,Healthcare Provider,Bangla,Bengali,Low,High,Synthetic; non-deployable,Redacted placeholder only,Redacted,False,Ready for human review,synthetic_generation,"Generated for legitimate/non-scam baseline in defensive phishing-detection research; no real phone numbers, account numbers, OTPs, PINs, or live URLs included.",BanglaPhish_Half2_H2D11-H2D15_Legitimate_v1.csv
H2D12_0008,BanglaPhish-2026,1.0,H2D12,Travel & Ticket Confirmations,Bus Ticket Confirmation,[TRANSPORT_OPERATOR] বাস বুকিং সফল। বোর্ডিং পয়েন্ট [BOARDING_POINT]। বিস্তারিত অফিসিয়াল টিকিটে দেখুন। ব্যক্তিগত তথ্য বা গোপন কোড শেয়ার করবেন না।,legitimate,0,train,train,Email,,Informational / Service Notice,,Travel Service,Bangla,Bengali,Low,High,Synthetic; non-deployable,Redacted placeholder only,Redacted,False,Ready for human review,synthetic_generation,"Generated for legitimate/non-scam baseline in defensive phishing-detection research; no real phone numbers, account numbers, OTPs, PINs, or live URLs included.",BanglaPhish_Half2_H2D11-H2D15_Legitimate_v1.csv
H2D12_0011,BanglaPhish-2026,1.0,H2D12,Travel & Ticket Confirmations,Bus Ticket Confirmation,[TRANSPORT_OPERATOR] বাস বুকিং সফল। বোর্ডিং পয়েন্ট [BOARDING_POINT]। বিস্তারিত অফিসিয়াল টিকিটে দেখুন। এটি একটি স্বয়ংক্রিয় তথ্য বার্তা।,legitimate,0,train,train,Email,,Informational / Service Notice,,Travel Service,Bangla,Bengali,Low,High,Synthetic; non-deployable,Redacted placeholder only,Redacted,False,Ready for human review,synthetic_generation,"Generated for legitimate/non-scam baseline in defensive phishing-detection research; no real phone numbers, account numbers, OTPs, PINs, or live URLs included.",BanglaPhish_Half2_H2D11-H2D15_Legitimate_v1.csv
H2D12_0014,BanglaPhish-2026,1.0,H2D12,Travel & Ticket Confirmations,Bus Ticket Confirmation,[TRANSPORT_OPERATOR] বাস বুকিং সফল। বোর্ডিং পয়েন্ট [BOARDING_POINT]। বিস্তারিত অফিসিয়াল টিকিটে দেখুন। ব্যক্তিগত তথ্য বা গোপন কোড শেয়ার করবেন না।,legitimate,0,train,train,Email,,Informational / Service Notice,,Travel Service,Bangla,Bengali,Low,High,Synthetic; non-deployable,Redacted placeholder only,Redacted,False,Ready for human review,synthetic_generation,"Generated for legitimate/non-scam baseline in defensive phishing-detection research; no real phone numbers, account numbers, OTPs, PINs, or live URLs included.",BanglaPhish_Half2_H2D11-H2D15_Legitimate_v1.csv
H2D12_0017,BanglaPhish-2026,1.0,H2D12,Travel & Ticket Confirmations,Bus Ticket Confirmation,[TRANSPORT_OPERATOR] বাস বুকিং সফল। বোর্ডিং পয়েন্ট [BOARDING_POINT]। বিস্তারিত অফিসিয়াল টিকিটে দেখুন। এটি একটি স্বয়ংক্রিয় তথ্য বার্তা।,legitimate,0,train,train,Email,,Informational / Service Notice,,Travel Service,Bangla,Bengali,Low,High,Synthetic; non-deployable,Redacted placeholder only,Redacted,False,Ready for human review,synthetic_generation,"Generated for legitimate/non-scam baseline in defensive phishing-detection research; no real phone numbers, account numbers, OTPs, PINs, or live URLs included.",BanglaPhish_Half2_H2D11-H2D15_Legitimate_v1.csv
H2D12_0020,BanglaPhish-2026,1.0,H2D12,Travel & Ticket Confirmations,Bus Ticket Confirmation,[TRANSPORT_OPERATOR] বাস বুকিং সফল। বোর্ডিং পয়েন্ট [BOARDING_POINT]। বিস্তারিত অফিসিয়াল টিকিটে দেখুন। ব্যক্তিগত তথ্য বা গোপন কোড শেয়ার করবেন না।,legitimate,0,train,train,Email,,Informational / Service Notice,,Travel Service,Bangla,Bengali,Low,High,Synthetic; non-deployable,Redacted placeholder only,Redacted,False,Ready for human review,synthetic_generation,"Generated for legitimate/non-scam baseline in defensive phishing-detection research; no real phone numbers, account numbers, OTPs, PINs, or live URLs included.",BanglaPhish_Half2_H2D11-H2D15_Legitimate_v1.csv
H2D12_0028,BanglaPhish-2026,1.0,H2D12,Travel & Ticket Confirmations,Train Ticket Confirmation,"রেল টিকিট বুকিং সফল। কোচ [COACH_NO], সিট [SEAT_NO]। বিস্তারিত অফিসিয়াল পোর্টালে দেখুন। ব্যক্তিগত তথ্য বা গোপন কোড শেয়ার করবেন না।",legitimate,0,train,train,SMS,,Informational / Service Notice,,Travel Service,Bangla,Bengali,Low,High,Synthetic; non-deployable,Redacted placeholder only,Redacted,False,Ready for human review,synthetic_generation,"Generated for legitimate/non-scam baseline in defensive phishing-detection research; no real phone numbers, account numbers, OTPs, PINs, or live URLs included.",BanglaPhish_Half2_H2D11-H2D15_Legitimate_v1.csv
H2D12_0031,BanglaPhish-2026,1.0,H2D12,Travel & Ticket Confirmations,Train Ticket Confirmation,"রেল টিকিট বুকিং সফল। কোচ [COACH_NO], সিট [SEAT_NO]। বিস্তারিত অফিসিয়াল পোর্টালে দেখুন। এটি একটি স্বয়ংক্রিয় তথ্য বার্তা।",legitimate,0,train,train,SMS,,Informational / Service Notice,,Travel Service,Bangla,Bengali,Low,High,Synthetic; non-deployable,Redacted placeholder only,Redacted,False,Ready for human review,synthetic_generation,"Generated for legitimate/non-scam baseline in defensive phishing-detection research; no real phone numbers, account numbers, OTPs, PINs, or live URLs included.",BanglaPhish_Half2_H2D11-H2D15_Legitimate_v1.csv
H2D12_0034,BanglaPhish-2026,1.0,H2D12,Travel & Ticket Confirmations,Train Ticket Confirmation,"রেল টিকিট বুকিং সফল। কোচ [COACH_NO], সিট [SEAT_NO]। বিস্তারিত অফিসিয়াল পোর্টালে দেখুন। ব্যক্তিগত তথ্য বা গোপন কোড শেয়ার করবেন না।",legitimate,0,train,train,SMS,,Informational / Service Notice,,Travel Service,Bangla,Bengali,Low,High,Synthetic; non-deployable,Redacted placeholder only,Redacted,False,Ready for human review,synthetic_generation,"Generated for legitimate/non-scam baseline in defensive phishing-detection research; no real phone numbers, account numbers, OTPs, PINs, or live URLs included.",BanglaPhish_Half2_H2D11-H2D15_Legitimate_v1.csv
H2D12_0037,BanglaPhish-2026,1.0,H2D12,Travel & Ticket Confirmations,Train Ticket Confirmation,"রেল টিকিট বুকিং সফল। কোচ [COACH_NO], সিট [SEAT_NO]। বিস্তারিত অফিসিয়াল পোর্টালে দেখুন। এটি একটি স্বয়ংক্রিয় তথ্য বার্তা।",legitimate,0,train,train,SMS,,Informational / Service Notice,,Travel Service,Bangla,Bengali,Low,High,Synthetic; non-deployable,Redacted placeholder only,Redacted,False,Ready for human review,synthetic_generation,"Generated for legitimate/non-scam baseline in defensive phishing-detection research; no real phone numbers, account numbers, OTPs, PINs, or live URLs included.",BanglaPhish_Half2_H2D11-H2D15_Legitimate_v1.csv
H2D12_0040,BanglaPhish-2026,1.0,H2D12,Travel & Ticket Confirmations,Train Ticket Confirmation,"রেল টিকিট বুকিং সফল। কোচ [COACH_NO], সিট [SEAT_NO]। বিস্তারিত অফিসিয়াল পোর্টালে দেখুন। ব্যক্তিগত তথ্য বা গোপন কোড শেয়ার করবেন না।",legitimate,0,train,train,SMS,,Informational / Service Notice,,Travel Service,Bangla,Bengali,Low,High,Synthetic; non-deployable,Redacted placeholder only,Redacted,False,Ready for human review,synthetic_generation,"Generated for legitimate/non-scam baseline in defensive phishing-detection research; no real phone numbers, account numbers, OTPs, PINs, or live URLs included.",BanglaPhish_Half2_H2D11-H2D15_Legitimate_v1.csv
H2D12_0048,BanglaPhish-2026,1.0,H2D12,Travel & Ticket Confirmations,Flight Booking Confirmation,[TRAVEL_OPERATOR]: ফ্লাইট টিকিট ইস্যু সম্পন্ন। বিস্তারিত [OFFICIAL_APP] এ দেখা যাবে। ব্যক্তিগত তথ্য বা গোপন কোড শেয়ার করবেন না।,legitimate,0,train,train,App Notification,,Informational / Service Notice,,Travel Service,Bangla,Bengali,Low,High,Synthetic; non-deployable,Redacted placeholder only,Redacted,False,Ready for human review,synthetic_generation,"Generated for legitimate/non-scam baseline in defensive phishing-detection research; no real phone numbers, account numbers, OTPs, PINs, or live URLs included.",BanglaPhish_Half2_H2D11-H2D15_Legitimate_v1.csv
H2D12_0051,BanglaPhish-2026,1.0,H2D12,Travel & Ticket Confirmations,Flight Booking Confirmation,[TRAVEL_OPERATOR]: ফ্লাইট টিকিট ইস্যু সম্পন্ন। বিস্তারিত [OFFICIAL_APP] এ দেখা যাবে। এটি একটি স্বয়ংক্রিয় তথ্য বার্তা।,legitimate,0,train,train,App Notification,,Informational / Service Notice,,Travel Service,Bangla,Bengali,Low,High,Synthetic; non-deployable,Redacted placeholder only,Redacted,False,Ready for human review,synthetic_generation,"Generated for legitimate/non-scam baseline in defensive phishing-detection research; no real phone numbers, account numbers, OTPs, PINs, or live URLs included.",BanglaPhish_Half2_H2D11-H2D15_Legitimate_v1.csv
H2D12_0054,BanglaPhish-2026,1.0,H2D12,Travel & Ticket Confirmations,Flight Booking Confirmation,[TRAVEL_OPERATOR]: ফ্লাইট টিকিট ইস্যু সম্পন্ন। বিস্তারিত [OFFICIAL_APP] এ দেখা যাবে। ব্যক্তিগত তথ্য বা গোপন কোড শেয়ার করবেন না।,legitimate,0,train,train,App Notification,,Informational / Service Notice,,Travel Service,Bangla,Bengali,Low,High,Synthetic; non-deployable,Redacted placeholder only,Redacted,False,Ready for human review,synthetic_generation,"Generated for legitimate/non-scam baseline in defensive phishing-detection research; no real phone numbers, account numbers, OTPs, PINs, or live URLs included.",BanglaPhish_Half2_H2D11-H2D15_Legitimate_v1.csv
H2D12_0057,BanglaPhish-2026,1.0,H2D12,Travel & Ticket Confirmations,Flight Booking Confirmation,[TRAVEL_OPERATOR]: ফ্লাইট টিকিট ইস্যু সম্পন্ন। বিস্তারিত [OFFICIAL_APP] এ দেখা যাবে। এটি একটি স্বয়ংক্রিয় তথ্য বার্তা।,legitimate,0,train,train,App Notification,,Informational / Service Notice,,Travel Service,Bangla,Bengali,Low,High,Synthetic; non-deployable,Redacted placeholder only,Redacted,False,Ready for human review,synthetic_generation,"Generated for legitimate/non-scam baseline in defensive phishing-detection research; no real phone numbers, account numbers, OTPs, PINs, or live URLs included.",BanglaPhish_Half2_H2D11-H2D15_Legitimate_v1.csv
H2D12_0060,BanglaPhish-2026,1.0,H2D12,Travel & Ticket Confirmations,Flight Booking Confirmation,[TRAVEL_OPERATOR]: ফ্লাইট টিকিট ইস্যু সম্পন্ন। বিস্তারিত [OFFICIAL_APP] এ দেখা যাবে। ব্যক্তিগত তথ্য বা গোপন কোড শেয়ার করবেন না।,legitimate,0,train,train,App Notification,,Informational / Service Notice,,Travel Service,Bangla,Bengali,Low,High,Synthetic; non-deployable,Redacted placeholder only,Redacted,False,Ready for human review,synthetic_generation,"Generated for legitimate/non-scam baseline in defensive phishing-detection research; no real phone numbers, account numbers, OTPs, PINs, or live URLs included.",BanglaPhish_Half2_H2D11-H2D15_Legitimate_v1.csv
H2D12_0068,BanglaPhish-2026,1.0,H2D12,Travel & Ticket Confirmations,Hotel Reservation Notice,[RESORT_NAME]: রুম বুকিং সফল। অতিথি রেফারেন্স [GUEST_REF]। বিস্তারিত অফিসিয়াল রিজার্ভেশনে দেখুন। ব্যক্তিগত তথ্য বা গোপন কোড শেয়ার করবেন না।,legitimate,0,train,train,Email,,Informational / Service Notice,,Travel Service,Bangla,Bengali,Low,High,Synthetic; non-deployable,Redacted placeholder only,Redacted,False,Ready for human review,synthetic_generation,"Generated for legitimate/non-scam baseline in defensive phishing-detection research; no real phone numbers, account numbers, OTPs, PINs, or live URLs included.",BanglaPhish_Half2_H2D11-H2D15_Legitimate_v1.csv
H2D12_0071,BanglaPhish-2026,1.0,H2D12,Travel & Ticket Confirmations,Hotel Reservation Notice,[RESORT_NAME]: রুম বুকিং সফল। অতিথি রেফারেন্স [GUEST_REF]। বিস্তারিত অফিসিয়াল রিজার্ভেশনে দেখুন। এটি একটি স্বয়ংক্রিয় তথ্য বার্তা।,legitimate,0,train,train,Email,,Informational / Service Notice,,Travel Service,Bangla,Bengali,Low,High,Synthetic; non-deployable,Redacted placeholder only,Redacted,False,Ready for human review,synthetic_generation,"Generated for legitimate/non-scam baseline in defensive phishing-detection research; no real phone numbers, account numbers, OTPs, PINs, or live URLs included.",BanglaPhish_Half2_H2D11-H2D15_Legitimate_v1.csv
H2D12_0074,BanglaPhish-2026,1.0,H2D12,Travel & Ticket Confirmations,Hotel Reservation Notice,[RESORT_NAME]: রুম বুকিং সফল। অতিথি রেফারেন্স [GUEST_REF]। বিস্তারিত অফিসিয়াল রিজার্ভেশনে দেখুন। ব্যক্তিগত তথ্য বা গোপন কোড শেয়ার করবেন না।,legitimate,0,train,train,Email,,Informational / Service Notice,,Travel Service,Bangla,Bengali,Low,High,Synthetic; non-deployable,Redacted placeholder only,Redacted,False,Ready for human review,synthetic_generation,"Generated for legitimate/non-scam baseline in defensive phishing-detection research; no real phone numbers, account numbers, OTPs, PINs, or live URLs included.",BanglaPhish_Half2_H2D11-H2D15_Legitimate_v1.csv
H2D12_0077,BanglaPhish-2026,1.0,H2D12,Travel & Ticket Confirmations,Hotel Reservation Notice,[RESORT_NAME]: রুম বুকিং সফল। অতিথি রেফারেন্স [GUEST_REF]। বিস্তারিত অফিসিয়াল রিজার্ভেশনে দেখুন। এটি একটি স্বয়ংক্রিয় তথ্য বার্তা।,legitimate,0,train,train,Email,,Informational / Service Notice,,Travel Service,Bangla,Bengali,Low,High,Synthetic; non-deployable,Redacted placeholder only,Redacted,False,Ready for human review,synthetic_generation,"Generated for legitimate/non-scam baseline in defensive phishing-detection research; no real phone numbers, account numbers, OTPs, PINs, or live URLs included.",BanglaPhish_Half2_H2D11-H2D15_Legitimate_v1.csv
H2D12_0080,BanglaPhish-2026,1.0,H2D12,Travel & Ticket Confirmations,Hotel Reservation Notice,[RESORT_NAME]: রুম বুকিং সফল। অতিথি রেফারেন্স [GUEST_REF]। বিস্তারিত অফিসিয়াল রিজার্ভেশনে দেখুন। ব্যক্তিগত তথ্য বা গোপন কোড শেয়ার করবেন না।,legitimate,0,train,train,Email,,Informational / Service Notice,,Travel Service,Bangla,Bengali,Low,High,Synthetic; non-deployable,Redacted placeholder only,Redacted,False,Ready for human review,synthetic_generation,"Generated for legitimate/non-scam baseline in defensive phishing-detection research; no real phone numbers, account numbers, OTPs, PINs, or live URLs included.",BanglaPhish_Half2_H2D11-H2D15_Legitimate_v1.csv
H2D12_0087,BanglaPhish-2026,1.0,H2D12,Travel & Ticket Confirmations,Ride Booking Update,আপনার রাইড বুকিং গ্রহণ করা হয়েছে। ট্রিপ আইডি [TRIP_ID]। আনুমানিক আগমনের সময় [TIME_SLOT_02]। এটি একটি স্বয়ংক্রিয় তথ্য বার্তা।,legitimate,0,train,train,App Notification,,Informational / Service Notice,,Travel Service,Bangla,Bengali,Low,High,Synthetic; non-deployable,Redacted placeholder only,Redacted,False,Ready for human review,synthetic_generation,"Generated for legitimate/non-scam baseline in defensive phishing-detection research; no real phone numbers, account numbers, OTPs, PINs, or live URLs included.",BanglaPhish_Half2_H2D11-H2D15_Legitimate_v1.csv
H2D12_0088,BanglaPhish-2026,1.0,H2D12,Travel & Ticket Confirmations,Ride Booking Update,[AIRLINE_NAME]: রাইড স্ট্যাটাস আপডেট। চালক তথ্য অফিসিয়াল অ্যাপে দেখা যাবে। ব্যক্তিগত তথ্য বা গোপন কোড শেয়ার করবেন না।,legitimate,0,train,train,SMS,,Informational / Service Notice,,Travel Service,Bangla,Bengali,Low,High,Synthetic; non-deployable,Redacted placeholder only,Redacted,False,Ready for human review,synthetic_generation,"Generated for legitimate/non-scam baseline in defensive phishing-detection research; no real phone numbers, account numbers, OTPs, PINs, or live URLs included.",BanglaPhish_Half2_H2D11-H2D15_Legitimate_v1.csv
H2D12_0089,BanglaPhish-2026,1.0,H2D12,Travel & Ticket Confirmations,Ride Booking Update,"রাইড নোটিফিকেশন: পিকআপ [PICKUP_AREA], গন্তব্য [DROP_AREA], ট্রিপ [TRIP_ID]। এটি একটি স্বয়ংক্রিয় তথ্য বার্তা।",legitimate,0,train,train,Email,,Informational / Service Notice,,Travel Service,Bangla,Bengali,Low,High,Synthetic; non-deployable,Redacted placeholder only,Redacted,False,Ready for human review,synthetic_generation,"Generated for legitimate/non-scam baseline in defensive phishing-detection research; no real phone numbers, account numbers, OTPs, PINs, or live URLs included.",BanglaPhish_Half2_H2D11-H2D15_Legitimate_v1.csv
H2D12_0090,BanglaPhish-2026,1.0,H2D12,Travel & Ticket Confirmations,Ride Booking Update,আপনার রাইড বুকিং গ্রহণ করা হয়েছে। ট্রিপ আইডি [TRIP_ID]। আনুমানিক আগমনের সময় [TIME_SLOT_04]। ব্যক্তিগত তথ্য বা গোপন কোড শেয়ার করবেন না।,legitimate,0,train,train,App Notification,,Informational / Service Notice,,Travel Service,Bangla,Bengali,Low,High,Synthetic; non-deployable,Redacted placeholder only,Redacted,False,Ready for human review,synthetic_generation,"Generated for legitimate/non-scam baseline in defensive phishing-detection research; no real phone numbers, account numbers, OTPs, PINs, or live URLs included.",BanglaPhish_Half2_H2D11-H2D15_Legitimate_v1.csv
H2D12_0091,BanglaPhish-2026,1.0,H2D12,Travel & Ticket Confirmations,Ride Booking Update,[AIRLINE_NAME]: রাইড স্ট্যাটাস আপডেট। চালক তথ্য অফিসিয়াল অ্যাপে দেখা যাবে। এটি একটি স্বয়ংক্রিয় তথ্য বার্তা।,legitimate,0,train,train,SMS,,Informational / Service Notice,,Travel Service,Bangla,Bengali,Low,High,Synthetic; non-deployable,Redacted placeholder only,Redacted,False,Ready for human review,synthetic_generation,"Generated for legitimate/non-scam baseline in defensive phishing-detection research; no real phone numbers, account numbers, OTPs, PINs, or live URLs included.",BanglaPhish_Half2_H2D11-H2D15_Legitimate_v1.csv
H2D12_0092,BanglaPhish-2026,1.0,H2D12,Travel & Ticket Confirmations,Ride Booking Update,"রাইড নোটিফিকেশন: পিকআপ [PICKUP_AREA], গন্তব্য [DROP_AREA], ট্রিপ [TRIP_ID]। ব্যক্তিগত তথ্য বা গোপন কোড শেয়ার করবেন না।",legitimate,0,train,train,Email,,Informational / Service Notice,,Travel Service,Bangla,Bengali,Low,High,Synthetic; non-deployable,Redacted placeholder only,Redacted,False,Ready for human review,synthetic_generation,"Generated for legitimate/non-scam baseline in defensive phishing-detection research; no real phone numbers, account numbers, OTPs, PINs, or live URLs included.",BanglaPhish_Half2_H2D11-H2D15_Legitimate_v1.csv
H2D12_0093,BanglaPhish-2026,1.0,H2D12,Travel & Ticket Confirmations,Ride Booking Update,আপনার রাইড বুকিং গ্রহণ করা হয়েছে। ট্রিপ আইডি [TRIP_ID]। আনুমানিক আগমনের সময় [TIME_SLOT_02]। এটি একটি স্বয়ংক্রিয় তথ্য বার্তা।,legitimate,0,train,train,App Notification,,Informational / Service Notice,,Travel Service,Bangla,Bengali,Low,High,Synthetic; non-deployable,Redacted placeholder only,Redacted,False,Ready for human review,synthetic_generation,"Generated for legitimate/non-scam baseline in defensive phishing-detection research; no real phone numbers, account numbers, OTPs, PINs, or live URLs included.",BanglaPhish_Half2_H2D11-H2D15_Legitimate_v1.csv
H2D12_0094,BanglaPhish-2026,1.0,H2D12,Travel & Ticket Confirmations,Ride Booking Update,[AIRLINE_NAME]: রাইড স্ট্যাটাস আপডেট। চালক তথ্য অফিসিয়াল অ্যাপে দেখা যাবে। ব্যক্তিগত তথ্য বা গোপন কোড শেয়ার করবেন না।,legitimate,0,train,train,SMS,,Informational / Service Notice,,Travel Service,Bangla,Bengali,Low,High,Synthetic; non-deployable,Redacted placeholder only,Redacted,False,Ready for human review,synthetic_generation,"Generated for legitimate/non-scam baseline in defensive phishing-detection research; no real phone numbers, account numbers, OTPs, PINs, or live URLs included.",BanglaPhish_Half2_H2D11-H2D15_Legitimate_v1.csv
H2D12_0095,BanglaPhish-2026,1.0,H2D12,Travel & Ticket Confirmations,Ride Booking Update,"রাইড নোটিফিকেশন: পিকআপ [PICKUP_AREA], গন্তব্য [DROP_AREA], ট্রিপ [TRIP_ID]। এটি একটি স্বয়ংক্রিয় তথ্য বার্তা।",legitimate,0,train,train,Email,,Informational / Service Notice,,Travel Service,Bangla,Bengali,Low,High,Synthetic; non-deployable,Redacted placeholder only,Redacted,False,Ready for human review,synthetic_generation,"Generated for legitimate/non-scam baseline in defensive phishing-detection research; no real phone numbers, account numbers, OTPs, PINs, or live URLs included.",BanglaPhish_Half2_H2D11-H2D15_Legitimate_v1.csv
H2D12_0096,BanglaPhish-2026,1.0,H2D12,Travel & Ticket Confirmations,Ride Booking Update,আপনার রাইড বুকিং গ্রহণ করা হয়েছে। ট্রিপ আইডি [TRIP_ID]। আনুমানিক আগমনের সময় [TIME_SLOT_04]। ব্যক্তিগত তথ্য বা গোপন কোড শেয়ার করবেন না।,legitimate,0,train,train,App Notification,,Informational / Service Notice,,Travel Service,Bangla,Bengali,Low,High,Synthetic; non-deployable,Redacted placeholder only,Redacted,False,Ready for human review,synthetic_generation,"Generated for legitimate/non-scam baseline in defensive phishing-detection research; no real phone numbers, account numbers, OTPs, PINs, or live URLs included.",BanglaPhish_Half2_H2D11-H2D15_Legitimate_v1.csv
H2D12_0097,BanglaPhish-2026,1.0,H2D12,Travel & Ticket Confirmations,Ride Booking Update,[AIRLINE_NAME]: রাইড স্ট্যাটাস আপডেট। চালক তথ্য অফিসিয়াল অ্যাপে দেখা যাবে। এটি একটি স্বয়ংক্রিয় তথ্য বার্তা।,legitimate,0,train,train,SMS,,Informational / Service Notice,,Travel Service,Bangla,Bengali,Low,High,Synthetic; non-deployable,Redacted placeholder only,Redacted,False,Ready for human review,synthetic_generation,"Generated for legitimate/non-scam baseline in defensive phishing-detection research; no real phone numbers, account numbers, OTPs, PINs, or live URLs included.",BanglaPhish_Half2_H2D11-H2D15_Legitimate_v1.csv
H2D12_0098,BanglaPhish-2026,1.0,H2D12,Travel & Ticket Confirmations,Ride Booking Update,"রাইড নোটিফিকেশন: পিকআপ [PICKUP_AREA], গন্তব্য [DROP_AREA], ট্রিপ [TRIP_ID]। ব্যক্তিগত তথ্য বা গোপন কোড শেয়ার করবেন না।",legitimate,0,train,train,Email,,Informational / Service Notice,,Travel Service,Bangla,Bengali,Low,High,Synthetic; non-deployable,Redacted placeholder only,Redacted,False,Ready for human review,synthetic_generation,"Generated for legitimate/non-scam baseline in defensive phishing-detection research; no real phone numbers, account numbers, OTPs, PINs, or live URLs included.",BanglaPhish_Half2_H2D11-H2D15_Legitimate_v1.csv
H2D12_0099,BanglaPhish-2026,1.0,H2D12,Travel & Ticket Confirmations,Ride Booking Update,আপনার রাইড বুকিং গ্রহণ করা হয়েছে। ট্রিপ আইডি [TRIP_ID]। আনুমানিক আগমনের সময় [TIME_SLOT_02]। এটি একটি স্বয়ংক্রিয় তথ্য বার্তা।,legitimate,0,train,train,App Notification,,Informational / Service Notice,,Travel Service,Bangla,Bengali,Low,High,Synthetic; non-deployable,Redacted placeholder only,Redacted,False,Ready for human review,synthetic_generation,"Generated for legitimate/non-scam baseline in defensive phishing-detection research; no real phone numbers, account numbers, OTPs, PINs, or live URLs included.",BanglaPhish_Half2_H2D11-H2D15_Legitimate_v1.csv
H2D12_0100,BanglaPhish-2026,1.0,H2D12,Travel & Ticket Confirmations,Ride Booking Update,[AIRLINE_NAME]: রাইড স্ট্যাটাস আপডেট। চালক তথ্য অফিসিয়াল অ্যাপে দেখা যাবে। ব্যক্তিগত তথ্য বা গোপন কোড শেয়ার করবেন না।,legitimate,0,train,train,SMS,,Informational / Service Notice,,Travel Service,Bangla,Bengali,Low,High,Synthetic; non-deployable,Redacted placeholder only,Redacted,False,Ready for human review,synthetic_generation,"Generated for legitimate/non-scam baseline in defensive phishing-detection research; no real phone numbers, account numbers, OTPs, PINs, or live URLs included.",BanglaPhish_Half2_H2D11-H2D15_Legitimate_v1.csv
H2D12_0108,BanglaPhish-2026,1.0,H2D12,Travel & Ticket Confirmations,Boarding Reminder,বোর্ডিং নোটিস: টিকিট [TICKET_ID] এর যাত্রা [TIME_SLOT_04] এ শুরু হবে। ব্যক্তিগত তথ্য বা গোপন কোড শেয়ার করবেন না।,legitimate,0,train,train,App Notification,,Informational / Service Notice,,Travel Service,Bangla,Bengali,Low,High,Synthetic; non-deployable,Redacted placeholder only,Redacted,False,Ready for human review,synthetic_generation,"Generated for legitimate/non-scam baseline in defensive phishing-detection research; no real phone numbers, account numbers, OTPs, PINs, or live URLs included.",BanglaPhish_Half2_H2D11-H2D15_Legitimate_v1.csv
H2D12_0109,BanglaPhish-2026,1.0,H2D12,Travel & Ticket Confirmations,Boarding Reminder,[TRANSPORT_OPERATOR]: আপনার ভ্রমণের সময় ঘনিয়ে এসেছে। অফিসিয়াল টিকিট সঙ্গে রাখুন। এটি একটি স্বয়ংক্রিয় তথ্য বার্তা।,legitimate,0,train,train,SMS,,Informational / Service Notice,,Travel Service,Bangla,Bengali,Low,High,Synthetic; non-deployable,Redacted placeholder only,Redacted,False,Ready for human review,synthetic_generation,"Generated for legitimate/non-scam baseline in defensive phishing-detection research; no real phone numbers, account numbers, OTPs, PINs, or live URLs included.",BanglaPhish_Half2_H2D11-H2D15_Legitimate_v1.csv
H2D12_0111,BanglaPhish-2026,1.0,H2D12,Travel & Ticket Confirmations,Boarding Reminder,বোর্ডিং নোটিস: টিকিট [TICKET_ID] এর যাত্রা [TIME_SLOT_02] এ শুরু হবে। এটি একটি স্বয়ংক্রিয় তথ্য বার্তা।,legitimate,0,train,train,App Notification,,Informational / Service Notice,,Travel Service,Bangla,Bengali,Low,High,Synthetic; non-deployable,Redacted placeholder only,Redacted,False,Ready for human review,synthetic_generation,"Generated for legitimate/non-scam baseline in defensive phishing-detection research; no real phone numbers, account numbers, OTPs, PINs, or live URLs included.",BanglaPhish_Half2_H2D11-H2D15_Legitimate_v1.csv
H2D12_0112,BanglaPhish-2026,1.0,H2D12,Travel & Ticket Confirmations,Boarding Reminder,[TRANSPORT_OPERATOR]: আপনার ভ্রমণের সময় ঘনিয়ে এসেছে। অফিসিয়াল টিকিট সঙ্গে রাখুন। ব্যক্তিগত তথ্য বা গোপন কোড শেয়ার করবেন না।,legitimate,0,train,train,SMS,,Informational / Service Notice,,Travel Service,Bangla,Bengali,Low,High,Synthetic; non-deployable,Redacted placeholder only,Redacted,False,Ready for human review,synthetic_generation,"Generated for legitimate/non-scam baseline in defensive phishing-detection research; no real phone numbers, account numbers, OTPs, PINs, or live URLs included.",BanglaPhish_Half2_H2D11-H2D15_Legitimate_v1.csv
H2D12_0114,BanglaPhish-2026,1.0,H2D12,Travel & Ticket Confirmations,Boarding Reminder,বোর্ডিং নোটিস: টিকিট [TICKET_ID] এর যাত্রা [TIME_SLOT_04] এ শুরু হবে। ব্যক্তিগত তথ্য বা গোপন কোড শেয়ার করবেন না।,legitimate,0,train,train,App Notification,,Informational / Service Notice,,Travel Service,Bangla,Bengali,Low,High,Synthetic; non-deployable,Redacted placeholder only,Redacted,False,Ready for human review,synthetic_generation,"Generated for legitimate/non-scam baseline in defensive phishing-detection research; no real phone numbers, account numbers, OTPs, PINs, or live URLs included.",BanglaPhish_Half2_H2D11-H2D15_Legitimate_v1.csv
H2D12_0115,BanglaPhish-2026,1.0,H2D12,Travel & Ticket Confirmations,Boarding Reminder,[TRANSPORT_OPERATOR]: আপনার ভ্রমণের সময় ঘনিয়ে এসেছে। অফিসিয়াল টিকিট সঙ্গে রাখুন। এটি একটি স্বয়ংক্রিয় তথ্য বার্তা।,legitimate,0,train,train,SMS,,Informational / Service Notice,,Travel Service,Bangla,Bengali,Low,High,Synthetic; non-deployable,Redacted placeholder only,Redacted,False,Ready for human review,synthetic_generation,"Generated for legitimate/non-scam baseline in defensive phishing-detection research; no real phone numbers, account numbers, OTPs, PINs, or live URLs included.",BanglaPhish_Half2_H2D11-H2D15_Legitimate_v1.csv
H2D12_0117,BanglaPhish-2026,1.0,H2D12,Travel & Ticket Confirmations,Boarding Reminder,বোর্ডিং নোটিস: টিকিট [TICKET_ID] এর যাত্রা [TIME_SLOT_02] এ শুরু হবে। এটি একটি স্বয়ংক্রিয় তথ্য বার্তা।,legitimate,0,train,train,App Notification,,Informational / Service Notice,,Travel Service,Bangla,Bengali,Low,High,Synthetic; non-deployable,Redacted placeholder only,Redacted,False,Ready for human review,synthetic_generation,"Generated for legitimate/non-scam baseline in defensive phishing-detection research; no real phone numbers, account numbers, OTPs, PINs, or live URLs included.",BanglaPhish_Half2_H2D11-H2D15_Legitimate_v1.csv
H2D12_0118,BanglaPhish-2026,1.0,H2D12,Travel & Ticket Confirmations,Boarding Reminder,[TRANSPORT_OPERATOR]: আপনার ভ্রমণের সময় ঘনিয়ে এসেছে। অফিসিয়াল টিকিট সঙ্গে রাখুন। ব্যক্তিগত তথ্য বা গোপন কোড শেয়ার করবেন না।,legitimate,0,train,train,SMS,,Informational / Service Notice,,Travel Service,Bangla,Bengali,Low,High,Synthetic; non-deployable,Redacted placeholder only,Redacted,False,Ready for human review,synthetic_generation,"Generated for legitimate/non-scam baseline in defensive phishing-detection research; no real phone numbers, account numbers, OTPs, PINs, or live URLs included.",BanglaPhish_Half2_H2D11-H2D15_Legitimate_v1.csv
H2D12_0120,BanglaPhish-2026,1.0,H2D12,Travel & Ticket Confirmations,Boarding Reminder,বোর্ডিং নোটিস: টিকিট [TICKET_ID] এর যাত্রা [TIME_SLOT_04] এ শুরু হবে। ব্যক্তিগত তথ্য বা গোপন কোড শেয়ার করবেন না।,legitimate,0,train,train,App Notification,,Informational / Service Notice,,Travel Service,Bangla,Bengali,Low,High,Synthetic; non-deployable,Redacted placeholder only,Redacted,False,Ready for human review,synthetic_generation,"Generated for legitimate/non-scam baseline in defensive phishing-detection research; no real phone numbers, account numbers, OTPs, PINs, or live URLs included.",BanglaPhish_Half2_H2D11-H2D15_Legitimate_v1.csv
H2D12_0127,BanglaPhish-2026,1.0,H2D12,Travel & Ticket Confirmations,Reschedule Notice,আপনার যাত্রার সময়সূচি পরিবর্তন হয়েছে। নতুন সময়: [TIME_SLOT_02]। টিকিট আইডি [TICKET_ID]। এটি একটি স্বয়ংক্রিয় তথ্য বার্তা।,legitimate,0,train,train,SMS,,Informational / Service Notice,,Travel Service,Bangla,Bengali,Low,High,Synthetic; non-deployable,Redacted placeholder only,Redacted,False,Ready for human review,synthetic_generation,"Generated for legitimate/non-scam baseline in defensive phishing-detection research; no real phone numbers, account numbers, OTPs, PINs, or live URLs included.",BanglaPhish_Half2_H2D11-H2D15_Legitimate_v1.csv
H2D12_0130,BanglaPhish-2026,1.0,H2D12,Travel & Ticket Confirmations,Reschedule Notice,আপনার যাত্রার সময়সূচি পরিবর্তন হয়েছে। নতুন সময়: [TIME_SLOT_04]। টিকিট আইডি [TICKET_ID]। ব্যক্তিগত তথ্য বা গোপন কোড শেয়ার করবেন না।,legitimate,0,train,train,SMS,,Informational / Service Notice,,Travel Service,Bangla,Bengali,Low,High,Synthetic; non-deployable,Redacted placeholder only,Redacted,False,Ready for human review,synthetic_generation,"Generated for legitimate/non-scam baseline in defensive phishing-detection research; no real phone numbers, account numbers, OTPs, PINs, or live URLs included.",BanglaPhish_Half2_H2D11-H2D15_Legitimate_v1.csv
H2D12_0133,BanglaPhish-2026,1.0,H2D12,Travel & Ticket Confirmations,Reschedule Notice,আপনার যাত্রার সময়সূচি পরিবর্তন হয়েছে। নতুন সময়: [TIME_SLOT_02]। টিকিট আইডি [TICKET_ID]। এটি একটি স্বয়ংক্রিয় তথ্য বার্তা।,legitimate,0,train,train,SMS,,Informational / Service Notice,,Travel Service,Bangla,Bengali,Low,High,Synthetic; non-deployable,Redacted placeholder only,Redacted,False,Ready for human review,synthetic_generation,"Generated for legitimate/non-scam baseline in defensive phishing-detection research; no real phone numbers, account numbers, OTPs, PINs, or live URLs included.",BanglaPhish_Half2_H2D11-H2D15_Legitimate_v1.csv
H2D12_0136,BanglaPhish-2026,1.0,H2D12,Travel & Ticket Confirmations,Reschedule Notice,আপনার যাত্রার সময়সূচি পরিবর্তন হয়েছে। নতুন সময়: [TIME_SLOT_04]। টিকিট আইডি [TICKET_ID]। ব্যক্তিগত তথ্য বা গোপন কোড শেয়ার করবেন না।,legitimate,0,train,train,SMS,,Informational / Service Notice,,Travel Service,Bangla,Bengali,Low,High,Synthetic; non-deployable,Redacted placeholder only,Redacted,False,Ready for human review,synthetic_generation,"Generated for legitimate/non-scam baseline in defensive phishing-detection research; no real phone numbers, account numbers, OTPs, PINs, or live URLs included.",BanglaPhish_Half2_H2D11-H2D15_Legitimate_v1.csv
H2D12_0139,BanglaPhish-2026,1.0,H2D12,Travel & Ticket Confirmations,Reschedule Notice,আপনার যাত্রার সময়সূচি পরিবর্তন হয়েছে। নতুন সময়: [TIME_SLOT_02]। টিকিট আইডি [TICKET_ID]। এটি একটি স্বয়ংক্রিয় তথ্য বার্তা।,legitimate,0,train,train,SMS,,Informational / Service Notice,,Travel Service,Bangla,Bengali,Low,High,Synthetic; non-deployable,Redacted placeholder only,Redacted,False,Ready for human review,synthetic_generation,"Generated for legitimate/non-scam baseline in defensive phishing-detection research; no real phone numbers, account numbers, OTPs, PINs, or live URLs included.",BanglaPhish_Half2_H2D11-H2D15_Legitimate_v1.csv
H2D12_0147,BanglaPhish-2026,1.0,H2D12,Travel & Ticket Confirmations,Cancellation Confirmation,আপনার টিকিট বাতিলের অনুরোধ সম্পন্ন হয়েছে। রেফারেন্স [CANCEL_ID]। রিফান্ড নীতিমালা অফিসিয়াল পোর্টালে দেখুন। এটি একটি স্বয়ংক্রিয় তথ্য বার্তা।,legitimate,0,validation,validation,App Notification,,Informational / Service Notice,,Travel Service,Bangla,Bengali,Low,High,Synthetic; non-deployable,Redacted placeholder only,Redacted,False,Ready for human review,synthetic_generation,"Generated for legitimate/non-scam baseline in defensive phishing-detection research; no real phone numbers, account numbers, OTPs, PINs, or live URLs included.",BanglaPhish_Half2_H2D11-H2D15_Legitimate_v1.csv
H2D12_0148,BanglaPhish-2026,1.0,H2D12,Travel & Ticket Confirmations,Cancellation Confirmation,[AIRLINE_NAME]: বুকিং [BOOKING_ID] বাতিল করা হয়েছে। কোনো সংবেদনশীল কোড চাইবে না। ব্যক্তিগত তথ্য বা গোপন কোড শেয়ার করবেন না।,legitimate,0,validation,validation,SMS,,Informational / Service Notice,,Travel Service,Bangla,Bengali,Low,High,Synthetic; non-deployable,Redacted placeholder only,Redacted,False,Ready for human review,synthetic_generation,"Generated for legitimate/non-scam baseline in defensive phishing-detection research; no real phone numbers, account numbers, OTPs, PINs, or live URLs included.",BanglaPhish_Half2_H2D11-H2D15_Legitimate_v1.csv
H2D12_0149,BanglaPhish-2026,1.0,H2D12,Travel & Ticket Confirmations,Cancellation Confirmation,"ক্যানসেলেশন কনফার্মেশন: টিকিট [TICKET_ID], স্ট্যাটাস সম্পন্ন। এটি একটি স্বয়ংক্রিয় তথ্য বার্তা।",legitimate,0,validation,validation,Email,,Informational / Service Notice,,Travel Service,Bangla,Bengali,Low,High,Synthetic; non-deployable,Redacted placeholder only,Redacted,False,Ready for human review,synthetic_generation,"Generated for legitimate/non-scam baseline in defensive phishing-detection research; no real phone numbers, account numbers, OTPs, PINs, or live URLs included.",BanglaPhish_Half2_H2D11-H2D15_Legitimate_v1.csv
H2D12_0150,BanglaPhish-2026,1.0,H2D12,Travel & Ticket Confirmations,Cancellation Confirmation,আপনার টিকিট বাতিলের অনুরোধ সম্পন্ন হয়েছে। রেফারেন্স [CANCEL_ID]। রিফান্ড নীতিমালা অফিসিয়াল পোর্টালে দেখুন। ব্যক্তিগত তথ্য বা গোপন কোড শেয়ার করবেন না।,legitimate,0,validation,validation,App Notification,,Informational / Service Notice,,Travel Service,Bangla,Bengali,Low,High,Synthetic; non-deployable,Redacted placeholder only,Redacted,False,Ready for human review,synthetic_generation,"Generated for legitimate/non-scam baseline in defensive phishing-detection research; no real phone numbers, account numbers, OTPs, PINs, or live URLs included.",BanglaPhish_Half2_H2D11-H2D15_Legitimate_v1.csv
H2D12_0151,BanglaPhish-2026,1.0,H2D12,Travel & Ticket Confirmations,Cancellation Confirmation,[AIRLINE_NAME]: বুকিং [BOOKING_ID] বাতিল করা হয়েছে। কোনো সংবেদনশীল কোড চাইবে না। এটি একটি স্বয়ংক্রিয় তথ্য বার্তা।,legitimate,0,validation,validation,SMS,,Informational / Service Notice,,Travel Service,Bangla,Bengali,Low,High,Synthetic; non-deployable,Redacted placeholder only,Redacted,False,Ready for human review,synthetic_generation,"Generated for legitimate/non-scam baseline in defensive phishing-detection research; no real phone numbers, account numbers, OTPs, PINs, or live URLs included.",BanglaPhish_Half2_H2D11-H2D15_Legitimate_v1.csv
H2D12_0152,BanglaPhish-2026,1.0,H2D12,Travel & Ticket Confirmations,Cancellation Confirmation,"ক্যানসেলেশন কনফার্মেশন: টিকিট [TICKET_ID], স্ট্যাটাস সম্পন্ন। ব্যক্তিগত তথ্য বা গোপন কোড শেয়ার করবেন না।",legitimate,0,validation,validation,Email,,Informational / Service Notice,,Travel Service,Bangla,Bengali,Low,High,Synthetic; non-deployable,Redacted placeholder only,Redacted,False,Ready for human review,synthetic_generation,"Generated for legitimate/non-scam baseline in defensive phishing-detection research; no real phone numbers, account numbers, OTPs, PINs, or live URLs included.",BanglaPhish_Half2_H2D11-H2D15_Legitimate_v1.csv
H2D12_0153,BanglaPhish-2026,1.0,H2D12,Travel & Ticket Confirmations,Cancellation Confirmation,আপনার টিকিট বাতিলের অনুরোধ সম্পন্ন হয়েছে। রেফারেন্স [CANCEL_ID]। রিফান্ড নীতিমালা অফিসিয়াল পোর্টালে দেখুন। এটি একটি স্বয়ংক্রিয় তথ্য বার্তা।,legitimate,0,validation,validation,App Notification,,Informational / Service Notice,,Travel Service,Bangla,Bengali,Low,High,Synthetic; non-deployable,Redacted placeholder only,Redacted,False,Ready for human review,synthetic_generation,"Generated for legitimate/non-scam baseline in defensive phishing-detection research; no real phone numbers, account numbers, OTPs, PINs, or live URLs included.",BanglaPhish_Half2_H2D11-H2D15_Legitimate_v1.csv
H2D12_0154,BanglaPhish-2026,1.0,H2D12,Travel & Ticket Confirmations,Cancellation Confirmation,[AIRLINE_NAME]: বুকিং [BOOKING_ID] বাতিল করা হয়েছে। কোনো সংবেদনশীল কোড চাইবে না। ব্যক্তিগত তথ্য বা গোপন কোড শেয়ার করবেন না।,legitimate,0,validation,validation,SMS,,Informational / Service Notice,,Travel Service,Bangla,Bengali,Low,High,Synthetic; non-deployable,Redacted placeholder only,Redacted,False,Ready for human review,synthetic_generation,"Generated for legitimate/non-scam baseline in defensive phishing-detection research; no real phone numbers, account numbers, OTPs, PINs, or live URLs included.",BanglaPhish_Half2_H2D11-H2D15_Legitimate_v1.csv
H2D12_0155,BanglaPhish-2026,1.0,H2D12,Travel & Ticket Confirmations,Cancellation Confirmation,"ক্যানসেলেশন কনফার্মেশন: টিকিট [TICKET_ID], স্ট্যাটাস সম্পন্ন। এটি একটি স্বয়ংক্রিয় তথ্য বার্তা।",legitimate,0,validation,validation,Email,,Informational / Service Notice,,Travel Service,Bangla,Bengali,Low,High,Synthetic; non-deployable,Redacted placeholder only,Redacted,False,Ready for human review,synthetic_generation,"Generated for legitimate/non-scam baseline in defensive phishing-detection research; no real phone numbers, account numbers, OTPs, PINs, or live URLs included.",BanglaPhish_Half2_H2D11-H2D15_Legitimate_v1.csv
H2D12_0156,BanglaPhish-2026,1.0,H2D12,Travel & Ticket Confirmations,Cancellation Confirmation,আপনার টিকিট বাতিলের অনুরোধ সম্পন্ন হয়েছে। রেফারেন্স [CANCEL_ID]। রিফান্ড নীতিমালা অফিসিয়াল পোর্টালে দেখুন। ব্যক্তিগত তথ্য বা গোপন কোড শেয়ার করবেন না।,legitimate,0,validation,validation,App Notification,,Informational / Service Notice,,Travel Service,Bangla,Bengali,Low,High,Synthetic; non-deployable,Redacted placeholder only,Redacted,False,Ready for human review,synthetic_generation,"Generated for legitimate/non-scam baseline in defensive phishing-detection research; no real phone numbers, account numbers, OTPs, PINs, or live URLs included.",BanglaPhish_Half2_H2D11-H2D15_Legitimate_v1.csv
H2D12_0157,BanglaPhish-2026,1.0,H2D12,Travel & Ticket Confirmations,Cancellation Confirmation,[AIRLINE_NAME]: বুকিং [BOOKING_ID] বাতিল করা হয়েছে। কোনো সংবেদনশীল কোড চাইবে না। এটি একটি স্বয়ংক্রিয় তথ্য বার্তা।,legitimate,0,validation,validation,SMS,,Informational / Service Notice,,Travel Service,Bangla,Bengali,Low,High,Synthetic; non-deployable,Redacted placeholder only,Redacted,False,Ready for human review,synthetic_generation,"Generated for legitimate/non-scam baseline in defensive phishing-detection research; no real phone numbers, account numbers, OTPs, PINs, or live URLs included.",BanglaPhish_Half2_H2D11-H2D15_Legitimate_v1.csv
H2D12_0158,BanglaPhish-2026,1.0,H2D12,Travel & Ticket Confirmations,Cancellation Confirmation,"ক্যানসেলেশন কনফার্মেশন: টিকিট [TICKET_ID], স্ট্যাটাস সম্পন্ন। ব্যক্তিগত তথ্য বা গোপন কোড শেয়ার করবেন না।",legitimate,0,validation,validation,Email,,Informational / Service Notice,,Travel Service,Bangla,Bengali,Low,High,Synthetic; non-deployable,Redacted placeholder only,Redacted,False,Ready for human review,synthetic_generation,"Generated for legitimate/non-scam baseline in defensive phishing-detection research; no real phone numbers, account numbers, OTPs, PINs, or live URLs included.",BanglaPhish_Half2_H2D11-H2D15_Legitimate_v1.csv
H2D12_0159,BanglaPhish-2026,1.0,H2D12,Travel & Ticket Confirmations,Cancellation Confirmation,আপনার টিকিট বাতিলের অনুরোধ সম্পন্ন হয়েছে। রেফারেন্স [CANCEL_ID]। রিফান্ড নীতিমালা অফিসিয়াল পোর্টালে দেখুন। এটি একটি স্বয়ংক্রিয় তথ্য বার্তা।,legitimate,0,validation,validation,App Notification,,Informational / Service Notice,,Travel Service,Bangla,Bengali,Low,High,Synthetic; non-deployable,Redacted placeholder only,Redacted,False,Ready for human review,synthetic_generation,"Generated for legitimate/non-scam baseline in defensive phishing-detection research; no real phone numbers, account numbers, OTPs, PINs, or live URLs included.",BanglaPhish_Half2_H2D11-H2D15_Legitimate_v1.csv
H2D12_0160,BanglaPhish-2026,1.0,H2D12,Travel & Ticket Confirmations,Cancellation Confirmation,[AIRLINE_NAME]: বুকিং [BOOKING_ID] বাতিল করা হয়েছে। কোনো সংবেদনশীল কোড চাইবে না। ব্যক্তিগত তথ্য বা গোপন কোড শেয়ার করবেন না।,legitimate,0,validation,validation,SMS,,Informational / Service Notice,,Travel Service,Bangla,Bengali,Low,High,Synthetic; non-deployable,Redacted placeholder only,Redacted,False,Ready for human review,synthetic_generation,"Generated for legitimate/non-scam baseline in defensive phishing-detection research; no real phone numbers, account numbers, OTPs, PINs, or live URLs included.",BanglaPhish_Half2_H2D11-H2D15_Legitimate_v1.csv
H2D12_0168,BanglaPhish-2026,1.0,H2D12,Travel & Ticket Confirmations,Luggage Notice,[TRAVEL_OPERATOR]: যাত্রার আগে লাগেজ নিয়ম যাচাই করুন। টিকিট [TICKET_ID]। ব্যক্তিগত তথ্য বা গোপন কোড শেয়ার করবেন না।,legitimate,0,validation,validation,App Notification,,Informational / Service Notice,,Travel Service,Bangla,Bengali,Low,High,Synthetic; non-deployable,Redacted placeholder only,Redacted,False,Ready for human review,synthetic_generation,"Generated for legitimate/non-scam baseline in defensive phishing-detection research; no real phone numbers, account numbers, OTPs, PINs, or live URLs included.",BanglaPhish_Half2_H2D11-H2D15_Legitimate_v1.csv
H2D12_0169,BanglaPhish-2026,1.0,H2D12,Travel & Ticket Confirmations,Luggage Notice,ভ্রমণ নোটিস: অতিরিক্ত লাগেজ থাকলে অফিসিয়াল কাউন্টারে যোগাযোগ করুন। এটি একটি স্বয়ংক্রিয় তথ্য বার্তা।,legitimate,0,validation,validation,SMS,,Informational / Service Notice,,Travel Service,Bangla,Bengali,Low,High,Synthetic; non-deployable,Redacted placeholder only,Redacted,False,Ready for human review,synthetic_generation,"Generated for legitimate/non-scam baseline in defensive phishing-detection research; no real phone numbers, account numbers, OTPs, PINs, or live URLs included.",BanglaPhish_Half2_H2D11-H2D15_Legitimate_v1.csv
H2D12_0171,BanglaPhish-2026,1.0,H2D12,Travel & Ticket Confirmations,Luggage Notice,[TRAVEL_OPERATOR]: যাত্রার আগে লাগেজ নিয়ম যাচাই করুন। টিকিট [TICKET_ID]। এটি একটি স্বয়ংক্রিয় তথ্য বার্তা।,legitimate,0,test,test,App Notification,,Informational / Service Notice,,Travel Service,Bangla,Bengali,Low,High,Synthetic; non-deployable,Redacted placeholder only,Redacted,False,Ready for human review,synthetic_generation,"Generated for legitimate/non-scam baseline in defensive phishing-detection research; no real phone numbers, account numbers, OTPs, PINs, or live URLs included.",BanglaPhish_Half2_H2D11-H2D15_Legitimate_v1.csv
H2D12_0172,BanglaPhish-2026,1.0,H2D12,Travel & Ticket Confirmations,Luggage Notice,ভ্রমণ নোটিস: অতিরিক্ত লাগেজ থাকলে অফিসিয়াল কাউন্টারে যোগাযোগ করুন। ব্যক্তিগত তথ্য বা গোপন কোড শেয়ার করবেন না।,legitimate,0,test,test,SMS,,Informational / Service Notice,,Travel Service,Bangla,Bengali,Low,High,Synthetic; non-deployable,Redacted placeholder only,Redacted,False,Ready for human review,synthetic_generation,"Generated for legitimate/non-scam baseline in defensive phishing-detection research; no real phone numbers, account numbers, OTPs, PINs, or live URLs included.",BanglaPhish_Half2_H2D11-H2D15_Legitimate_v1.csv
H2D12_0174,BanglaPhish-2026,1.0,H2D12,Travel & Ticket Confirmations,Luggage Notice,[TRAVEL_OPERATOR]: যাত্রার আগে লাগেজ নিয়ম যাচাই করুন। টিকিট [TICKET_ID]। ব্যক্তিগত তথ্য বা গোপন কোড শেয়ার করবেন না।,legitimate,0,test,test,App Notification,,Informational / Service Notice,,Travel Service,Bangla,Bengali,Low,High,Synthetic; non-deployable,Redacted placeholder only,Redacted,False,Ready for human review,synthetic_generation,"Generated for legitimate/non-scam baseline in defensive phishing-detection research; no real phone numbers, account numbers, OTPs, PINs, or live URLs included.",BanglaPhish_Half2_H2D11-H2D15_Legitimate_v1.csv
H2D12_0175,BanglaPhish-2026,1.0,H2D12,Travel & Ticket Confirmations,Luggage Notice,ভ্রমণ নোটিস: অতিরিক্ত লাগেজ থাকলে অফিসিয়াল কাউন্টারে যোগাযোগ করুন। এটি একটি স্বয়ংক্রিয় তথ্য বার্তা।,legitimate,0,test,test,SMS,,Informational / Service Notice,,Travel Service,Bangla,Bengali,Low,High,Synthetic; non-deployable,Redacted placeholder only,Redacted,False,Ready for human review,synthetic_generation,"Generated for legitimate/non-scam baseline in defensive phishing-detection research; no real phone numbers, account numbers, OTPs, PINs, or live URLs included.",BanglaPhish_Half2_H2D11-H2D15_Legitimate_v1.csv
H2D12_0177,BanglaPhish-2026,1.0,H2D12,Travel & Ticket Confirmations,Luggage Notice,[TRAVEL_OPERATOR]: যাত্রার আগে লাগেজ নিয়ম যাচাই করুন। টিকিট [TICKET_ID]। এটি একটি স্বয়ংক্রিয় তথ্য বার্তা।,legitimate,0,test,test,App Notification,,Informational / Service Notice,,Travel Service,Bangla,Bengali,Low,High,Synthetic; non-deployable,Redacted placeholder only,Redacted,False,Ready for human review,synthetic_generation,"Generated for legitimate/non-scam baseline in defensive phishing-detection research; no real phone numbers, account numbers, OTPs, PINs, or live URLs included.",BanglaPhish_Half2_H2D11-H2D15_Legitimate_v1.csv
H2D12_0178,BanglaPhish-2026,1.0,H2D12,Travel & Ticket Confirmations,Luggage Notice,ভ্রমণ নোটিস: অতিরিক্ত লাগেজ থাকলে অফিসিয়াল কাউন্টারে যোগাযোগ করুন। ব্যক্তিগত তথ্য বা গোপন কোড শেয়ার করবেন না।,legitimate,0,test,test,SMS,,Informational / Service Notice,,Travel Service,Bangla,Bengali,Low,High,Synthetic; non-deployable,Redacted placeholder only,Redacted,False,Ready for human review,synthetic_generation,"Generated for legitimate/non-scam baseline in defensive phishing-detection research; no real phone numbers, account numbers, OTPs, PINs, or live URLs included.",BanglaPhish_Half2_H2D11-H2D15_Legitimate_v1.csv
H2D12_0180,BanglaPhish-2026,1.0,H2D12,Travel & Ticket Confirmations,Luggage Notice,[TRAVEL_OPERATOR]: যাত্রার আগে লাগেজ নিয়ম যাচাই করুন। টিকিট [TICKET_ID]। ব্যক্তিগত তথ্য বা গোপন কোড শেয়ার করবেন না।,legitimate,0,test,test,App Notification,,Informational / Service Notice,,Travel Service,Bangla,Bengali,Low,High,Synthetic; non-deployable,Redacted placeholder only,Redacted,False,Ready for human review,synthetic_generation,"Generated for legitimate/non-scam baseline in defensive phishing-detection research; no real phone numbers, account numbers, OTPs, PINs, or live URLs included.",BanglaPhish_Half2_H2D11-H2D15_Legitimate_v1.csv
H2D12_0188,BanglaPhish-2026,1.0,H2D12,Travel & Ticket Confirmations,Travel Advisory,[TRANSPORT_OPERATOR]: যাত্রার আগে বৈধ টিকিট ও পরিচয়পত্র সঙ্গে রাখুন। কোনো OTP/PIN শেয়ার করবেন না। ব্যক্তিগত তথ্য বা গোপন কোড শেয়ার করবেন না।,legitimate,0,test,test,Email,,Informational / Service Notice,,Travel Service,Bangla,Bengali,Low,High,Synthetic; non-deployable,Redacted placeholder only,Redacted,False,Ready for human review,synthetic_generation,"Generated for legitimate/non-scam baseline in defensive phishing-detection research; no real phone numbers, account numbers, OTPs, PINs, or live URLs included.",BanglaPhish_Half2_H2D11-H2D15_Legitimate_v1.csv
H2D12_0191,BanglaPhish-2026,1.0,H2D12,Travel & Ticket Confirmations,Travel Advisory,[TRANSPORT_OPERATOR]: যাত্রার আগে বৈধ টিকিট ও পরিচয়পত্র সঙ্গে রাখুন। কোনো OTP/PIN শেয়ার করবেন না। এটি একটি স্বয়ংক্রিয় তথ্য বার্তা।,legitimate,0,test,test,Email,,Informational / Service Notice,,Travel Service,Bangla,Bengali,Low,High,Synthetic; non-deployable,Redacted placeholder only,Redacted,False,Ready for human review,synthetic_generation,"Generated for legitimate/non-scam baseline in defensive phishing-detection research; no real phone numbers, account numbers, OTPs, PINs, or live URLs included.",BanglaPhish_Half2_H2D11-H2D15_Legitimate_v1.csv
H2D12_0194,BanglaPhish-2026,1.0,H2D12,Travel & Ticket Confirmations,Travel Advisory,[TRANSPORT_OPERATOR]: যাত্রার আগে বৈধ টিকিট ও পরিচয়পত্র সঙ্গে রাখুন। কোনো OTP/PIN শেয়ার করবেন না। ব্যক্তিগত তথ্য বা গোপন কোড শেয়ার করবেন না।,legitimate,0,test,test,Email,,Informational / Service Notice,,Travel Service,Bangla,Bengali,Low,High,Synthetic; non-deployable,Redacted placeholder only,Redacted,False,Ready for human review,synthetic_generation,"Generated for legitimate/non-scam baseline in defensive phishing-detection research; no real phone numbers, account numbers, OTPs, PINs, or live URLs included.",BanglaPhish_Half2_H2D11-H2D15_Legitimate_v1.csv
H2D12_0197,BanglaPhish-2026,1.0,H2D12,Travel & Ticket Confirmations,Travel Advisory,[TRANSPORT_OPERATOR]: যাত্রার আগে বৈধ টিকিট ও পরিচয়পত্র সঙ্গে রাখুন। কোনো OTP/PIN শেয়ার করবেন না। এটি একটি স্বয়ংক্রিয় তথ্য বার্তা।,legitimate,0,test,test,Email,,Informational / Service Notice,,Travel Service,Bangla,Bengali,Low,High,Synthetic; non-deployable,Redacted placeholder only,Redacted,False,Ready for human review,synthetic_generation,"Generated for legitimate/non-scam baseline in defensive phishing-detection research; no real phone numbers, account numbers, OTPs, PINs, or live URLs included.",BanglaPhish_Half2_H2D11-H2D15_Legitimate_v1.csv
H2D12_0200,BanglaPhish-2026,1.0,H2D12,Travel & Ticket Confirmations,Travel Advisory,[TRANSPORT_OPERATOR]: যাত্রার আগে বৈধ টিকিট ও পরিচয়পত্র সঙ্গে রাখুন। কোনো OTP/PIN শেয়ার করবেন না। ব্যক্তিগত তথ্য বা গোপন কোড শেয়ার করবেন না।,legitimate,0,test,test,Email,,Informational / Service Notice,,Travel Service,Bangla,Bengali,Low,High,Synthetic; non-deployable,Redacted placeholder only,Redacted,False,Ready for human review,synthetic_generation,"Generated for legitimate/non-scam baseline in defensive phishing-detection research; no real phone numbers, account numbers, OTPs, PINs, or live URLs included.",BanglaPhish_Half2_H2D11-H2D15_Legitimate_v1.csv
H2D13_0007,BanglaPhish-2026,1.0,H2D13,News & Information Alerts,Breaking News Alert,ব্রেকিং নিউজ: অর্থনীতি সম্পর্কে সর্বশেষ আপডেট প্রকাশিত হয়েছে। বিস্তারিত অফিসিয়াল নিউজ অ্যাপে পড়ুন। এটি একটি স্বয়ংক্রিয় তথ্য বার্তা।,legitimate,0,train,train,SMS,,Informational / Service Notice,,News Service,Bangla,Bengali,Low,High,Synthetic; non-deployable,Redacted placeholder only,Redacted,False,Ready for human review,synthetic_generation,"Generated for legitimate/non-scam baseline in defensive phishing-detection research; no real phone numbers, account numbers, OTPs, PINs, or live URLs included.",BanglaPhish_Half2_H2D11-H2D15_Legitimate_v1.csv
H2D13_0008,BanglaPhish-2026,1.0,H2D13,News & Information Alerts,Breaking News Alert,সংবাদ সতর্কতা: প্রযুক্তি বিষয়ে নতুন তথ্য পাওয়া গেছে। যাচাইকৃত সূত্র থেকে বিস্তারিত দেখুন। ব্যক্তিগত তথ্য বা গোপন কোড শেয়ার করবেন না।,legitimate,0,train,train,App Notification,,Informational / Service Notice,,News Service,Bangla,Bengali,Low,High,Synthetic; non-deployable,Redacted placeholder only,Redacted,False,Ready for human review,synthetic_generation,"Generated for legitimate/non-scam baseline in defensive phishing-detection research; no real phone numbers, account numbers, OTPs, PINs, or live URLs included.",BanglaPhish_Half2_H2D11-H2D15_Legitimate_v1.csv
H2D13_0009,BanglaPhish-2026,1.0,H2D13,News & Information Alerts,Breaking News Alert,নিউজ আপডেট: জনস্বাস্থ্য নিয়ে প্রধান সংবাদ এখন প্রকাশিত। এটি একটি স্বয়ংক্রিয় তথ্য বার্তা।,legitimate,0,train,train,Email,,Informational / Service Notice,,News Service,Bangla,Bengali,Low,High,Synthetic; non-deployable,Redacted placeholder only,Redacted,False,Ready for human review,synthetic_generation,"Generated for legitimate/non-scam baseline in defensive phishing-detection research; no real phone numbers, account numbers, OTPs, PINs, or live URLs included.",BanglaPhish_Half2_H2D11-H2D15_Legitimate_v1.csv
H2D13_0010,BanglaPhish-2026,1.0,H2D13,News & Information Alerts,Breaking News Alert,ব্রেকিং নিউজ: অর্থনীতি সম্পর্কে সর্বশেষ আপডেট প্রকাশিত হয়েছে। বিস্তারিত অফিসিয়াল নিউজ অ্যাপে পড়ুন। ব্যক্তিগত তথ্য বা গোপন কোড শেয়ার করবেন না।,legitimate,0,train,train,SMS,,Informational / Service Notice,,News Service,Bangla,Bengali,Low,High,Synthetic; non-deployable,Redacted placeholder only,Redacted,False,Ready for human review,synthetic_generation,"Generated for legitimate/non-scam baseline in defensive phishing-detection research; no real phone numbers, account numbers, OTPs, PINs, or live URLs included.",BanglaPhish_Half2_H2D11-H2D15_Legitimate_v1.csv
H2D13_0011,BanglaPhish-2026,1.0,H2D13,News & Information Alerts,Breaking News Alert,সংবাদ সতর্কতা: প্রযুক্তি বিষয়ে নতুন তথ্য পাওয়া গেছে। যাচাইকৃত সূত্র থেকে বিস্তারিত দেখুন। এটি একটি স্বয়ংক্রিয় তথ্য বার্তা।,legitimate,0,train,train,App Notification,,Informational / Service Notice,,News Service,Bangla,Bengali,Low,High,Synthetic; non-deployable,Redacted placeholder only,Redacted,False,Ready for human review,synthetic_generation,"Generated for legitimate/non-scam baseline in defensive phishing-detection research; no real phone numbers, account numbers, OTPs, PINs, or live URLs included.",BanglaPhish_Half2_H2D11-H2D15_Legitimate_v1.csv
H2D13_0012,BanglaPhish-2026,1.0,H2D13,News & Information Alerts,Breaking News Alert,নিউজ আপডেট: জনস্বাস্থ্য নিয়ে প্রধান সংবাদ এখন প্রকাশিত। ব্যক্তিগত তথ্য বা গোপন কোড শেয়ার করবেন না।,legitimate,0,train,train,Email,,Informational / Service Notice,,News Service,Bangla,Bengali,Low,High,Synthetic; non-deployable,Redacted placeholder only,Redacted,False,Ready for human review,synthetic_generation,"Generated for legitimate/non-scam baseline in defensive phishing-detection research; no real phone numbers, account numbers, OTPs, PINs, or live URLs included.",BanglaPhish_Half2_H2D11-H2D15_Legitimate_v1.csv
H2D13_0013,BanglaPhish-2026,1.0,H2D13,News & Information Alerts,Breaking News Alert,ব্রেকিং নিউজ: অর্থনীতি সম্পর্কে সর্বশেষ আপডেট প্রকাশিত হয়েছে। বিস্তারিত অফিসিয়াল নিউজ অ্যাপে পড়ুন। এটি একটি স্বয়ংক্রিয় তথ্য বার্তা।,legitimate,0,train,train,SMS,,Informational / Service Notice,,News Service,Bangla,Bengali,Low,High,Synthetic; non-deployable,Redacted placeholder only,Redacted,False,Ready for human review,synthetic_generation,"Generated for legitimate/non-scam baseline in defensive phishing-detection research; no real phone numbers, account numbers, OTPs, PINs, or live URLs included.",BanglaPhish_Half2_H2D11-H2D15_Legitimate_v1.csv
H2D13_0014,BanglaPhish-2026,1.0,H2D13,News & Information Alerts,Breaking News Alert,সংবাদ সতর্কতা: প্রযুক্তি বিষয়ে নতুন তথ্য পাওয়া গেছে। যাচাইকৃত সূত্র থেকে বিস্তারিত দেখুন। ব্যক্তিগত তথ্য বা গোপন কোড শেয়ার করবেন না।,legitimate,0,train,train,App Notification,,Informational / Service Notice,,News Service,Bangla,Bengali,Low,High,Synthetic; non-deployable,Redacted placeholder only,Redacted,False,Ready for human review,synthetic_generation,"Generated for legitimate/non-scam baseline in defensive phishing-detection research; no real phone numbers, account numbers, OTPs, PINs, or live URLs included.",BanglaPhish_Half2_H2D11-H2D15_Legitimate_v1.csv
H2D13_0015,BanglaPhish-2026,1.0,H2D13,News & Information Alerts,Breaking News Alert,নিউজ আপডেট: জনস্বাস্থ্য নিয়ে প্রধান সংবাদ এখন প্রকাশিত। এটি একটি স্বয়ংক্রিয় তথ্য বার্তা।,legitimate,0,train,train,Email,,Informational / Service Notice,,News Service,Bangla,Bengali,Low,High,Synthetic; non-deployable,Redacted placeholder only,Redacted,False,Ready for human review,synthetic_generation,"Generated for legitimate/non-scam baseline in defensive phishing-detection research; no real phone numbers, account numbers, OTPs, PINs, or live URLs included.",BanglaPhish_Half2_H2D11-H2D15_Legitimate_v1.csv
H2D13_0016,BanglaPhish-2026,1.0,H2D13,News & Information Alerts,Breaking News Alert,ব্রেকিং নিউজ: অর্থনীতি সম্পর্কে সর্বশেষ আপডেট প্রকাশিত হয়েছে। বিস্তারিত অফিসিয়াল নিউজ অ্যাপে পড়ুন। ব্যক্তিগত তথ্য বা গোপন কোড শেয়ার করবেন না।,legitimate,0,train,train,SMS,,Informational / Service Notice,,News Service,Bangla,Bengali,Low,High,Synthetic; non-deployable,Redacted placeholder only,Redacted,False,Ready for human review,synthetic_generation,"Generated for legitimate/non-scam baseline in defensive phishing-detection research; no real phone numbers, account numbers, OTPs, PINs, or live URLs included.",BanglaPhish_Half2_H2D11-H2D15_Legitimate_v1.csv
H2D13_0017,BanglaPhish-2026,1.0,H2D13,News & Information Alerts,Breaking News Alert,সংবাদ সতর্কতা: প্রযুক্তি বিষয়ে নতুন তথ্য পাওয়া গেছে। যাচাইকৃত সূত্র থেকে বিস্তারিত দেখুন। এটি একটি স্বয়ংক্রিয় তথ্য বার্তা।,legitimate,0,train,train,App Notification,,Informational / Service Notice,,News Service,Bangla,Bengali,Low,High,Synthetic; non-deployable,Redacted placeholder only,Redacted,False,Ready for human review,synthetic_generation,"Generated for legitimate/non-scam baseline in defensive phishing-detection research; no real phone numbers, account numbers, OTPs, PINs, or live URLs included.",BanglaPhish_Half2_H2D11-H2D15_Legitimate_v1.csv
H2D13_0018,BanglaPhish-2026,1.0,H2D13,News & Information Alerts,Breaking News Alert,নিউজ আপডেট: জনস্বাস্থ্য নিয়ে প্রধান সংবাদ এখন প্রকাশিত। ব্যক্তিগত তথ্য বা গোপন কোড শেয়ার করবেন না।,legitimate,0,train,train,Email,,Informational / Service Notice,,News Service,Bangla,Bengali,Low,High,Synthetic; non-deployable,Redacted placeholder only,Redacted,False,Ready for human review,synthetic_generation,"Generated for legitimate/non-scam baseline in defensive phishing-detection research; no real phone numbers, account numbers, OTPs, PINs, or live URLs included.",BanglaPhish_Half2_H2D11-H2D15_Legitimate_v1.csv
H2D13_0019,BanglaPhish-2026,1.0,H2D13,News & Information Alerts,Breaking News Alert,ব্রেকিং নিউজ: অর্থনীতি সম্পর্কে সর্বশেষ আপডেট প্রকাশিত হয়েছে। বিস্তারিত অফিসিয়াল নিউজ অ্যাপে পড়ুন। এটি একটি স্বয়ংক্রিয় তথ্য বার্তা।,legitimate,0,train,train,SMS,,Informational / Service Notice,,News Service,Bangla,Bengali,Low,High,Synthetic; non-deployable,Redacted placeholder only,Redacted,False,Ready for human review,synthetic_generation,"Generated for legitimate/non-scam baseline in defensive phishing-detection research; no real phone numbers, account numbers, OTPs, PINs, or live URLs included.",BanglaPhish_Half2_H2D11-H2D15_Legitimate_v1.csv
H2D13_0020,BanglaPhish-2026,1.0,H2D13,News & Information Alerts,Breaking News Alert,সংবাদ সতর্কতা: প্রযুক্তি বিষয়ে নতুন তথ্য পাওয়া গেছে। যাচাইকৃত সূত্র থেকে বিস্তারিত দেখুন। ব্যক্তিগত তথ্য বা গোপন কোড শেয়ার করবেন না।,legitimate,0,train,train,App Notification,,Informational / Service Notice,,News Service,Bangla,Bengali,Low,High,Synthetic; non-deployable,Redacted placeholder only,Redacted,False,Ready for human review,synthetic_generation,"Generated for legitimate/non-scam baseline in defensive phishing-detection research; no real phone numbers, account numbers, OTPs, PINs, or live URLs included.",BanglaPhish_Half2_H2D11-H2D15_Legitimate_v1.csv
H2D13_0027,BanglaPhish-2026,1.0,H2D13,News & Information Alerts,Weather Alert,আবহাওয়া আপডেট: রাজশাহী অঞ্চলে ঝড়ো হাওয়া সম্ভাবনা রয়েছে। নিরাপদে থাকুন। এটি একটি স্বয়ংক্রিয় তথ্য বার্তা।,legitimate,0,train,train,Email,,Informational / Service Notice,,News Service,Bangla,Bengali,Low,High,Synthetic; non-deployable,Redacted placeholder only,Redacted,False,Ready for human review,synthetic_generation,"Generated for legitimate/non-scam baseline in defensive phishing-detection research; no real phone numbers, account numbers, OTPs, PINs, or live URLs included.",BanglaPhish_Half2_H2D11-H2D15_Legitimate_v1.csv
H2D13_0028,BanglaPhish-2026,1.0,H2D13,News & Information Alerts,Weather Alert,আবহাওয়া সতর্কতা: আগামী সকালে কুয়াশা হতে পারে। অফিসিয়াল আবহাওয়া বুলেটিন অনুসরণ করুন। ব্যক্তিগত তথ্য বা গোপন কোড শেয়ার করবেন না।,legitimate,0,train,train,SMS,,Informational / Service Notice,,News Service,Bangla,Bengali,Low,High,Synthetic; non-deployable,Redacted placeholder only,Redacted,False,Ready for human review,synthetic_generation,"Generated for legitimate/non-scam baseline in defensive phishing-detection research; no real phone numbers, account numbers, OTPs, PINs, or live URLs included.",BanglaPhish_Half2_H2D11-H2D15_Legitimate_v1.csv
H2D13_0029,BanglaPhish-2026,1.0,H2D13,News & Information Alerts,Weather Alert,চট্টগ্রাম এর আবহাওয়া নোটিস: ঝড়ো হাওয়া; প্রয়োজনীয় প্রস্তুতি নিন। এটি একটি স্বয়ংক্রিয় তথ্য বার্তা।,legitimate,0,train,train,App Notification,,Informational / Service Notice,,News Service,Bangla,Bengali,Low,High,Synthetic; non-deployable,Redacted placeholder only,Redacted,False,Ready for human review,synthetic_generation,"Generated for legitimate/non-scam baseline in defensive phishing-detection research; no real phone numbers, account numbers, OTPs, PINs, or live URLs included.",BanglaPhish_Half2_H2D11-H2D15_Legitimate_v1.csv
H2D13_0030,BanglaPhish-2026,1.0,H2D13,News & Information Alerts,Weather Alert,আবহাওয়া আপডেট: রাজশাহী অঞ্চলে কুয়াশা সম্ভাবনা রয়েছে। নিরাপদে থাকুন। ব্যক্তিগত তথ্য বা গোপন কোড শেয়ার করবেন না।,legitimate,0,train,train,Email,,Informational / Service Notice,,News Service,Bangla,Bengali,Low,High,Synthetic; non-deployable,Redacted placeholder only,Redacted,False,Ready for human review,synthetic_generation,"Generated for legitimate/non-scam baseline in defensive phishing-detection research; no real phone numbers, account numbers, OTPs, PINs, or live URLs included.",BanglaPhish_Half2_H2D11-H2D15_Legitimate_v1.csv
H2D13_0031,BanglaPhish-2026,1.0,H2D13,News & Information Alerts,Weather Alert,আবহাওয়া সতর্কতা: আগামী আগামীকাল ঝড়ো হাওয়া হতে পারে। অফিসিয়াল আবহাওয়া বুলেটিন অনুসরণ করুন। এটি একটি স্বয়ংক্রিয় তথ্য বার্তা।,legitimate,0,train,train,SMS,,Informational / Service Notice,,News Service,Bangla,Bengali,Low,High,Synthetic; non-deployable,Redacted placeholder only,Redacted,False,Ready for human review,synthetic_generation,"Generated for legitimate/non-scam baseline in defensive phishing-detection research; no real phone numbers, account numbers, OTPs, PINs, or live URLs included.",BanglaPhish_Half2_H2D11-H2D15_Legitimate_v1.csv
H2D13_0032,BanglaPhish-2026,1.0,H2D13,News & Information Alerts,Weather Alert,চট্টগ্রাম এর আবহাওয়া নোটিস: কুয়াশা; প্রয়োজনীয় প্রস্তুতি নিন। ব্যক্তিগত তথ্য বা গোপন কোড শেয়ার করবেন না।,legitimate,0,train,train,App Notification,,Informational / Service Notice,,News Service,Bangla,Bengali,Low,High,Synthetic; non-deployable,Redacted placeholder only,Redacted,False,Ready for human review,synthetic_generation,"Generated for legitimate/non-scam baseline in defensive phishing-detection research; no real phone numbers, account numbers, OTPs, PINs, or live URLs included.",BanglaPhish_Half2_H2D11-H2D15_Legitimate_v1.csv
H2D13_0033,BanglaPhish-2026,1.0,H2D13,News & Information Alerts,Weather Alert,আবহাওয়া আপডেট: রাজশাহী অঞ্চলে ঝড়ো হাওয়া সম্ভাবনা রয়েছে। নিরাপদে থাকুন। এটি একটি স্বয়ংক্রিয় তথ্য বার্তা।,legitimate,0,train,train,Email,,Informational / Service Notice,,News Service,Bangla,Bengali,Low,High,Synthetic; non-deployable,Redacted placeholder only,Redacted,False,Ready for human review,synthetic_generation,"Generated for legitimate/non-scam baseline in defensive phishing-detection research; no real phone numbers, account numbers, OTPs, PINs, or live URLs included.",BanglaPhish_Half2_H2D11-H2D15_Legitimate_v1.csv
H2D13_0034,BanglaPhish-2026,1.0,H2D13,News & Information Alerts,Weather Alert,আবহাওয়া সতর্কতা: আগামী সকালে কুয়াশা হতে পারে। অফিসিয়াল আবহাওয়া বুলেটিন অনুসরণ করুন। ব্যক্তিগত তথ্য বা গোপন কোড শেয়ার করবেন না।,legitimate,0,train,train,SMS,,Informational / Service Notice,,News Service,Bangla,Bengali,Low,High,Synthetic; non-deployable,Redacted placeholder only,Redacted,False,Ready for human review,synthetic_generation,"Generated for legitimate/non-scam baseline in defensive phishing-detection research; no real phone numbers, account numbers, OTPs, PINs, or live URLs included.",BanglaPhish_Half2_H2D11-H2D15_Legitimate_v1.csv
H2D13_0035,BanglaPhish-2026,1.0,H2D13,News & Information Alerts,Weather Alert,চট্টগ্রাম এর আবহাওয়া নোটিস: ঝড়ো হাওয়া; প্রয়োজনীয় প্রস্তুতি নিন। এটি একটি স্বয়ংক্রিয় তথ্য বার্তা।,legitimate,0,train,train,App Notification,,Informational / Service Notice,,News Service,Bangla,Bengali,Low,High,Synthetic; non-deployable,Redacted placeholder only,Redacted,False,Ready for human review,synthetic_generation,"Generated for legitimate/non-scam baseline in defensive phishing-detection research; no real phone numbers, account numbers, OTPs, PINs, or live URLs included.",BanglaPhish_Half2_H2D11-H2D15_Legitimate_v1.csv
H2D13_0036,BanglaPhish-2026,1.0,H2D13,News & Information Alerts,Weather Alert,আবহাওয়া আপডেট: রাজশাহী অঞ্চলে কুয়াশা সম্ভাবনা রয়েছে। নিরাপদে থাকুন। ব্যক্তিগত তথ্য বা গোপন কোড শেয়ার করবেন না।,legitimate,0,train,train,Email,,Informational / Service Notice,,News Service,Bangla,Bengali,Low,High,Synthetic; non-deployable,Redacted placeholder only,Redacted,False,Ready for human review,synthetic_generation,"Generated for legitimate/non-scam baseline in defensive phishing-detection research; no real phone numbers, account numbers, OTPs, PINs, or live URLs included.",BanglaPhish_Half2_H2D11-H2D15_Legitimate_v1.csv
H2D13_0037,BanglaPhish-2026,1.0,H2D13,News & Information Alerts,Weather Alert,আবহাওয়া সতর্কতা: আগামী আগামীকাল ঝড়ো হাওয়া হতে পারে। অফিসিয়াল আবহাওয়া বুলেটিন অনুসরণ করুন। এটি একটি স্বয়ংক্রিয় তথ্য বার্তা।,legitimate,0,train,train,SMS,,Informational / Service Notice,,News Service,Bangla,Bengali,Low,High,Synthetic; non-deployable,Redacted placeholder only,Redacted,False,Ready for human review,synthetic_generation,"Generated for legitimate/non-scam baseline in defensive phishing-detection research; no real phone numbers, account numbers, OTPs, PINs, or live URLs included.",BanglaPhish_Half2_H2D11-H2D15_Legitimate_v1.csv
H2D13_0038,BanglaPhish-2026,1.0,H2D13,News & Information Alerts,Weather Alert,চট্টগ্রাম এর আবহাওয়া নোটিস: কুয়াশা; প্রয়োজনীয় প্রস্তুতি নিন। ব্যক্তিগত তথ্য বা গোপন কোড শেয়ার করবেন না।,legitimate,0,train,train,App Notification,,Informational / Service Notice,,News Service,Bangla,Bengali,Low,High,Synthetic; non-deployable,Redacted placeholder only,Redacted,False,Ready for human review,synthetic_generation,"Generated for legitimate/non-scam baseline in defensive phishing-detection research; no real phone numbers, account numbers, OTPs, PINs, or live URLs included.",BanglaPhish_Half2_H2D11-H2D15_Legitimate_v1.csv
H2D13_0039,BanglaPhish-2026,1.0,H2D13,News & Information Alerts,Weather Alert,আবহাওয়া আপডেট: রাজশাহী অঞ্চলে ঝড়ো হাওয়া সম্ভাবনা রয়েছে। নিরাপদে থাকুন। এটি একটি স্বয়ংক্রিয় তথ্য বার্তা।,legitimate,0,train,train,Email,,Informational / Service Notice,,News Service,Bangla,Bengali,Low,High,Synthetic; non-deployable,Redacted placeholder only,Redacted,False,Ready for human review,synthetic_generation,"Generated for legitimate/non-scam baseline in defensive phishing-detection research; no real phone numbers, account numbers, OTPs, PINs, or live URLs included.",BanglaPhish_Half2_H2D11-H2D15_Legitimate_v1.csv
H2D13_0040,BanglaPhish-2026,1.0,H2D13,News & Information Alerts,Weather Alert,আবহাওয়া সতর্কতা: আগামী সকালে কুয়াশা হতে পারে। অফিসিয়াল আবহাওয়া বুলেটিন অনুসরণ করুন। ব্যক্তিগত তথ্য বা গোপন কোড শেয়ার করবেন না।,legitimate,0,train,train,SMS,,Informational / Service Notice,,News Service,Bangla,Bengali,Low,High,Synthetic; non-deployable,Redacted placeholder only,Redacted,False,Ready for human review,synthetic_generation,"Generated for legitimate/non-scam baseline in defensive phishing-detection research; no real phone numbers, account numbers, OTPs, PINs, or live URLs included.",BanglaPhish_Half2_H2D11-H2D15_Legitimate_v1.csv
H2D13_0047,BanglaPhish-2026,1.0,H2D13,News & Information Alerts,Traffic Update,ট্রাফিক আপডেট: বরিশাল এলাকায় যানজট রয়েছে। বিকল্প রুট ব্যবহার করতে পারেন। এটি একটি স্বয়ংক্রিয় তথ্য বার্তা।,legitimate,0,train,train,App Notification,,Informational / Service Notice,,News Service,Bangla,Bengali,Low,High,Synthetic; non-deployable,Redacted placeholder only,Redacted,False,Ready for human review,synthetic_generation,"Generated for legitimate/non-scam baseline in defensive phishing-detection research; no real phone numbers, account numbers, OTPs, PINs, or live URLs included.",BanglaPhish_Half2_H2D11-H2D15_Legitimate_v1.csv
H2D13_0049,BanglaPhish-2026,1.0,H2D13,News & Information Alerts,Traffic Update,ট্রাফিক সতর্কতা: রাজশাহী রাস্তায় সাময়িক কাজ চলছে। এটি একটি স্বয়ংক্রিয় তথ্য বার্তা।,legitimate,0,train,train,SMS,,Informational / Service Notice,,News Service,Bangla,Bengali,Low,High,Synthetic; non-deployable,Redacted placeholder only,Redacted,False,Ready for human review,synthetic_generation,"Generated for legitimate/non-scam baseline in defensive phishing-detection research; no real phone numbers, account numbers, OTPs, PINs, or live URLs included.",BanglaPhish_Half2_H2D11-H2D15_Legitimate_v1.csv
H2D13_0050,BanglaPhish-2026,1.0,H2D13,News & Information Alerts,Traffic Update,ট্রাফিক আপডেট: বরিশাল এলাকায় যানজট রয়েছে। বিকল্প রুট ব্যবহার করতে পারেন। ব্যক্তিগত তথ্য বা গোপন কোড শেয়ার করবেন না।,legitimate,0,train,train,App Notification,,Informational / Service Notice,,News Service,Bangla,Bengali,Low,High,Synthetic; non-deployable,Redacted placeholder only,Redacted,False,Ready for human review,synthetic_generation,"Generated for legitimate/non-scam baseline in defensive phishing-detection research; no real phone numbers, account numbers, OTPs, PINs, or live URLs included.",BanglaPhish_Half2_H2D11-H2D15_Legitimate_v1.csv
H2D13_0052,BanglaPhish-2026,1.0,H2D13,News & Information Alerts,Traffic Update,ট্রাফিক সতর্কতা: রাজশাহী রাস্তায় সাময়িক কাজ চলছে। ব্যক্তিগত তথ্য বা গোপন কোড শেয়ার করবেন না।,legitimate,0,train,train,SMS,,Informational / Service Notice,,News Service,Bangla,Bengali,Low,High,Synthetic; non-deployable,Redacted placeholder only,Redacted,False,Ready for human review,synthetic_generation,"Generated for legitimate/non-scam baseline in defensive phishing-detection research; no real phone numbers, account numbers, OTPs, PINs, or live URLs included.",BanglaPhish_Half2_H2D11-H2D15_Legitimate_v1.csv
H2D13_0053,BanglaPhish-2026,1.0,H2D13,News & Information Alerts,Traffic Update,ট্রাফিক আপডেট: বরিশাল এলাকায় যানজট রয়েছে। বিকল্প রুট ব্যবহার করতে পারেন। এটি একটি স্বয়ংক্রিয় তথ্য বার্তা।,legitimate,0,train,train,App Notification,,Informational / Service Notice,,News Service,Bangla,Bengali,Low,High,Synthetic; non-deployable,Redacted placeholder only,Redacted,False,Ready for human review,synthetic_generation,"Generated for legitimate/non-scam baseline in defensive phishing-detection research; no real phone numbers, account numbers, OTPs, PINs, or live URLs included.",BanglaPhish_Half2_H2D11-H2D15_Legitimate_v1.csv
H2D13_0055,BanglaPhish-2026,1.0,H2D13,News & Information Alerts,Traffic Update,ট্রাফিক সতর্কতা: রাজশাহী রাস্তায় সাময়িক কাজ চলছে। এটি একটি স্বয়ংক্রিয় তথ্য বার্তা।,legitimate,0,train,train,SMS,,Informational / Service Notice,,News Service,Bangla,Bengali,Low,High,Synthetic; non-deployable,Redacted placeholder only,Redacted,False,Ready for human review,synthetic_generation,"Generated for legitimate/non-scam baseline in defensive phishing-detection research; no real phone numbers, account numbers, OTPs, PINs, or live URLs included.",BanglaPhish_Half2_H2D11-H2D15_Legitimate_v1.csv
H2D13_0056,BanglaPhish-2026,1.0,H2D13,News & Information Alerts,Traffic Update,ট্রাফিক আপডেট: বরিশাল এলাকায় যানজট রয়েছে। বিকল্প রুট ব্যবহার করতে পারেন। ব্যক্তিগত তথ্য বা গোপন কোড শেয়ার করবেন না।,legitimate,0,train,train,App Notification,,Informational / Service Notice,,News Service,Bangla,Bengali,Low,High,Synthetic; non-deployable,Redacted placeholder only,Redacted,False,Ready for human review,synthetic_generation,"Generated for legitimate/non-scam baseline in defensive phishing-detection research; no real phone numbers, account numbers, OTPs, PINs, or live URLs included.",BanglaPhish_Half2_H2D11-H2D15_Legitimate_v1.csv
H2D13_0058,BanglaPhish-2026,1.0,H2D13,News & Information Alerts,Traffic Update,ট্রাফিক সতর্কতা: রাজশাহী রাস্তায় সাময়িক কাজ চলছে। ব্যক্তিগত তথ্য বা গোপন কোড শেয়ার করবেন না।,legitimate,0,train,train,SMS,,Informational / Service Notice,,News Service,Bangla,Bengali,Low,High,Synthetic; non-deployable,Redacted placeholder only,Redacted,False,Ready for human review,synthetic_generation,"Generated for legitimate/non-scam baseline in defensive phishing-detection research; no real phone numbers, account numbers, OTPs, PINs, or live URLs included.",BanglaPhish_Half2_H2D11-H2D15_Legitimate_v1.csv
H2D13_0059,BanglaPhish-2026,1.0,H2D13,News & Information Alerts,Traffic Update,ট্রাফিক আপডেট: বরিশাল এলাকায় যানজট রয়েছে। বিকল্প রুট ব্যবহার করতে পারেন। এটি একটি স্বয়ংক্রিয় তথ্য বার্তা।,legitimate,0,train,train,App Notification,,Informational / Service Notice,,News Service,Bangla,Bengali,Low,High,Synthetic; non-deployable,Redacted placeholder only,Redacted,False,Ready for human review,synthetic_generation,"Generated for legitimate/non-scam baseline in defensive phishing-detection research; no real phone numbers, account numbers, OTPs, PINs, or live URLs included.",BanglaPhish_Half2_H2D11-H2D15_Legitimate_v1.csv
H2D13_0067,BanglaPhish-2026,1.0,H2D13,News & Information Alerts,Public Safety Notice,জননিরাপত্তা নোটিস: চট্টগ্রাম এলাকায় সতর্কতার সাথে চলাচল করুন। অফিসিয়াল নির্দেশনা অনুসরণ করুন। এটি একটি স্বয়ংক্রিয় তথ্য বার্তা।,legitimate,0,train,train,SMS,,Informational / Service Notice,,News Service,Bangla,Bengali,Low,High,Synthetic; non-deployable,Redacted placeholder only,Redacted,False,Ready for human review,synthetic_generation,"Generated for legitimate/non-scam baseline in defensive phishing-detection research; no real phone numbers, account numbers, OTPs, PINs, or live URLs included.",BanglaPhish_Half2_H2D11-H2D15_Legitimate_v1.csv
H2D13_0068,BanglaPhish-2026,1.0,H2D13,News & Information Alerts,Public Safety Notice,সেফটি আপডেট: জরুরি পরিস্থিতিতে নিকটস্থ সহায়তা কেন্দ্রে যোগাযোগ করুন। ব্যক্তিগত তথ্য বা গোপন কোড শেয়ার করবেন না।,legitimate,0,train,train,App Notification,,Informational / Service Notice,,News Service,Bangla,Bengali,Low,High,Synthetic; non-deployable,Redacted placeholder only,Redacted,False,Ready for human review,synthetic_generation,"Generated for legitimate/non-scam baseline in defensive phishing-detection research; no real phone numbers, account numbers, OTPs, PINs, or live URLs included.",BanglaPhish_Half2_H2D11-H2D15_Legitimate_v1.csv
H2D13_0069,BanglaPhish-2026,1.0,H2D13,News & Information Alerts,Public Safety Notice,জনসচেতনতা বার্তা: অপরিচিত লিংক বা কোড শেয়ার এড়িয়ে চলুন। এটি একটি স্বয়ংক্রিয় তথ্য বার্তা।,legitimate,0,train,train,Email,,Informational / Service Notice,,News Service,Bangla,Bengali,Low,High,Synthetic; non-deployable,Redacted placeholder only,Redacted,False,Ready for human review,synthetic_generation,"Generated for legitimate/non-scam baseline in defensive phishing-detection research; no real phone numbers, account numbers, OTPs, PINs, or live URLs included.",BanglaPhish_Half2_H2D11-H2D15_Legitimate_v1.csv
H2D13_0070,BanglaPhish-2026,1.0,H2D13,News & Information Alerts,Public Safety Notice,জননিরাপত্তা নোটিস: চট্টগ্রাম এলাকায় সতর্কতার সাথে চলাচল করুন। অফিসিয়াল নির্দেশনা অনুসরণ করুন। ব্যক্তিগত তথ্য বা গোপন কোড শেয়ার করবেন না।,legitimate,0,train,train,SMS,,Informational / Service Notice,,News Service,Bangla,Bengali,Low,High,Synthetic; non-deployable,Redacted placeholder only,Redacted,False,Ready for human review,synthetic_generation,"Generated for legitimate/non-scam baseline in defensive phishing-detection research; no real phone numbers, account numbers, OTPs, PINs, or live URLs included.",BanglaPhish_Half2_H2D11-H2D15_Legitimate_v1.csv
H2D13_0071,BanglaPhish-2026,1.0,H2D13,News & Information Alerts,Public Safety Notice,সেফটি আপডেট: জরুরি পরিস্থিতিতে নিকটস্থ সহায়তা কেন্দ্রে যোগাযোগ করুন। এটি একটি স্বয়ংক্রিয় তথ্য বার্তা।,legitimate,0,train,train,App Notification,,Informational / Service Notice,,News Service,Bangla,Bengali,Low,High,Synthetic; non-deployable,Redacted placeholder only,Redacted,False,Ready for human review,synthetic_generation,"Generated for legitimate/non-scam baseline in defensive phishing-detection research; no real phone numbers, account numbers, OTPs, PINs, or live URLs included.",BanglaPhish_Half2_H2D11-H2D15_Legitimate_v1.csv
H2D13_0072,BanglaPhish-2026,1.0,H2D13,News & Information Alerts,Public Safety Notice,জনসচেতনতা বার্তা: অপরিচিত লিংক বা কোড শেয়ার এড়িয়ে চলুন। ব্যক্তিগত তথ্য বা গোপন কোড শেয়ার করবেন না।,legitimate,0,train,train,Email,,Informational / Service Notice,,News Service,Bangla,Bengali,Low,High,Synthetic; non-deployable,Redacted placeholder only,Redacted,False,Ready for human review,synthetic_generation,"Generated for legitimate/non-scam baseline in defensive phishing-detection research; no real phone numbers, account numbers, OTPs, PINs, or live URLs included.",BanglaPhish_Half2_H2D11-H2D15_Legitimate_v1.csv
H2D13_0073,BanglaPhish-2026,1.0,H2D13,News & Information Alerts,Public Safety Notice,জননিরাপত্তা নোটিস: চট্টগ্রাম এলাকায় সতর্কতার সাথে চলাচল করুন। অফিসিয়াল নির্দেশনা অনুসরণ করুন। এটি একটি স্বয়ংক্রিয় তথ্য বার্তা।,legitimate,0,train,train,SMS,,Informational / Service Notice,,News Service,Bangla,Bengali,Low,High,Synthetic; non-deployable,Redacted placeholder only,Redacted,False,Ready for human review,synthetic_generation,"Generated for legitimate/non-scam baseline in defensive phishing-detection research; no real phone numbers, account numbers, OTPs, PINs, or live URLs included.",BanglaPhish_Half2_H2D11-H2D15_Legitimate_v1.csv
H2D13_0074,BanglaPhish-2026,1.0,H2D13,News & Information Alerts,Public Safety Notice,সেফটি আপডেট: জরুরি পরিস্থিতিতে নিকটস্থ সহায়তা কেন্দ্রে যোগাযোগ করুন। ব্যক্তিগত তথ্য বা গোপন কোড শেয়ার করবেন না।,legitimate,0,train,train,App Notification,,Informational / Service Notice,,News Service,Bangla,Bengali,Low,High,Synthetic; non-deployable,Redacted placeholder only,Redacted,False,Ready for human review,synthetic_generation,"Generated for legitimate/non-scam baseline in defensive phishing-detection research; no real phone numbers, account numbers, OTPs, PINs, or live URLs included.",BanglaPhish_Half2_H2D11-H2D15_Legitimate_v1.csv
H2D13_0075,BanglaPhish-2026,1.0,H2D13,News & Information Alerts,Public Safety Notice,জনসচেতনতা বার্তা: অপরিচিত লিংক বা কোড শেয়ার এড়িয়ে চলুন। এটি একটি স্বয়ংক্রিয় তথ্য বার্তা।,legitimate,0,train,train,Email,,Informational / Service Notice,,News Service,Bangla,Bengali,Low,High,Synthetic; non-deployable,Redacted placeholder only,Redacted,False,Ready for human review,synthetic_generation,"Generated for legitimate/non-scam baseline in defensive phishing-detection research; no real phone numbers, account numbers, OTPs, PINs, or live URLs included.",BanglaPhish_Half2_H2D11-H2D15_Legitimate_v1.csv
H2D13_0076,BanglaPhish-2026,1.0,H2D13,News & Information Alerts,Public Safety Notice,জননিরাপত্তা নোটিস: চট্টগ্রাম এলাকায় সতর্কতার সাথে চলাচল করুন। অফিসিয়াল নির্দেশনা অনুসরণ করুন। ব্যক্তিগত তথ্য বা গোপন কোড শেয়ার করবেন না।,legitimate,0,train,train,SMS,,Informational / Service Notice,,News Service,Bangla,Bengali,Low,High,Synthetic; non-deployable,Redacted placeholder only,Redacted,False,Ready for human review,synthetic_generation,"Generated for legitimate/non-scam baseline in defensive phishing-detection research; no real phone numbers, account numbers, OTPs, PINs, or live URLs included.",BanglaPhish_Half2_H2D11-H2D15_Legitimate_v1.csv
H2D13_0077,BanglaPhish-2026,1.0,H2D13,News & Information Alerts,Public Safety Notice,সেফটি আপডেট: জরুরি পরিস্থিতিতে নিকটস্থ সহায়তা কেন্দ্রে যোগাযোগ করুন। এটি একটি স্বয়ংক্রিয় তথ্য বার্তা।,legitimate,0,train,train,App Notification,,Informational / Service Notice,,News Service,Bangla,Bengali,Low,High,Synthetic; non-deployable,Redacted placeholder only,Redacted,False,Ready for human review,synthetic_generation,"Generated for legitimate/non-scam baseline in defensive phishing-detection research; no real phone numbers, account numbers, OTPs, PINs, or live URLs included.",BanglaPhish_Half2_H2D11-H2D15_Legitimate_v1.csv
H2D13_0078,BanglaPhish-2026,1.0,H2D13,News & Information Alerts,Public Safety Notice,জনসচেতনতা বার্তা: অপরিচিত লিংক বা কোড শেয়ার এড়িয়ে চলুন। ব্যক্তিগত তথ্য বা গোপন কোড শেয়ার করবেন না।,legitimate,0,train,train,Email,,Informational / Service Notice,,News Service,Bangla,Bengali,Low,High,Synthetic; non-deployable,Redacted placeholder only,Redacted,False,Ready for human review,synthetic_generation,"Generated for legitimate/non-scam baseline in defensive phishing-detection research; no real phone numbers, account numbers, OTPs, PINs, or live URLs included.",BanglaPhish_Half2_H2D11-H2D15_Legitimate_v1.csv
H2D13_0079,BanglaPhish-2026,1.0,H2D13,News & Information Alerts,Public Safety Notice,জননিরাপত্তা নোটিস: চট্টগ্রাম এলাকায় সতর্কতার সাথে চলাচল করুন। অফিসিয়াল নির্দেশনা অনুসরণ করুন। এটি একটি স্বয়ংক্রিয় তথ্য বার্তা।,legitimate,0,train,train,SMS,,Informational / Service Notice,,News Service,Bangla,Bengali,Low,High,Synthetic; non-deployable,Redacted placeholder only,Redacted,False,Ready for human review,synthetic_generation,"Generated for legitimate/non-scam baseline in defensive phishing-detection research; no real phone numbers, account numbers, OTPs, PINs, or live URLs included.",BanglaPhish_Half2_H2D11-H2D15_Legitimate_v1.csv
H2D13_0080,BanglaPhish-2026,1.0,H2D13,News & Information Alerts,Public Safety Notice,সেফটি আপডেট: জরুরি পরিস্থিতিতে নিকটস্থ সহায়তা কেন্দ্রে যোগাযোগ করুন। ব্যক্তিগত তথ্য বা গোপন কোড শেয়ার করবেন না।,legitimate,0,train,train,App Notification,,Informational / Service Notice,,News Service,Bangla,Bengali,Low,High,Synthetic; non-deployable,Redacted placeholder only,Redacted,False,Ready for human review,synthetic_generation,"Generated for legitimate/non-scam baseline in defensive phishing-detection research; no real phone numbers, account numbers, OTPs, PINs, or live URLs included.",BanglaPhish_Half2_H2D11-H2D15_Legitimate_v1.csv
H2D13_0087,BanglaPhish-2026,1.0,H2D13,News & Information Alerts,Market Information,বাজার তথ্য: ডাল এর সর্বশেষ মূল্য তালিকা অফিসিয়াল উৎসে প্রকাশিত হয়েছে। এটি একটি স্বয়ংক্রিয় তথ্য বার্তা।,legitimate,0,train,train,Email,,Informational / Service Notice,,News Service,Bangla,Bengali,Low,High,Synthetic; non-deployable,Redacted placeholder only,Redacted,False,Ready for human review,synthetic_generation,"Generated for legitimate/non-scam baseline in defensive phishing-detection research; no real phone numbers, account numbers, OTPs, PINs, or live URLs included.",BanglaPhish_Half2_H2D11-H2D15_Legitimate_v1.csv
H2D13_0088,BanglaPhish-2026,1.0,H2D13,News & Information Alerts,Market Information,অর্থনীতি আপডেট: জনস্বাস্থ্য সম্পর্কিত নতুন প্রতিবেদন প্রকাশিত হয়েছে। ব্যক্তিগত তথ্য বা গোপন কোড শেয়ার করবেন না।,legitimate,0,train,train,SMS,,Informational / Service Notice,,News Service,Bangla,Bengali,Low,High,Synthetic; non-deployable,Redacted placeholder only,Redacted,False,Ready for human review,synthetic_generation,"Generated for legitimate/non-scam baseline in defensive phishing-detection research; no real phone numbers, account numbers, OTPs, PINs, or live URLs included.",BanglaPhish_Half2_H2D11-H2D15_Legitimate_v1.csv
H2D13_0089,BanglaPhish-2026,1.0,H2D13,News & Information Alerts,Market Information,মার্কেট নিউজ: ডাল বাজারে পরিবর্তন দেখা গেছে। বিস্তারিত যাচাইকৃত সংবাদে পড়ুন। এটি একটি স্বয়ংক্রিয় তথ্য বার্তা।,legitimate,0,train,train,App Notification,,Informational / Service Notice,,News Service,Bangla,Bengali,Low,High,Synthetic; non-deployable,Redacted placeholder only,Redacted,False,Ready for human review,synthetic_generation,"Generated for legitimate/non-scam baseline in defensive phishing-detection research; no real phone numbers, account numbers, OTPs, PINs, or live URLs included.",BanglaPhish_Half2_H2D11-H2D15_Legitimate_v1.csv
H2D13_0090,BanglaPhish-2026,1.0,H2D13,News & Information Alerts,Market Information,বাজার তথ্য: সবজি এর সর্বশেষ মূল্য তালিকা অফিসিয়াল উৎসে প্রকাশিত হয়েছে। ব্যক্তিগত তথ্য বা গোপন কোড শেয়ার করবেন না।,legitimate,0,train,train,Email,,Informational / Service Notice,,News Service,Bangla,Bengali,Low,High,Synthetic; non-deployable,Redacted placeholder only,Redacted,False,Ready for human review,synthetic_generation,"Generated for legitimate/non-scam baseline in defensive phishing-detection research; no real phone numbers, account numbers, OTPs, PINs, or live URLs included.",BanglaPhish_Half2_H2D11-H2D15_Legitimate_v1.csv
H2D13_0091,BanglaPhish-2026,1.0,H2D13,News & Information Alerts,Market Information,অর্থনীতি আপডেট: জনস্বাস্থ্য সম্পর্কিত নতুন প্রতিবেদন প্রকাশিত হয়েছে। এটি একটি স্বয়ংক্রিয় তথ্য বার্তা।,legitimate,0,train,train,SMS,,Informational / Service Notice,,News Service,Bangla,Bengali,Low,High,Synthetic; non-deployable,Redacted placeholder only,Redacted,False,Ready for human review,synthetic_generation,"Generated for legitimate/non-scam baseline in defensive phishing-detection research; no real phone numbers, account numbers, OTPs, PINs, or live URLs included.",BanglaPhish_Half2_H2D11-H2D15_Legitimate_v1.csv
H2D13_0092,BanglaPhish-2026,1.0,H2D13,News & Information Alerts,Market Information,মার্কেট নিউজ: সবজি বাজারে পরিবর্তন দেখা গেছে। বিস্তারিত যাচাইকৃত সংবাদে পড়ুন। ব্যক্তিগত তথ্য বা গোপন কোড শেয়ার করবেন না।,legitimate,0,train,train,App Notification,,Informational / Service Notice,,News Service,Bangla,Bengali,Low,High,Synthetic; non-deployable,Redacted placeholder only,Redacted,False,Ready for human review,synthetic_generation,"Generated for legitimate/non-scam baseline in defensive phishing-detection research; no real phone numbers, account numbers, OTPs, PINs, or live URLs included.",BanglaPhish_Half2_H2D11-H2D15_Legitimate_v1.csv
H2D13_0093,BanglaPhish-2026,1.0,H2D13,News & Information Alerts,Market Information,বাজার তথ্য: ডাল এর সর্বশেষ মূল্য তালিকা অফিসিয়াল উৎসে প্রকাশিত হয়েছে। এটি একটি স্বয়ংক্রিয় তথ্য বার্তা।,legitimate,0,train,train,Email,,Informational / Service Notice,,News Service,Bangla,Bengali,Low,High,Synthetic; non-deployable,Redacted placeholder only,Redacted,False,Ready for human review,synthetic_generation,"Generated for legitimate/non-scam baseline in defensive phishing-detection research; no real phone numbers, account numbers, OTPs, PINs, or live URLs included.",BanglaPhish_Half2_H2D11-H2D15_Legitimate_v1.csv
H2D13_0094,BanglaPhish-2026,1.0,H2D13,News & Information Alerts,Market Information,অর্থনীতি আপডেট: জনস্বাস্থ্য সম্পর্কিত নতুন প্রতিবেদন প্রকাশিত হয়েছে। ব্যক্তিগত তথ্য বা গোপন কোড শেয়ার করবেন না।,legitimate,0,train,train,SMS,,Informational / Service Notice,,News Service,Bangla,Bengali,Low,High,Synthetic; non-deployable,Redacted placeholder only,Redacted,False,Ready for human review,synthetic_generation,"Generated for legitimate/non-scam baseline in defensive phishing-detection research; no real phone numbers, account numbers, OTPs, PINs, or live URLs included.",BanglaPhish_Half2_H2D11-H2D15_Legitimate_v1.csv
H2D13_0095,BanglaPhish-2026,1.0,H2D13,News & Information Alerts,Market Information,মার্কেট নিউজ: ডাল বাজারে পরিবর্তন দেখা গেছে। বিস্তারিত যাচাইকৃত সংবাদে পড়ুন। এটি একটি স্বয়ংক্রিয় তথ্য বার্তা।,legitimate,0,train,train,App Notification,,Informational / Service Notice,,News Service,Bangla,Bengali,Low,High,Synthetic; non-deployable,Redacted placeholder only,Redacted,False,Ready for human review,synthetic_generation,"Generated for legitimate/non-scam baseline in defensive phishing-detection research; no real phone numbers, account numbers, OTPs, PINs, or live URLs included.",BanglaPhish_Half2_H2D11-H2D15_Legitimate_v1.csv
H2D13_0096,BanglaPhish-2026,1.0,H2D13,News & Information Alerts,Market Information,বাজার তথ্য: সবজি এর সর্বশেষ মূল্য তালিকা অফিসিয়াল উৎসে প্রকাশিত হয়েছে। ব্যক্তিগত তথ্য বা গোপন কোড শেয়ার করবেন না।,legitimate,0,train,train,Email,,Informational / Service Notice,,News Service,Bangla,Bengali,Low,High,Synthetic; non-deployable,Redacted placeholder only,Redacted,False,Ready for human review,synthetic_generation,"Generated for legitimate/non-scam baseline in defensive phishing-detection research; no real phone numbers, account numbers, OTPs, PINs, or live URLs included.",BanglaPhish_Half2_H2D11-H2D15_Legitimate_v1.csv
H2D13_0097,BanglaPhish-2026,1.0,H2D13,News & Information Alerts,Market Information,অর্থনীতি আপডেট: জনস্বাস্থ্য সম্পর্কিত নতুন প্রতিবেদন প্রকাশিত হয়েছে। এটি একটি স্বয়ংক্রিয় তথ্য বার্তা।,legitimate,0,train,train,SMS,,Informational / Service Notice,,News Service,Bangla,Bengali,Low,High,Synthetic; non-deployable,Redacted placeholder only,Redacted,False,Ready for human review,synthetic_generation,"Generated for legitimate/non-scam baseline in defensive phishing-detection research; no real phone numbers, account numbers, OTPs, PINs, or live URLs included.",BanglaPhish_Half2_H2D11-H2D15_Legitimate_v1.csv
H2D13_0098,BanglaPhish-2026,1.0,H2D13,News & Information Alerts,Market Information,মার্কেট নিউজ: সবজি বাজারে পরিবর্তন দেখা গেছে। বিস্তারিত যাচাইকৃত সংবাদে পড়ুন। ব্যক্তিগত তথ্য বা গোপন কোড শেয়ার করবেন না।,legitimate,0,train,train,App Notification,,Informational / Service Notice,,News Service,Bangla,Bengali,Low,High,Synthetic; non-deployable,Redacted placeholder only,Redacted,False,Ready for human review,synthetic_generation,"Generated for legitimate/non-scam baseline in defensive phishing-detection research; no real phone numbers, account numbers, OTPs, PINs, or live URLs included.",BanglaPhish_Half2_H2D11-H2D15_Legitimate_v1.csv
H2D13_0099,BanglaPhish-2026,1.0,H2D13,News & Information Alerts,Market Information,বাজার তথ্য: ডাল এর সর্বশেষ মূল্য তালিকা অফিসিয়াল উৎসে প্রকাশিত হয়েছে। এটি একটি স্বয়ংক্রিয় তথ্য বার্তা।,legitimate,0,train,train,Email,,Informational / Service Notice,,News Service,Bangla,Bengali,Low,High,Synthetic; non-deployable,Redacted placeholder only,Redacted,False,Ready for human review,synthetic_generation,"Generated for legitimate/non-scam baseline in defensive phishing-detection research; no real phone numbers, account numbers, OTPs, PINs, or live URLs included.",BanglaPhish_Half2_H2D11-H2D15_Legitimate_v1.csv
H2D13_0100,BanglaPhish-2026,1.0,H2D13,News & Information Alerts,Market Information,অর্থনীতি আপডেট: জনস্বাস্থ্য সম্পর্কিত নতুন প্রতিবেদন প্রকাশিত হয়েছে। ব্যক্তিগত তথ্য বা গোপন কোড শেয়ার করবেন না।,legitimate,0,train,train,SMS,,Informational / Service Notice,,News Service,Bangla,Bengali,Low,High,Synthetic; non-deployable,Redacted placeholder only,Redacted,False,Ready for human review,synthetic_generation,"Generated for legitimate/non-scam baseline in defensive phishing-detection research; no real phone numbers, account numbers, OTPs, PINs, or live URLs included.",BanglaPhish_Half2_H2D11-H2D15_Legitimate_v1.csv
H2D13_0107,BanglaPhish-2026,1.0,H2D13,News & Information Alerts,Sports Update,খেলা আপডেট: [TEAM_NAME] দলের ম্যাচ সম্পর্কিত খবর প্রকাশিত হয়েছে। এটি একটি স্বয়ংক্রিয় তথ্য বার্তা।,legitimate,0,train,train,App Notification,,Informational / Service Notice,,News Service,Bangla,Bengali,Low,High,Synthetic; non-deployable,Redacted placeholder only,Redacted,False,Ready for human review,synthetic_generation,"Generated for legitimate/non-scam baseline in defensive phishing-detection research; no real phone numbers, account numbers, OTPs, PINs, or live URLs included.",BanglaPhish_Half2_H2D11-H2D15_Legitimate_v1.csv
H2D13_0108,BanglaPhish-2026,1.0,H2D13,News & Information Alerts,Sports Update,স্পোর্টস নিউজ: জাতীয় লীগ এর সর্বশেষ ফলাফল অফিসিয়াল পোর্টালে দেখা যাবে। ব্যক্তিগত তথ্য বা গোপন কোড শেয়ার করবেন না।,legitimate,0,train,train,Email,,Informational / Service Notice,,News Service,Bangla,Bengali,Low,High,Synthetic; non-deployable,Redacted placeholder only,Redacted,False,Ready for human review,synthetic_generation,"Generated for legitimate/non-scam baseline in defensive phishing-detection research; no real phone numbers, account numbers, OTPs, PINs, or live URLs included.",BanglaPhish_Half2_H2D11-H2D15_Legitimate_v1.csv
H2D13_0109,BanglaPhish-2026,1.0,H2D13,News & Information Alerts,Sports Update,[TEAM_NAME] ম্যাচ আপডেট: স্কোর ও সময়সূচি নিউজ অ্যাপে দেখুন। এটি একটি স্বয়ংক্রিয় তথ্য বার্তা।,legitimate,0,train,train,SMS,,Informational / Service Notice,,News Service,Bangla,Bengali,Low,High,Synthetic; non-deployable,Redacted placeholder only,Redacted,False,Ready for human review,synthetic_generation,"Generated for legitimate/non-scam baseline in defensive phishing-detection research; no real phone numbers, account numbers, OTPs, PINs, or live URLs included.",BanglaPhish_Half2_H2D11-H2D15_Legitimate_v1.csv
H2D13_0110,BanglaPhish-2026,1.0,H2D13,News & Information Alerts,Sports Update,খেলা আপডেট: [TEAM_NAME] দলের ম্যাচ সম্পর্কিত খবর প্রকাশিত হয়েছে। ব্যক্তিগত তথ্য বা গোপন কোড শেয়ার করবেন না।,legitimate,0,train,train,App Notification,,Informational / Service Notice,,News Service,Bangla,Bengali,Low,High,Synthetic; non-deployable,Redacted placeholder only,Redacted,False,Ready for human review,synthetic_generation,"Generated for legitimate/non-scam baseline in defensive phishing-detection research; no real phone numbers, account numbers, OTPs, PINs, or live URLs included.",BanglaPhish_Half2_H2D11-H2D15_Legitimate_v1.csv
H2D13_0111,BanglaPhish-2026,1.0,H2D13,News & Information Alerts,Sports Update,স্পোর্টস নিউজ: জাতীয় লীগ এর সর্বশেষ ফলাফল অফিসিয়াল পোর্টালে দেখা যাবে। এটি একটি স্বয়ংক্রিয় তথ্য বার্তা।,legitimate,0,train,train,Email,,Informational / Service Notice,,News Service,Bangla,Bengali,Low,High,Synthetic; non-deployable,Redacted placeholder only,Redacted,False,Ready for human review,synthetic_generation,"Generated for legitimate/non-scam baseline in defensive phishing-detection research; no real phone numbers, account numbers, OTPs, PINs, or live URLs included.",BanglaPhish_Half2_H2D11-H2D15_Legitimate_v1.csv
H2D13_0112,BanglaPhish-2026,1.0,H2D13,News & Information Alerts,Sports Update,[TEAM_NAME] ম্যাচ আপডেট: স্কোর ও সময়সূচি নিউজ অ্যাপে দেখুন। ব্যক্তিগত তথ্য বা গোপন কোড শেয়ার করবেন না।,legitimate,0,train,train,SMS,,Informational / Service Notice,,News Service,Bangla,Bengali,Low,High,Synthetic; non-deployable,Redacted placeholder only,Redacted,False,Ready for human review,synthetic_generation,"Generated for legitimate/non-scam baseline in defensive phishing-detection research; no real phone numbers, account numbers, OTPs, PINs, or live URLs included.",BanglaPhish_Half2_H2D11-H2D15_Legitimate_v1.csv
H2D13_0113,BanglaPhish-2026,1.0,H2D13,News & Information Alerts,Sports Update,খেলা আপডেট: [TEAM_NAME] দলের ম্যাচ সম্পর্কিত খবর প্রকাশিত হয়েছে। এটি একটি স্বয়ংক্রিয় তথ্য বার্তা।,legitimate,0,train,train,App Notification,,Informational / Service Notice,,News Service,Bangla,Bengali,Low,High,Synthetic; non-deployable,Redacted placeholder only,Redacted,False,Ready for human review,synthetic_generation,"Generated for legitimate/non-scam baseline in defensive phishing-detection research; no real phone numbers, account numbers, OTPs, PINs, or live URLs included.",BanglaPhish_Half2_H2D11-H2D15_Legitimate_v1.csv
H2D13_0114,BanglaPhish-2026,1.0,H2D13,News & Information Alerts,Sports Update,স্পোর্টস নিউজ: জাতীয় লীগ এর সর্বশেষ ফলাফল অফিসিয়াল পোর্টালে দেখা যাবে। ব্যক্তিগত তথ্য বা গোপন কোড শেয়ার করবেন না।,legitimate,0,train,train,Email,,Informational / Service Notice,,News Service,Bangla,Bengali,Low,High,Synthetic; non-deployable,Redacted placeholder only,Redacted,False,Ready for human review,synthetic_generation,"Generated for legitimate/non-scam baseline in defensive phishing-detection research; no real phone numbers, account numbers, OTPs, PINs, or live URLs included.",BanglaPhish_Half2_H2D11-H2D15_Legitimate_v1.csv
H2D13_0115,BanglaPhish-2026,1.0,H2D13,News & Information Alerts,Sports Update,[TEAM_NAME] ম্যাচ আপডেট: স্কোর ও সময়সূচি নিউজ অ্যাপে দেখুন। এটি একটি স্বয়ংক্রিয় তথ্য বার্তা।,legitimate,0,train,train,SMS,,Informational / Service Notice,,News Service,Bangla,Bengali,Low,High,Synthetic; non-deployable,Redacted placeholder only,Redacted,False,Ready for human review,synthetic_generation,"Generated for legitimate/non-scam baseline in defensive phishing-detection research; no real phone numbers, account numbers, OTPs, PINs, or live URLs included.",BanglaPhish_Half2_H2D11-H2D15_Legitimate_v1.csv
H2D13_0116,BanglaPhish-2026,1.0,H2D13,News & Information Alerts,Sports Update,খেলা আপডেট: [TEAM_NAME] দলের ম্যাচ সম্পর্কিত খবর প্রকাশিত হয়েছে। ব্যক্তিগত তথ্য বা গোপন কোড শেয়ার করবেন না।,legitimate,0,train,train,App Notification,,Informational / Service Notice,,News Service,Bangla,Bengali,Low,High,Synthetic; non-deployable,Redacted placeholder only,Redacted,False,Ready for human review,synthetic_generation,"Generated for legitimate/non-scam baseline in defensive phishing-detection research; no real phone numbers, account numbers, OTPs, PINs, or live URLs included.",BanglaPhish_Half2_H2D11-H2D15_Legitimate_v1.csv
H2D13_0117,BanglaPhish-2026,1.0,H2D13,News & Information Alerts,Sports Update,স্পোর্টস নিউজ: জাতীয় লীগ এর সর্বশেষ ফলাফল অফিসিয়াল পোর্টালে দেখা যাবে। এটি একটি স্বয়ংক্রিয় তথ্য বার্তা।,legitimate,0,train,train,Email,,Informational / Service Notice,,News Service,Bangla,Bengali,Low,High,Synthetic; non-deployable,Redacted placeholder only,Redacted,False,Ready for human review,synthetic_generation,"Generated for legitimate/non-scam baseline in defensive phishing-detection research; no real phone numbers, account numbers, OTPs, PINs, or live URLs included.",BanglaPhish_Half2_H2D11-H2D15_Legitimate_v1.csv
H2D13_0118,BanglaPhish-2026,1.0,H2D13,News & Information Alerts,Sports Update,[TEAM_NAME] ম্যাচ আপডেট: স্কোর ও সময়সূচি নিউজ অ্যাপে দেখুন। ব্যক্তিগত তথ্য বা গোপন কোড শেয়ার করবেন না।,legitimate,0,train,train,SMS,,Informational / Service Notice,,News Service,Bangla,Bengali,Low,High,Synthetic; non-deployable,Redacted placeholder only,Redacted,False,Ready for human review,synthetic_generation,"Generated for legitimate/non-scam baseline in defensive phishing-detection research; no real phone numbers, account numbers, OTPs, PINs, or live URLs included.",BanglaPhish_Half2_H2D11-H2D15_Legitimate_v1.csv
H2D13_0119,BanglaPhish-2026,1.0,H2D13,News & Information Alerts,Sports Update,খেলা আপডেট: [TEAM_NAME] দলের ম্যাচ সম্পর্কিত খবর প্রকাশিত হয়েছে। এটি একটি স্বয়ংক্রিয় তথ্য বার্তা।,legitimate,0,train,train,App Notification,,Informational / Service Notice,,News Service,Bangla,Bengali,Low,High,Synthetic; non-deployable,Redacted placeholder only,Redacted,False,Ready for human review,synthetic_generation,"Generated for legitimate/non-scam baseline in defensive phishing-detection research; no real phone numbers, account numbers, OTPs, PINs, or live URLs included.",BanglaPhish_Half2_H2D11-H2D15_Legitimate_v1.csv
H2D13_0120,BanglaPhish-2026,1.0,H2D13,News & Information Alerts,Sports Update,স্পোর্টস নিউজ: জাতীয় লীগ এর সর্বশেষ ফলাফল অফিসিয়াল পোর্টালে দেখা যাবে। ব্যক্তিগত তথ্য বা গোপন কোড শেয়ার করবেন না।,legitimate,0,train,train,Email,,Informational / Service Notice,,News Service,Bangla,Bengali,Low,High,Synthetic; non-deployable,Redacted placeholder only,Redacted,False,Ready for human review,synthetic_generation,"Generated for legitimate/non-scam baseline in defensive phishing-detection research; no real phone numbers, account numbers, OTPs, PINs, or live URLs included.",BanglaPhish_Half2_H2D11-H2D15_Legitimate_v1.csv
H2D13_0127,BanglaPhish-2026,1.0,H2D13,News & Information Alerts,Education News,শিক্ষা আপডেট: এইচএসসি সম্পর্কিত নতুন নোটিস প্রকাশিত হয়েছে। অফিসিয়াল বোর্ড/প্রতিষ্ঠানের সাইট যাচাই করুন। এটি একটি স্বয়ংক্রিয় তথ্য বার্তা।,legitimate,0,train,train,SMS,,Informational / Service Notice,,News Service,Bangla,Bengali,Low,High,Synthetic; non-deployable,Redacted placeholder only,Redacted,False,Ready for human review,synthetic_generation,"Generated for legitimate/non-scam baseline in defensive phishing-detection research; no real phone numbers, account numbers, OTPs, PINs, or live URLs included.",BanglaPhish_Half2_H2D11-H2D15_Legitimate_v1.csv
H2D13_0128,BanglaPhish-2026,1.0,H2D13,News & Information Alerts,Education News,শিক্ষা সংবাদ: প্রযুক্তি বিষয়ে বিস্তারিত তথ্য প্রকাশিত হয়েছে। ব্যক্তিগত তথ্য বা গোপন কোড শেয়ার করবেন না।,legitimate,0,train,train,App Notification,,Informational / Service Notice,,News Service,Bangla,Bengali,Low,High,Synthetic; non-deployable,Redacted placeholder only,Redacted,False,Ready for human review,synthetic_generation,"Generated for legitimate/non-scam baseline in defensive phishing-detection research; no real phone numbers, account numbers, OTPs, PINs, or live URLs included.",BanglaPhish_Half2_H2D11-H2D15_Legitimate_v1.csv
H2D13_0129,BanglaPhish-2026,1.0,H2D13,News & Information Alerts,Education News,স্টুডেন্ট ইনফো: বিশ্ববিদ্যালয় ভর্তি পরীক্ষা সময়সূচি অফিসিয়াল নোটিসে দেখুন। এটি একটি স্বয়ংক্রিয় তথ্য বার্তা।,legitimate,0,train,train,Email,,Informational / Service Notice,,News Service,Bangla,Bengali,Low,High,Synthetic; non-deployable,Redacted placeholder only,Redacted,False,Ready for human review,synthetic_generation,"Generated for legitimate/non-scam baseline in defensive phishing-detection research; no real phone numbers, account numbers, OTPs, PINs, or live URLs included.",BanglaPhish_Half2_H2D11-H2D15_Legitimate_v1.csv
H2D13_0130,BanglaPhish-2026,1.0,H2D13,News & Information Alerts,Education News,শিক্ষা আপডেট: এইচএসসি সম্পর্কিত নতুন নোটিস প্রকাশিত হয়েছে। অফিসিয়াল বোর্ড/প্রতিষ্ঠানের সাইট যাচাই করুন। ব্যক্তিগত তথ্য বা গোপন কোড শেয়ার করবেন না।,legitimate,0,train,train,SMS,,Informational / Service Notice,,News Service,Bangla,Bengali,Low,High,Synthetic; non-deployable,Redacted placeholder only,Redacted,False,Ready for human review,synthetic_generation,"Generated for legitimate/non-scam baseline in defensive phishing-detection research; no real phone numbers, account numbers, OTPs, PINs, or live URLs included.",BanglaPhish_Half2_H2D11-H2D15_Legitimate_v1.csv
H2D13_0131,BanglaPhish-2026,1.0,H2D13,News & Information Alerts,Education News,শিক্ষা সংবাদ: প্রযুক্তি বিষয়ে বিস্তারিত তথ্য প্রকাশিত হয়েছে। এটি একটি স্বয়ংক্রিয় তথ্য বার্তা।,legitimate,0,train,train,App Notification,,Informational / Service Notice,,News Service,Bangla,Bengali,Low,High,Synthetic; non-deployable,Redacted placeholder only,Redacted,False,Ready for human review,synthetic_generation,"Generated for legitimate/non-scam baseline in defensive phishing-detection research; no real phone numbers, account numbers, OTPs, PINs, or live URLs included.",BanglaPhish_Half2_H2D11-H2D15_Legitimate_v1.csv
H2D13_0132,BanglaPhish-2026,1.0,H2D13,News & Information Alerts,Education News,স্টুডেন্ট ইনফো: বিশ্ববিদ্যালয় ভর্তি পরীক্ষা সময়সূচি অফিসিয়াল নোটিসে দেখুন। ব্যক্তিগত তথ্য বা গোপন কোড শেয়ার করবেন না।,legitimate,0,train,train,Email,,Informational / Service Notice,,News Service,Bangla,Bengali,Low,High,Synthetic; non-deployable,Redacted placeholder only,Redacted,False,Ready for human review,synthetic_generation,"Generated for legitimate/non-scam baseline in defensive phishing-detection research; no real phone numbers, account numbers, OTPs, PINs, or live URLs included.",BanglaPhish_Half2_H2D11-H2D15_Legitimate_v1.csv
H2D13_0133,BanglaPhish-2026,1.0,H2D13,News & Information Alerts,Education News,শিক্ষা আপডেট: এইচএসসি সম্পর্কিত নতুন নোটিস প্রকাশিত হয়েছে। অফিসিয়াল বোর্ড/প্রতিষ্ঠানের সাইট যাচাই করুন। এটি একটি স্বয়ংক্রিয় তথ্য বার্তা।,legitimate,0,train,train,SMS,,Informational / Service Notice,,News Service,Bangla,Bengali,Low,High,Synthetic; non-deployable,Redacted placeholder only,Redacted,False,Ready for human review,synthetic_generation,"Generated for legitimate/non-scam baseline in defensive phishing-detection research; no real phone numbers, account numbers, OTPs, PINs, or live URLs included.",BanglaPhish_Half2_H2D11-H2D15_Legitimate_v1.csv
H2D13_0134,BanglaPhish-2026,1.0,H2D13,News & Information Alerts,Education News,শিক্ষা সংবাদ: প্রযুক্তি বিষয়ে বিস্তারিত তথ্য প্রকাশিত হয়েছে। ব্যক্তিগত তথ্য বা গোপন কোড শেয়ার করবেন না।,legitimate,0,train,train,App Notification,,Informational / Service Notice,,News Service,Bangla,Bengali,Low,High,Synthetic; non-deployable,Redacted placeholder only,Redacted,False,Ready for human review,synthetic_generation,"Generated for legitimate/non-scam baseline in defensive phishing-detection research; no real phone numbers, account numbers, OTPs, PINs, or live URLs included.",BanglaPhish_Half2_H2D11-H2D15_Legitimate_v1.csv
H2D13_0135,BanglaPhish-2026,1.0,H2D13,News & Information Alerts,Education News,স্টুডেন্ট ইনফো: বিশ্ববিদ্যালয় ভর্তি পরীক্ষা সময়সূচি অফিসিয়াল নোটিসে দেখুন। এটি একটি স্বয়ংক্রিয় তথ্য বার্তা।,legitimate,0,train,train,Email,,Informational / Service Notice,,News Service,Bangla,Bengali,Low,High,Synthetic; non-deployable,Redacted placeholder only,Redacted,False,Ready for human review,synthetic_generation,"Generated for legitimate/non-scam baseline in defensive phishing-detection research; no real phone numbers, account numbers, OTPs, PINs, or live URLs included.",BanglaPhish_Half2_H2D11-H2D15_Legitimate_v1.csv
H2D13_0136,BanglaPhish-2026,1.0,H2D13,News & Information Alerts,Education News,শিক্ষা আপডেট: এইচএসসি সম্পর্কিত নতুন নোটিস প্রকাশিত হয়েছে। অফিসিয়াল বোর্ড/প্রতিষ্ঠানের সাইট যাচাই করুন। ব্যক্তিগত তথ্য বা গোপন কোড শেয়ার করবেন না।,legitimate,0,train,train,SMS,,Informational / Service Notice,,News Service,Bangla,Bengali,Low,High,Synthetic; non-deployable,Redacted placeholder only,Redacted,False,Ready for human review,synthetic_generation,"Generated for legitimate/non-scam baseline in defensive phishing-detection research; no real phone numbers, account numbers, OTPs, PINs, or live URLs included.",BanglaPhish_Half2_H2D11-H2D15_Legitimate_v1.csv
H2D13_0137,BanglaPhish-2026,1.0,H2D13,News & Information Alerts,Education News,শিক্ষা সংবাদ: প্রযুক্তি বিষয়ে বিস্তারিত তথ্য প্রকাশিত হয়েছে। এটি একটি স্বয়ংক্রিয় তথ্য বার্তা।,legitimate,0,train,train,App Notification,,Informational / Service Notice,,News Service,Bangla,Bengali,Low,High,Synthetic; non-deployable,Redacted placeholder only,Redacted,False,Ready for human review,synthetic_generation,"Generated for legitimate/non-scam baseline in defensive phishing-detection research; no real phone numbers, account numbers, OTPs, PINs, or live URLs included.",BanglaPhish_Half2_H2D11-H2D15_Legitimate_v1.csv
H2D13_0138,BanglaPhish-2026,1.0,H2D13,News & Information Alerts,Education News,স্টুডেন্ট ইনফো: বিশ্ববিদ্যালয় ভর্তি পরীক্ষা সময়সূচি অফিসিয়াল নোটিসে দেখুন। ব্যক্তিগত তথ্য বা গোপন কোড শেয়ার করবেন না।,legitimate,0,train,train,Email,,Informational / Service Notice,,News Service,Bangla,Bengali,Low,High,Synthetic; non-deployable,Redacted placeholder only,Redacted,False,Ready for human review,synthetic_generation,"Generated for legitimate/non-scam baseline in defensive phishing-detection research; no real phone numbers, account numbers, OTPs, PINs, or live URLs included.",BanglaPhish_Half2_H2D11-H2D15_Legitimate_v1.csv
H2D13_0139,BanglaPhish-2026,1.0,H2D13,News & Information Alerts,Education News,শিক্ষা আপডেট: এইচএসসি সম্পর্কিত নতুন নোটিস প্রকাশিত হয়েছে। অফিসিয়াল বোর্ড/প্রতিষ্ঠানের সাইট যাচাই করুন। এটি একটি স্বয়ংক্রিয় তথ্য বার্তা।,legitimate,0,train,train,SMS,,Informational / Service Notice,,News Service,Bangla,Bengali,Low,High,Synthetic; non-deployable,Redacted placeholder only,Redacted,False,Ready for human review,synthetic_generation,"Generated for legitimate/non-scam baseline in defensive phishing-detection research; no real phone numbers, account numbers, OTPs, PINs, or live URLs included.",BanglaPhish_Half2_H2D11-H2D15_Legitimate_v1.csv
H2D13_0140,BanglaPhish-2026,1.0,H2D13,News & Information Alerts,Education News,শিক্ষা সংবাদ: প্রযুক্তি বিষয়ে বিস্তারিত তথ্য প্রকাশিত হয়েছে। ব্যক্তিগত তথ্য বা গোপন কোড শেয়ার করবেন না।,legitimate,0,train,train,App Notification,,Informational / Service Notice,,News Service,Bangla,Bengali,Low,High,Synthetic; non-deployable,Redacted placeholder only,Redacted,False,Ready for human review,synthetic_generation,"Generated for legitimate/non-scam baseline in defensive phishing-detection research; no real phone numbers, account numbers, OTPs, PINs, or live URLs included.",BanglaPhish_Half2_H2D11-H2D15_Legitimate_v1.csv
H2D13_0147,BanglaPhish-2026,1.0,H2D13,News & Information Alerts,Technology News,প্রযুক্তি আপডেট: প্রযুক্তি নিয়ে নতুন প্রতিবেদন প্রকাশিত হয়েছে। এটি একটি স্বয়ংক্রিয় তথ্য বার্তা।,legitimate,0,validation,validation,Email,,Informational / Service Notice,,News Service,Bangla,Bengali,Low,High,Synthetic; non-deployable,Redacted placeholder only,Redacted,False,Ready for human review,synthetic_generation,"Generated for legitimate/non-scam baseline in defensive phishing-detection research; no real phone numbers, account numbers, OTPs, PINs, or live URLs included.",BanglaPhish_Half2_H2D11-H2D15_Legitimate_v1.csv
H2D13_0148,BanglaPhish-2026,1.0,H2D13,News & Information Alerts,Technology News,টেক নিউজ: সাইবার নিরাপত্তা সম্পর্কে সচেতনতামূলক তথ্য প্রকাশিত হয়েছে। ব্যক্তিগত তথ্য বা গোপন কোড শেয়ার করবেন না।,legitimate,0,validation,validation,SMS,,Informational / Service Notice,,News Service,Bangla,Bengali,Low,High,Synthetic; non-deployable,Redacted placeholder only,Redacted,False,Ready for human review,synthetic_generation,"Generated for legitimate/non-scam baseline in defensive phishing-detection research; no real phone numbers, account numbers, OTPs, PINs, or live URLs included.",BanglaPhish_Half2_H2D11-H2D15_Legitimate_v1.csv
H2D13_0149,BanglaPhish-2026,1.0,H2D13,News & Information Alerts,Technology News,ডিজিটাল নিরাপত্তা নোটিস: অজানা লিংকে ব্যক্তিগত তথ্য দেবেন না। এটি একটি স্বয়ংক্রিয় তথ্য বার্তা।,legitimate,0,validation,validation,App Notification,,Informational / Service Notice,,News Service,Bangla,Bengali,Low,High,Synthetic; non-deployable,Redacted placeholder only,Redacted,False,Ready for human review,synthetic_generation,"Generated for legitimate/non-scam baseline in defensive phishing-detection research; no real phone numbers, account numbers, OTPs, PINs, or live URLs included.",BanglaPhish_Half2_H2D11-H2D15_Legitimate_v1.csv
H2D13_0150,BanglaPhish-2026,1.0,H2D13,News & Information Alerts,Technology News,প্রযুক্তি আপডেট: প্রযুক্তি নিয়ে নতুন প্রতিবেদন প্রকাশিত হয়েছে। ব্যক্তিগত তথ্য বা গোপন কোড শেয়ার করবেন না।,legitimate,0,validation,validation,Email,,Informational / Service Notice,,News Service,Bangla,Bengali,Low,High,Synthetic; non-deployable,Redacted placeholder only,Redacted,False,Ready for human review,synthetic_generation,"Generated for legitimate/non-scam baseline in defensive phishing-detection research; no real phone numbers, account numbers, OTPs, PINs, or live URLs included.",BanglaPhish_Half2_H2D11-H2D15_Legitimate_v1.csv
H2D13_0151,BanglaPhish-2026,1.0,H2D13,News & Information Alerts,Technology News,টেক নিউজ: সাইবার নিরাপত্তা সম্পর্কে সচেতনতামূলক তথ্য প্রকাশিত হয়েছে। এটি একটি স্বয়ংক্রিয় তথ্য বার্তা।,legitimate,0,validation,validation,SMS,,Informational / Service Notice,,News Service,Bangla,Bengali,Low,High,Synthetic; non-deployable,Redacted placeholder only,Redacted,False,Ready for human review,synthetic_generation,"Generated for legitimate/non-scam baseline in defensive phishing-detection research; no real phone numbers, account numbers, OTPs, PINs, or live URLs included.",BanglaPhish_Half2_H2D11-H2D15_Legitimate_v1.csv
H2D13_0152,BanglaPhish-2026,1.0,H2D13,News & Information Alerts,Technology News,ডিজিটাল নিরাপত্তা নোটিস: অজানা লিংকে ব্যক্তিগত তথ্য দেবেন না। ব্যক্তিগত তথ্য বা গোপন কোড শেয়ার করবেন না।,legitimate,0,validation,validation,App Notification,,Informational / Service Notice,,News Service,Bangla,Bengali,Low,High,Synthetic; non-deployable,Redacted placeholder only,Redacted,False,Ready for human review,synthetic_generation,"Generated for legitimate/non-scam baseline in defensive phishing-detection research; no real phone numbers, account numbers, OTPs, PINs, or live URLs included.",BanglaPhish_Half2_H2D11-H2D15_Legitimate_v1.csv
H2D13_0153,BanglaPhish-2026,1.0,H2D13,News & Information Alerts,Technology News,প্রযুক্তি আপডেট: প্রযুক্তি নিয়ে নতুন প্রতিবেদন প্রকাশিত হয়েছে। এটি একটি স্বয়ংক্রিয় তথ্য বার্তা।,legitimate,0,validation,validation,Email,,Informational / Service Notice,,News Service,Bangla,Bengali,Low,High,Synthetic; non-deployable,Redacted placeholder only,Redacted,False,Ready for human review,synthetic_generation,"Generated for legitimate/non-scam baseline in defensive phishing-detection research; no real phone numbers, account numbers, OTPs, PINs, or live URLs included.",BanglaPhish_Half2_H2D11-H2D15_Legitimate_v1.csv
H2D13_0154,BanglaPhish-2026,1.0,H2D13,News & Information Alerts,Technology News,টেক নিউজ: সাইবার নিরাপত্তা সম্পর্কে সচেতনতামূলক তথ্য প্রকাশিত হয়েছে। ব্যক্তিগত তথ্য বা গোপন কোড শেয়ার করবেন না।,legitimate,0,validation,validation,SMS,,Informational / Service Notice,,News Service,Bangla,Bengali,Low,High,Synthetic; non-deployable,Redacted placeholder only,Redacted,False,Ready for human review,synthetic_generation,"Generated for legitimate/non-scam baseline in defensive phishing-detection research; no real phone numbers, account numbers, OTPs, PINs, or live URLs included.",BanglaPhish_Half2_H2D11-H2D15_Legitimate_v1.csv
H2D13_0155,BanglaPhish-2026,1.0,H2D13,News & Information Alerts,Technology News,ডিজিটাল নিরাপত্তা নোটিস: অজানা লিংকে ব্যক্তিগত তথ্য দেবেন না। এটি একটি স্বয়ংক্রিয় তথ্য বার্তা।,legitimate,0,validation,validation,App Notification,,Informational / Service Notice,,News Service,Bangla,Bengali,Low,High,Synthetic; non-deployable,Redacted placeholder only,Redacted,False,Ready for human review,synthetic_generation,"Generated for legitimate/non-scam baseline in defensive phishing-detection research; no real phone numbers, account numbers, OTPs, PINs, or live URLs included.",BanglaPhish_Half2_H2D11-H2D15_Legitimate_v1.csv
H2D13_0156,BanglaPhish-2026,1.0,H2D13,News & Information Alerts,Technology News,প্রযুক্তি আপডেট: প্রযুক্তি নিয়ে নতুন প্রতিবেদন প্রকাশিত হয়েছে। ব্যক্তিগত তথ্য বা গোপন কোড শেয়ার করবেন না।,legitimate,0,validation,validation,Email,,Informational / Service Notice,,News Service,Bangla,Bengali,Low,High,Synthetic; non-deployable,Redacted placeholder only,Redacted,False,Ready for human review,synthetic_generation,"Generated for legitimate/non-scam baseline in defensive phishing-detection research; no real phone numbers, account numbers, OTPs, PINs, or live URLs included.",BanglaPhish_Half2_H2D11-H2D15_Legitimate_v1.csv
H2D13_0157,BanglaPhish-2026,1.0,H2D13,News & Information Alerts,Technology News,টেক নিউজ: সাইবার নিরাপত্তা সম্পর্কে সচেতনতামূলক তথ্য প্রকাশিত হয়েছে। এটি একটি স্বয়ংক্রিয় তথ্য বার্তা।,legitimate,0,validation,validation,SMS,,Informational / Service Notice,,News Service,Bangla,Bengali,Low,High,Synthetic; non-deployable,Redacted placeholder only,Redacted,False,Ready for human review,synthetic_generation,"Generated for legitimate/non-scam baseline in defensive phishing-detection research; no real phone numbers, account numbers, OTPs, PINs, or live URLs included.",BanglaPhish_Half2_H2D11-H2D15_Legitimate_v1.csv
H2D13_0158,BanglaPhish-2026,1.0,H2D13,News & Information Alerts,Technology News,ডিজিটাল নিরাপত্তা নোটিস: অজানা লিংকে ব্যক্তিগত তথ্য দেবেন না। ব্যক্তিগত তথ্য বা গোপন কোড শেয়ার করবেন না।,legitimate,0,validation,validation,App Notification,,Informational / Service Notice,,News Service,Bangla,Bengali,Low,High,Synthetic; non-deployable,Redacted placeholder only,Redacted,False,Ready for human review,synthetic_generation,"Generated for legitimate/non-scam baseline in defensive phishing-detection research; no real phone numbers, account numbers, OTPs, PINs, or live URLs included.",BanglaPhish_Half2_H2D11-H2D15_Legitimate_v1.csv
H2D13_0159,BanglaPhish-2026,1.0,H2D13,News & Information Alerts,Technology News,প্রযুক্তি আপডেট: প্রযুক্তি নিয়ে নতুন প্রতিবেদন প্রকাশিত হয়েছে। এটি একটি স্বয়ংক্রিয় তথ্য বার্তা।,legitimate,0,validation,validation,Email,,Informational / Service Notice,,News Service,Bangla,Bengali,Low,High,Synthetic; non-deployable,Redacted placeholder only,Redacted,False,Ready for human review,synthetic_generation,"Generated for legitimate/non-scam baseline in defensive phishing-detection research; no real phone numbers, account numbers, OTPs, PINs, or live URLs included.",BanglaPhish_Half2_H2D11-H2D15_Legitimate_v1.csv
H2D13_0160,BanglaPhish-2026,1.0,H2D13,News & Information Alerts,Technology News,টেক নিউজ: সাইবার নিরাপত্তা সম্পর্কে সচেতনতামূলক তথ্য প্রকাশিত হয়েছে। ব্যক্তিগত তথ্য বা গোপন কোড শেয়ার করবেন না।,legitimate,0,validation,validation,SMS,,Informational / Service Notice,,News Service,Bangla,Bengali,Low,High,Synthetic; non-deployable,Redacted placeholder only,Redacted,False,Ready for human review,synthetic_generation,"Generated for legitimate/non-scam baseline in defensive phishing-detection research; no real phone numbers, account numbers, OTPs, PINs, or live URLs included.",BanglaPhish_Half2_H2D11-H2D15_Legitimate_v1.csv
H2D13_0167,BanglaPhish-2026,1.0,H2D13,News & Information Alerts,Community Notice,কমিউনিটি আপডেট: বরিশাল এলাকায় নাগরিক সেবা নোটিস প্রকাশিত হয়েছে। এটি একটি স্বয়ংক্রিয় তথ্য বার্তা।,legitimate,0,validation,validation,App Notification,,Informational / Service Notice,,News Service,Bangla,Bengali,Low,High,Synthetic; non-deployable,Redacted placeholder only,Redacted,False,Ready for human review,synthetic_generation,"Generated for legitimate/non-scam baseline in defensive phishing-detection research; no real phone numbers, account numbers, OTPs, PINs, or live URLs included.",BanglaPhish_Half2_H2D11-H2D15_Legitimate_v1.csv
H2D13_0168,BanglaPhish-2026,1.0,H2D13,News & Information Alerts,Community Notice,এলাকা তথ্য: চট্টগ্রাম অঞ্চলে নির্ধারিত কার্যক্রমের সময়সূচি প্রকাশিত। ব্যক্তিগত তথ্য বা গোপন কোড শেয়ার করবেন না।,legitimate,0,validation,validation,Email,,Informational / Service Notice,,News Service,Bangla,Bengali,Low,High,Synthetic; non-deployable,Redacted placeholder only,Redacted,False,Ready for human review,synthetic_generation,"Generated for legitimate/non-scam baseline in defensive phishing-detection research; no real phone numbers, account numbers, OTPs, PINs, or live URLs included.",BanglaPhish_Half2_H2D11-H2D15_Legitimate_v1.csv
H2D13_0169,BanglaPhish-2026,1.0,H2D13,News & Information Alerts,Community Notice,স্থানীয় খবর: রাজশাহী এলাকার গুরুত্বপূর্ণ নোটিস অফিসিয়াল সূত্রে দেখুন। এটি একটি স্বয়ংক্রিয় তথ্য বার্তা।,legitimate,0,validation,validation,SMS,,Informational / Service Notice,,News Service,Bangla,Bengali,Low,High,Synthetic; non-deployable,Redacted placeholder only,Redacted,False,Ready for human review,synthetic_generation,"Generated for legitimate/non-scam baseline in defensive phishing-detection research; no real phone numbers, account numbers, OTPs, PINs, or live URLs included.",BanglaPhish_Half2_H2D11-H2D15_Legitimate_v1.csv
H2D13_0170,BanglaPhish-2026,1.0,H2D13,News & Information Alerts,Community Notice,কমিউনিটি আপডেট: বরিশাল এলাকায় নাগরিক সেবা নোটিস প্রকাশিত হয়েছে। ব্যক্তিগত তথ্য বা গোপন কোড শেয়ার করবেন না।,legitimate,0,validation,validation,App Notification,,Informational / Service Notice,,News Service,Bangla,Bengali,Low,High,Synthetic; non-deployable,Redacted placeholder only,Redacted,False,Ready for human review,synthetic_generation,"Generated for legitimate/non-scam baseline in defensive phishing-detection research; no real phone numbers, account numbers, OTPs, PINs, or live URLs included.",BanglaPhish_Half2_H2D11-H2D15_Legitimate_v1.csv
H2D13_0171,BanglaPhish-2026,1.0,H2D13,News & Information Alerts,Community Notice,এলাকা তথ্য: চট্টগ্রাম অঞ্চলে নির্ধারিত কার্যক্রমের সময়সূচি প্রকাশিত। এটি একটি স্বয়ংক্রিয় তথ্য বার্তা।,legitimate,0,test,test,Email,,Informational / Service Notice,,News Service,Bangla,Bengali,Low,High,Synthetic; non-deployable,Redacted placeholder only,Redacted,False,Ready for human review,synthetic_generation,"Generated for legitimate/non-scam baseline in defensive phishing-detection research; no real phone numbers, account numbers, OTPs, PINs, or live URLs included.",BanglaPhish_Half2_H2D11-H2D15_Legitimate_v1.csv
H2D13_0172,BanglaPhish-2026,1.0,H2D13,News & Information Alerts,Community Notice,স্থানীয় খবর: রাজশাহী এলাকার গুরুত্বপূর্ণ নোটিস অফিসিয়াল সূত্রে দেখুন। ব্যক্তিগত তথ্য বা গোপন কোড শেয়ার করবেন না।,legitimate,0,test,test,SMS,,Informational / Service Notice,,News Service,Bangla,Bengali,Low,High,Synthetic; non-deployable,Redacted placeholder only,Redacted,False,Ready for human review,synthetic_generation,"Generated for legitimate/non-scam baseline in defensive phishing-detection research; no real phone numbers, account numbers, OTPs, PINs, or live URLs included.",BanglaPhish_Half2_H2D11-H2D15_Legitimate_v1.csv
H2D13_0173,BanglaPhish-2026,1.0,H2D13,News & Information Alerts,Community Notice,কমিউনিটি আপডেট: বরিশাল এলাকায় নাগরিক সেবা নোটিস প্রকাশিত হয়েছে। এটি একটি স্বয়ংক্রিয় তথ্য বার্তা।,legitimate,0,test,test,App Notification,,Informational / Service Notice,,News Service,Bangla,Bengali,Low,High,Synthetic; non-deployable,Redacted placeholder only,Redacted,False,Ready for human review,synthetic_generation,"Generated for legitimate/non-scam baseline in defensive phishing-detection research; no real phone numbers, account numbers, OTPs, PINs, or live URLs included.",BanglaPhish_Half2_H2D11-H2D15_Legitimate_v1.csv
H2D13_0174,BanglaPhish-2026,1.0,H2D13,News & Information Alerts,Community Notice,এলাকা তথ্য: চট্টগ্রাম অঞ্চলে নির্ধারিত কার্যক্রমের সময়সূচি প্রকাশিত। ব্যক্তিগত তথ্য বা গোপন কোড শেয়ার করবেন না।,legitimate,0,test,test,Email,,Informational / Service Notice,,News Service,Bangla,Bengali,Low,High,Synthetic; non-deployable,Redacted placeholder only,Redacted,False,Ready for human review,synthetic_generation,"Generated for legitimate/non-scam baseline in defensive phishing-detection research; no real phone numbers, account numbers, OTPs, PINs, or live URLs included.",BanglaPhish_Half2_H2D11-H2D15_Legitimate_v1.csv
H2D13_0175,BanglaPhish-2026,1.0,H2D13,News & Information Alerts,Community Notice,স্থানীয় খবর: রাজশাহী এলাকার গুরুত্বপূর্ণ নোটিস অফিসিয়াল সূত্রে দেখুন। এটি একটি স্বয়ংক্রিয় তথ্য বার্তা।,legitimate,0,test,test,SMS,,Informational / Service Notice,,News Service,Bangla,Bengali,Low,High,Synthetic; non-deployable,Redacted placeholder only,Redacted,False,Ready for human review,synthetic_generation,"Generated for legitimate/non-scam baseline in defensive phishing-detection research; no real phone numbers, account numbers, OTPs, PINs, or live URLs included.",BanglaPhish_Half2_H2D11-H2D15_Legitimate_v1.csv
H2D13_0176,BanglaPhish-2026,1.0,H2D13,News & Information Alerts,Community Notice,কমিউনিটি আপডেট: বরিশাল এলাকায় নাগরিক সেবা নোটিস প্রকাশিত হয়েছে। ব্যক্তিগত তথ্য বা গোপন কোড শেয়ার করবেন না।,legitimate,0,test,test,App Notification,,Informational / Service Notice,,News Service,Bangla,Bengali,Low,High,Synthetic; non-deployable,Redacted placeholder only,Redacted,False,Ready for human review,synthetic_generation,"Generated for legitimate/non-scam baseline in defensive phishing-detection research; no real phone numbers, account numbers, OTPs, PINs, or live URLs included.",BanglaPhish_Half2_H2D11-H2D15_Legitimate_v1.csv
H2D13_0177,BanglaPhish-2026,1.0,H2D13,News & Information Alerts,Community Notice,এলাকা তথ্য: চট্টগ্রাম অঞ্চলে নির্ধারিত কার্যক্রমের সময়সূচি প্রকাশিত। এটি একটি স্বয়ংক্রিয় তথ্য বার্তা।,legitimate,0,test,test,Email,,Informational / Service Notice,,News Service,Bangla,Bengali,Low,High,Synthetic; non-deployable,Redacted placeholder only,Redacted,False,Ready for human review,synthetic_generation,"Generated for legitimate/non-scam baseline in defensive phishing-detection research; no real phone numbers, account numbers, OTPs, PINs, or live URLs included.",BanglaPhish_Half2_H2D11-H2D15_Legitimate_v1.csv
H2D13_0178,BanglaPhish-2026,1.0,H2D13,News & Information Alerts,Community Notice,স্থানীয় খবর: রাজশাহী এলাকার গুরুত্বপূর্ণ নোটিস অফিসিয়াল সূত্রে দেখুন। ব্যক্তিগত তথ্য বা গোপন কোড শেয়ার করবেন না।,legitimate,0,test,test,SMS,,Informational / Service Notice,,News Service,Bangla,Bengali,Low,High,Synthetic; non-deployable,Redacted placeholder only,Redacted,False,Ready for human review,synthetic_generation,"Generated for legitimate/non-scam baseline in defensive phishing-detection research; no real phone numbers, account numbers, OTPs, PINs, or live URLs included.",BanglaPhish_Half2_H2D11-H2D15_Legitimate_v1.csv
H2D13_0179,BanglaPhish-2026,1.0,H2D13,News & Information Alerts,Community Notice,কমিউনিটি আপডেট: বরিশাল এলাকায় নাগরিক সেবা নোটিস প্রকাশিত হয়েছে। এটি একটি স্বয়ংক্রিয় তথ্য বার্তা।,legitimate,0,test,test,App Notification,,Informational / Service Notice,,News Service,Bangla,Bengali,Low,High,Synthetic; non-deployable,Redacted placeholder only,Redacted,False,Ready for human review,synthetic_generation,"Generated for legitimate/non-scam baseline in defensive phishing-detection research; no real phone numbers, account numbers, OTPs, PINs, or live URLs included.",BanglaPhish_Half2_H2D11-H2D15_Legitimate_v1.csv
H2D13_0180,BanglaPhish-2026,1.0,H2D13,News & Information Alerts,Community Notice,এলাকা তথ্য: চট্টগ্রাম অঞ্চলে নির্ধারিত কার্যক্রমের সময়সূচি প্রকাশিত। ব্যক্তিগত তথ্য বা গোপন কোড শেয়ার করবেন না।,legitimate,0,test,test,Email,,Informational / Service Notice,,News Service,Bangla,Bengali,Low,High,Synthetic; non-deployable,Redacted placeholder only,Redacted,False,Ready for human review,synthetic_generation,"Generated for legitimate/non-scam baseline in defensive phishing-detection research; no real phone numbers, account numbers, OTPs, PINs, or live URLs included.",BanglaPhish_Half2_H2D11-H2D15_Legitimate_v1.csv
H2D13_0187,BanglaPhish-2026,1.0,H2D13,News & Information Alerts,Subscription Digest,আজকের নিউজ ডাইজেস্ট প্রস্তুত। প্রধান শিরোনামগুলো অফিসিয়াল নিউজ অ্যাপে দেখুন। এটি একটি স্বয়ংক্রিয় তথ্য বার্তা।,legitimate,0,test,test,SMS,,Informational / Service Notice,,News Service,Bangla,Bengali,Low,High,Synthetic; non-deployable,Redacted placeholder only,Redacted,False,Ready for human review,synthetic_generation,"Generated for legitimate/non-scam baseline in defensive phishing-detection research; no real phone numbers, account numbers, OTPs, PINs, or live URLs included.",BanglaPhish_Half2_H2D11-H2D15_Legitimate_v1.csv
H2D13_0188,BanglaPhish-2026,1.0,H2D13,News & Information Alerts,Subscription Digest,আপনার সাবস্ক্রিপশন ডাইজেস্ট: প্রযুক্তি সম্পর্কিত নতুন আপডেট রয়েছে। ব্যক্তিগত তথ্য বা গোপন কোড শেয়ার করবেন না।,legitimate,0,test,test,App Notification,,Informational / Service Notice,,News Service,Bangla,Bengali,Low,High,Synthetic; non-deployable,Redacted placeholder only,Redacted,False,Ready for human review,synthetic_generation,"Generated for legitimate/non-scam baseline in defensive phishing-detection research; no real phone numbers, account numbers, OTPs, PINs, or live URLs included.",BanglaPhish_Half2_H2D11-H2D15_Legitimate_v1.csv
H2D13_0189,BanglaPhish-2026,1.0,H2D13,News & Information Alerts,Subscription Digest,নিউজ সামারি: নির্বাচিত খবরগুলো এখন পড়ার জন্য উপলব্ধ। এটি একটি স্বয়ংক্রিয় তথ্য বার্তা।,legitimate,0,test,test,Email,,Informational / Service Notice,,News Service,Bangla,Bengali,Low,High,Synthetic; non-deployable,Redacted placeholder only,Redacted,False,Ready for human review,synthetic_generation,"Generated for legitimate/non-scam baseline in defensive phishing-detection research; no real phone numbers, account numbers, OTPs, PINs, or live URLs included.",BanglaPhish_Half2_H2D11-H2D15_Legitimate_v1.csv
H2D13_0190,BanglaPhish-2026,1.0,H2D13,News & Information Alerts,Subscription Digest,আজকের নিউজ ডাইজেস্ট প্রস্তুত। প্রধান শিরোনামগুলো অফিসিয়াল নিউজ অ্যাপে দেখুন। ব্যক্তিগত তথ্য বা গোপন কোড শেয়ার করবেন না।,legitimate,0,test,test,SMS,,Informational / Service Notice,,News Service,Bangla,Bengali,Low,High,Synthetic; non-deployable,Redacted placeholder only,Redacted,False,Ready for human review,synthetic_generation,"Generated for legitimate/non-scam baseline in defensive phishing-detection research; no real phone numbers, account numbers, OTPs, PINs, or live URLs included.",BanglaPhish_Half2_H2D11-H2D15_Legitimate_v1.csv
H2D13_0191,BanglaPhish-2026,1.0,H2D13,News & Information Alerts,Subscription Digest,আপনার সাবস্ক্রিপশন ডাইজেস্ট: প্রযুক্তি সম্পর্কিত নতুন আপডেট রয়েছে। এটি একটি স্বয়ংক্রিয় তথ্য বার্তা।,legitimate,0,test,test,App Notification,,Informational / Service Notice,,News Service,Bangla,Bengali,Low,High,Synthetic; non-deployable,Redacted placeholder only,Redacted,False,Ready for human review,synthetic_generation,"Generated for legitimate/non-scam baseline in defensive phishing-detection research; no real phone numbers, account numbers, OTPs, PINs, or live URLs included.",BanglaPhish_Half2_H2D11-H2D15_Legitimate_v1.csv
H2D13_0192,BanglaPhish-2026,1.0,H2D13,News & Information Alerts,Subscription Digest,নিউজ সামারি: নির্বাচিত খবরগুলো এখন পড়ার জন্য উপলব্ধ। ব্যক্তিগত তথ্য বা গোপন কোড শেয়ার করবেন না।,legitimate,0,test,test,Email,,Informational / Service Notice,,News Service,Bangla,Bengali,Low,High,Synthetic; non-deployable,Redacted placeholder only,Redacted,False,Ready for human review,synthetic_generation,"Generated for legitimate/non-scam baseline in defensive phishing-detection research; no real phone numbers, account numbers, OTPs, PINs, or live URLs included.",BanglaPhish_Half2_H2D11-H2D15_Legitimate_v1.csv
H2D13_0193,BanglaPhish-2026,1.0,H2D13,News & Information Alerts,Subscription Digest,আজকের নিউজ ডাইজেস্ট প্রস্তুত। প্রধান শিরোনামগুলো অফিসিয়াল নিউজ অ্যাপে দেখুন। এটি একটি স্বয়ংক্রিয় তথ্য বার্তা।,legitimate,0,test,test,SMS,,Informational / Service Notice,,News Service,Bangla,Bengali,Low,High,Synthetic; non-deployable,Redacted placeholder only,Redacted,False,Ready for human review,synthetic_generation,"Generated for legitimate/non-scam baseline in defensive phishing-detection research; no real phone numbers, account numbers, OTPs, PINs, or live URLs included.",BanglaPhish_Half2_H2D11-H2D15_Legitimate_v1.csv
H2D13_0194,BanglaPhish-2026,1.0,H2D13,News & Information Alerts,Subscription Digest,আপনার সাবস্ক্রিপশন ডাইজেস্ট: প্রযুক্তি সম্পর্কিত নতুন আপডেট রয়েছে। ব্যক্তিগত তথ্য বা গোপন কোড শেয়ার করবেন না।,legitimate,0,test,test,App Notification,,Informational / Service Notice,,News Service,Bangla,Bengali,Low,High,Synthetic; non-deployable,Redacted placeholder only,Redacted,False,Ready for human review,synthetic_generation,"Generated for legitimate/non-scam baseline in defensive phishing-detection research; no real phone numbers, account numbers, OTPs, PINs, or live URLs included.",BanglaPhish_Half2_H2D11-H2D15_Legitimate_v1.csv
H2D13_0195,BanglaPhish-2026,1.0,H2D13,News & Information Alerts,Subscription Digest,নিউজ সামারি: নির্বাচিত খবরগুলো এখন পড়ার জন্য উপলব্ধ। এটি একটি স্বয়ংক্রিয় তথ্য বার্তা।,legitimate,0,test,test,Email,,Informational / Service Notice,,News Service,Bangla,Bengali,Low,High,Synthetic; non-deployable,Redacted placeholder only,Redacted,False,Ready for human review,synthetic_generation,"Generated for legitimate/non-scam baseline in defensive phishing-detection research; no real phone numbers, account numbers, OTPs, PINs, or live URLs included.",BanglaPhish_Half2_H2D11-H2D15_Legitimate_v1.csv
H2D13_0196,BanglaPhish-2026,1.0,H2D13,News & Information Alerts,Subscription Digest,আজকের নিউজ ডাইজেস্ট প্রস্তুত। প্রধান শিরোনামগুলো অফিসিয়াল নিউজ অ্যাপে দেখুন। ব্যক্তিগত তথ্য বা গোপন কোড শেয়ার করবেন না।,legitimate,0,test,test,SMS,,Informational / Service Notice,,News Service,Bangla,Bengali,Low,High,Synthetic; non-deployable,Redacted placeholder only,Redacted,False,Ready for human review,synthetic_generation,"Generated for legitimate/non-scam baseline in defensive phishing-detection research; no real phone numbers, account numbers, OTPs, PINs, or live URLs included.",BanglaPhish_Half2_H2D11-H2D15_Legitimate_v1.csv
H2D13_0197,BanglaPhish-2026,1.0,H2D13,News & Information Alerts,Subscription Digest,আপনার সাবস্ক্রিপশন ডাইজেস্ট: প্রযুক্তি সম্পর্কিত নতুন আপডেট রয়েছে। এটি একটি স্বয়ংক্রিয় তথ্য বার্তা।,legitimate,0,test,test,App Notification,,Informational / Service Notice,,News Service,Bangla,Bengali,Low,High,Synthetic; non-deployable,Redacted placeholder only,Redacted,False,Ready for human review,synthetic_generation,"Generated for legitimate/non-scam baseline in defensive phishing-detection research; no real phone numbers, account numbers, OTPs, PINs, or live URLs included.",BanglaPhish_Half2_H2D11-H2D15_Legitimate_v1.csv
H2D13_0198,BanglaPhish-2026,1.0,H2D13,News & Information Alerts,Subscription Digest,নিউজ সামারি: নির্বাচিত খবরগুলো এখন পড়ার জন্য উপলব্ধ। ব্যক্তিগত তথ্য বা গোপন কোড শেয়ার করবেন না।,legitimate,0,test,test,Email,,Informational / Service Notice,,News Service,Bangla,Bengali,Low,High,Synthetic; non-deployable,Redacted placeholder only,Redacted,False,Ready for human review,synthetic_generation,"Generated for legitimate/non-scam baseline in defensive phishing-detection research; no real phone numbers, account numbers, OTPs, PINs, or live URLs included.",BanglaPhish_Half2_H2D11-H2D15_Legitimate_v1.csv
H2D13_0199,BanglaPhish-2026,1.0,H2D13,News & Information Alerts,Subscription Digest,আজকের নিউজ ডাইজেস্ট প্রস্তুত। প্রধান শিরোনামগুলো অফিসিয়াল নিউজ অ্যাপে দেখুন। এটি একটি স্বয়ংক্রিয় তথ্য বার্তা।,legitimate,0,test,test,SMS,,Informational / Service Notice,,News Service,Bangla,Bengali,Low,High,Synthetic; non-deployable,Redacted placeholder only,Redacted,False,Ready for human review,synthetic_generation,"Generated for legitimate/non-scam baseline in defensive phishing-detection research; no real phone numbers, account numbers, OTPs, PINs, or live URLs included.",BanglaPhish_Half2_H2D11-H2D15_Legitimate_v1.csv
H2D13_0200,BanglaPhish-2026,1.0,H2D13,News & Information Alerts,Subscription Digest,আপনার সাবস্ক্রিপশন ডাইজেস্ট: প্রযুক্তি সম্পর্কিত নতুন আপডেট রয়েছে। ব্যক্তিগত তথ্য বা গোপন কোড শেয়ার করবেন না।,legitimate,0,test,test,App Notification,,Informational / Service Notice,,News Service,Bangla,Bengali,Low,High,Synthetic; non-deployable,Redacted placeholder only,Redacted,False,Ready for human review,synthetic_generation,"Generated for legitimate/non-scam baseline in defensive phishing-detection research; no real phone numbers, account numbers, OTPs, PINs, or live URLs included.",BanglaPhish_Half2_H2D11-H2D15_Legitimate_v1.csv
H2D14_0007,BanglaPhish-2026,1.0,H2D14,Customer Support Messages,Ticket Created,আপনার সাপোর্ট টিকিট তৈরি হয়েছে। টিকিট আইডি [TICKET_ID]। আপডেট অফিসিয়াল সাপোর্ট পোর্টালে দেখা যাবে। এটি একটি স্বয়ংক্রিয় তথ্য বার্তা।,legitimate,0,train,train,App Notification,,Informational / Service Notice,,Customer Support,Bangla,Bengali,Low,High,Synthetic; non-deployable,Redacted placeholder only,Redacted,False,Ready for human review,synthetic_generation,"Generated for legitimate/non-scam baseline in defensive phishing-detection research; no real phone numbers, account numbers, OTPs, PINs, or live URLs included.",BanglaPhish_Half2_H2D11-H2D15_Legitimate_v1.csv
H2D14_0008,BanglaPhish-2026,1.0,H2D14,Customer Support Messages,Ticket Created,[COMPANY_NAME]: আপনার অভিযোগ/অনুরোধ গ্রহণ করা হয়েছে। রেফারেন্স [CASE_ID]। ব্যক্তিগত তথ্য বা গোপন কোড শেয়ার করবেন না।,legitimate,0,train,train,Website Notice,,Informational / Service Notice,,Customer Support,Bangla,Bengali,Low,High,Synthetic; non-deployable,Redacted placeholder only,Redacted,False,Ready for human review,synthetic_generation,"Generated for legitimate/non-scam baseline in defensive phishing-detection research; no real phone numbers, account numbers, OTPs, PINs, or live URLs included.",BanglaPhish_Half2_H2D11-H2D15_Legitimate_v1.csv
H2D14_0009,BanglaPhish-2026,1.0,H2D14,Customer Support Messages,Ticket Created,সাপোর্ট অনুরোধ সফলভাবে জমা হয়েছে। টিকিট [TICKET_ID]। এটি একটি স্বয়ংক্রিয় তথ্য বার্তা।,legitimate,0,train,train,SMS,,Informational / Service Notice,,Customer Support,Bangla,Bengali,Low,High,Synthetic; non-deployable,Redacted placeholder only,Redacted,False,Ready for human review,synthetic_generation,"Generated for legitimate/non-scam baseline in defensive phishing-detection research; no real phone numbers, account numbers, OTPs, PINs, or live URLs included.",BanglaPhish_Half2_H2D11-H2D15_Legitimate_v1.csv
H2D14_0010,BanglaPhish-2026,1.0,H2D14,Customer Support Messages,Ticket Created,আপনার সাপোর্ট টিকিট তৈরি হয়েছে। টিকিট আইডি [TICKET_ID]। আপডেট অফিসিয়াল সাপোর্ট পোর্টালে দেখা যাবে। ব্যক্তিগত তথ্য বা গোপন কোড শেয়ার করবেন না।,legitimate,0,train,train,Email,,Informational / Service Notice,,Customer Support,Bangla,Bengali,Low,High,Synthetic; non-deployable,Redacted placeholder only,Redacted,False,Ready for human review,synthetic_generation,"Generated for legitimate/non-scam baseline in defensive phishing-detection research; no real phone numbers, account numbers, OTPs, PINs, or live URLs included.",BanglaPhish_Half2_H2D11-H2D15_Legitimate_v1.csv
H2D14_0011,BanglaPhish-2026,1.0,H2D14,Customer Support Messages,Ticket Created,[COMPANY_NAME]: আপনার অভিযোগ/অনুরোধ গ্রহণ করা হয়েছে। রেফারেন্স [CASE_ID]। এটি একটি স্বয়ংক্রিয় তথ্য বার্তা।,legitimate,0,train,train,App Notification,,Informational / Service Notice,,Customer Support,Bangla,Bengali,Low,High,Synthetic; non-deployable,Redacted placeholder only,Redacted,False,Ready for human review,synthetic_generation,"Generated for legitimate/non-scam baseline in defensive phishing-detection research; no real phone numbers, account numbers, OTPs, PINs, or live URLs included.",BanglaPhish_Half2_H2D11-H2D15_Legitimate_v1.csv
H2D14_0012,BanglaPhish-2026,1.0,H2D14,Customer Support Messages,Ticket Created,সাপোর্ট অনুরোধ সফলভাবে জমা হয়েছে। টিকিট [TICKET_ID]। ব্যক্তিগত তথ্য বা গোপন কোড শেয়ার করবেন না।,legitimate,0,train,train,Website Notice,,Informational / Service Notice,,Customer Support,Bangla,Bengali,Low,High,Synthetic; non-deployable,Redacted placeholder only,Redacted,False,Ready for human review,synthetic_generation,"Generated for legitimate/non-scam baseline in defensive phishing-detection research; no real phone numbers, account numbers, OTPs, PINs, or live URLs included.",BanglaPhish_Half2_H2D11-H2D15_Legitimate_v1.csv
H2D14_0013,BanglaPhish-2026,1.0,H2D14,Customer Support Messages,Ticket Created,আপনার সাপোর্ট টিকিট তৈরি হয়েছে। টিকিট আইডি [TICKET_ID]। আপডেট অফিসিয়াল সাপোর্ট পোর্টালে দেখা যাবে। এটি একটি স্বয়ংক্রিয় তথ্য বার্তা।,legitimate,0,train,train,SMS,,Informational / Service Notice,,Customer Support,Bangla,Bengali,Low,High,Synthetic; non-deployable,Redacted placeholder only,Redacted,False,Ready for human review,synthetic_generation,"Generated for legitimate/non-scam baseline in defensive phishing-detection research; no real phone numbers, account numbers, OTPs, PINs, or live URLs included.",BanglaPhish_Half2_H2D11-H2D15_Legitimate_v1.csv
H2D14_0014,BanglaPhish-2026,1.0,H2D14,Customer Support Messages,Ticket Created,[COMPANY_NAME]: আপনার অভিযোগ/অনুরোধ গ্রহণ করা হয়েছে। রেফারেন্স [CASE_ID]। ব্যক্তিগত তথ্য বা গোপন কোড শেয়ার করবেন না।,legitimate,0,train,train,Email,,Informational / Service Notice,,Customer Support,Bangla,Bengali,Low,High,Synthetic; non-deployable,Redacted placeholder only,Redacted,False,Ready for human review,synthetic_generation,"Generated for legitimate/non-scam baseline in defensive phishing-detection research; no real phone numbers, account numbers, OTPs, PINs, or live URLs included.",BanglaPhish_Half2_H2D11-H2D15_Legitimate_v1.csv
H2D14_0015,BanglaPhish-2026,1.0,H2D14,Customer Support Messages,Ticket Created,সাপোর্ট অনুরোধ সফলভাবে জমা হয়েছে। টিকিট [TICKET_ID]। এটি একটি স্বয়ংক্রিয় তথ্য বার্তা।,legitimate,0,train,train,App Notification,,Informational / Service Notice,,Customer Support,Bangla,Bengali,Low,High,Synthetic; non-deployable,Redacted placeholder only,Redacted,False,Ready for human review,synthetic_generation,"Generated for legitimate/non-scam baseline in defensive phishing-detection research; no real phone numbers, account numbers, OTPs, PINs, or live URLs included.",BanglaPhish_Half2_H2D11-H2D15_Legitimate_v1.csv
H2D14_0016,BanglaPhish-2026,1.0,H2D14,Customer Support Messages,Ticket Created,আপনার সাপোর্ট টিকিট তৈরি হয়েছে। টিকিট আইডি [TICKET_ID]। আপডেট অফিসিয়াল সাপোর্ট পোর্টালে দেখা যাবে। ব্যক্তিগত তথ্য বা গোপন কোড শেয়ার করবেন না।,legitimate,0,train,train,Website Notice,,Informational / Service Notice,,Customer Support,Bangla,Bengali,Low,High,Synthetic; non-deployable,Redacted placeholder only,Redacted,False,Ready for human review,synthetic_generation,"Generated for legitimate/non-scam baseline in defensive phishing-detection research; no real phone numbers, account numbers, OTPs, PINs, or live URLs included.",BanglaPhish_Half2_H2D11-H2D15_Legitimate_v1.csv
H2D14_0017,BanglaPhish-2026,1.0,H2D14,Customer Support Messages,Ticket Created,[COMPANY_NAME]: আপনার অভিযোগ/অনুরোধ গ্রহণ করা হয়েছে। রেফারেন্স [CASE_ID]। এটি একটি স্বয়ংক্রিয় তথ্য বার্তা।,legitimate,0,train,train,SMS,,Informational / Service Notice,,Customer Support,Bangla,Bengali,Low,High,Synthetic; non-deployable,Redacted placeholder only,Redacted,False,Ready for human review,synthetic_generation,"Generated for legitimate/non-scam baseline in defensive phishing-detection research; no real phone numbers, account numbers, OTPs, PINs, or live URLs included.",BanglaPhish_Half2_H2D11-H2D15_Legitimate_v1.csv
H2D14_0018,BanglaPhish-2026,1.0,H2D14,Customer Support Messages,Ticket Created,সাপোর্ট অনুরোধ সফলভাবে জমা হয়েছে। টিকিট [TICKET_ID]। ব্যক্তিগত তথ্য বা গোপন কোড শেয়ার করবেন না।,legitimate,0,train,train,Email,,Informational / Service Notice,,Customer Support,Bangla,Bengali,Low,High,Synthetic; non-deployable,Redacted placeholder only,Redacted,False,Ready for human review,synthetic_generation,"Generated for legitimate/non-scam baseline in defensive phishing-detection research; no real phone numbers, account numbers, OTPs, PINs, or live URLs included.",BanglaPhish_Half2_H2D11-H2D15_Legitimate_v1.csv
H2D14_0019,BanglaPhish-2026,1.0,H2D14,Customer Support Messages,Ticket Created,আপনার সাপোর্ট টিকিট তৈরি হয়েছে। টিকিট আইডি [TICKET_ID]। আপডেট অফিসিয়াল সাপোর্ট পোর্টালে দেখা যাবে। এটি একটি স্বয়ংক্রিয় তথ্য বার্তা।,legitimate,0,train,train,App Notification,,Informational / Service Notice,,Customer Support,Bangla,Bengali,Low,High,Synthetic; non-deployable,Redacted placeholder only,Redacted,False,Ready for human review,synthetic_generation,"Generated for legitimate/non-scam baseline in defensive phishing-detection research; no real phone numbers, account numbers, OTPs, PINs, or live URLs included.",BanglaPhish_Half2_H2D11-H2D15_Legitimate_v1.csv
H2D14_0020,BanglaPhish-2026,1.0,H2D14,Customer Support Messages,Ticket Created,[COMPANY_NAME]: আপনার অভিযোগ/অনুরোধ গ্রহণ করা হয়েছে। রেফারেন্স [CASE_ID]। ব্যক্তিগত তথ্য বা গোপন কোড শেয়ার করবেন না।,legitimate,0,train,train,Website Notice,,Informational / Service Notice,,Customer Support,Bangla,Bengali,Low,High,Synthetic; non-deployable,Redacted placeholder only,Redacted,False,Ready for human review,synthetic_generation,"Generated for legitimate/non-scam baseline in defensive phishing-detection research; no real phone numbers, account numbers, OTPs, PINs, or live URLs included.",BanglaPhish_Half2_H2D11-H2D15_Legitimate_v1.csv
H2D14_0027,BanglaPhish-2026,1.0,H2D14,Customer Support Messages,Ticket Update,সাপোর্ট টিকিট [TICKET_ID] আপডেট হয়েছে। বিস্তারিত অফিসিয়াল পোর্টালে দেখুন। এটি একটি স্বয়ংক্রিয় তথ্য বার্তা।,legitimate,0,train,train,App Notification,,Informational / Service Notice,,Customer Support,Bangla,Bengali,Low,High,Synthetic; non-deployable,Redacted placeholder only,Redacted,False,Ready for human review,synthetic_generation,"Generated for legitimate/non-scam baseline in defensive phishing-detection research; no real phone numbers, account numbers, OTPs, PINs, or live URLs included.",BanglaPhish_Half2_H2D11-H2D15_Legitimate_v1.csv
H2D14_0028,BanglaPhish-2026,1.0,H2D14,Customer Support Messages,Ticket Update,[BRAND_NAME]: আপনার কেস [CASE_ID] পর্যালোচনাধীন আছে। কোনো PIN/OTP শেয়ার করার প্রয়োজন নেই। ব্যক্তিগত তথ্য বা গোপন কোড শেয়ার করবেন না।,legitimate,0,train,train,Website Notice,,Informational / Service Notice,,Customer Support,Bangla,Bengali,Low,High,Synthetic; non-deployable,Redacted placeholder only,Redacted,False,Ready for human review,synthetic_generation,"Generated for legitimate/non-scam baseline in defensive phishing-detection research; no real phone numbers, account numbers, OTPs, PINs, or live URLs included.",BanglaPhish_Half2_H2D11-H2D15_Legitimate_v1.csv
H2D14_0029,BanglaPhish-2026,1.0,H2D14,Customer Support Messages,Ticket Update,সাপোর্ট আপডেট: আপনার অনুরোধের স্ট্যাটাস পরিবর্তিত হয়েছে। এটি একটি স্বয়ংক্রিয় তথ্য বার্তা।,legitimate,0,train,train,SMS,,Informational / Service Notice,,Customer Support,Bangla,Bengali,Low,High,Synthetic; non-deployable,Redacted placeholder only,Redacted,False,Ready for human review,synthetic_generation,"Generated for legitimate/non-scam baseline in defensive phishing-detection research; no real phone numbers, account numbers, OTPs, PINs, or live URLs included.",BanglaPhish_Half2_H2D11-H2D15_Legitimate_v1.csv
H2D14_0030,BanglaPhish-2026,1.0,H2D14,Customer Support Messages,Ticket Update,সাপোর্ট টিকিট [TICKET_ID] আপডেট হয়েছে। বিস্তারিত অফিসিয়াল পোর্টালে দেখুন। ব্যক্তিগত তথ্য বা গোপন কোড শেয়ার করবেন না।,legitimate,0,train,train,Email,,Informational / Service Notice,,Customer Support,Bangla,Bengali,Low,High,Synthetic; non-deployable,Redacted placeholder only,Redacted,False,Ready for human review,synthetic_generation,"Generated for legitimate/non-scam baseline in defensive phishing-detection research; no real phone numbers, account numbers, OTPs, PINs, or live URLs included.",BanglaPhish_Half2_H2D11-H2D15_Legitimate_v1.csv
H2D14_0031,BanglaPhish-2026,1.0,H2D14,Customer Support Messages,Ticket Update,[BRAND_NAME]: আপনার কেস [CASE_ID] পর্যালোচনাধীন আছে। কোনো PIN/OTP শেয়ার করার প্রয়োজন নেই। এটি একটি স্বয়ংক্রিয় তথ্য বার্তা।,legitimate,0,train,train,App Notification,,Informational / Service Notice,,Customer Support,Bangla,Bengali,Low,High,Synthetic; non-deployable,Redacted placeholder only,Redacted,False,Ready for human review,synthetic_generation,"Generated for legitimate/non-scam baseline in defensive phishing-detection research; no real phone numbers, account numbers, OTPs, PINs, or live URLs included.",BanglaPhish_Half2_H2D11-H2D15_Legitimate_v1.csv
H2D14_0032,BanglaPhish-2026,1.0,H2D14,Customer Support Messages,Ticket Update,সাপোর্ট আপডেট: আপনার অনুরোধের স্ট্যাটাস পরিবর্তিত হয়েছে। ব্যক্তিগত তথ্য বা গোপন কোড শেয়ার করবেন না।,legitimate,0,train,train,Website Notice,,Informational / Service Notice,,Customer Support,Bangla,Bengali,Low,High,Synthetic; non-deployable,Redacted placeholder only,Redacted,False,Ready for human review,synthetic_generation,"Generated for legitimate/non-scam baseline in defensive phishing-detection research; no real phone numbers, account numbers, OTPs, PINs, or live URLs included.",BanglaPhish_Half2_H2D11-H2D15_Legitimate_v1.csv
H2D14_0033,BanglaPhish-2026,1.0,H2D14,Customer Support Messages,Ticket Update,সাপোর্ট টিকিট [TICKET_ID] আপডেট হয়েছে। বিস্তারিত অফিসিয়াল পোর্টালে দেখুন। এটি একটি স্বয়ংক্রিয় তথ্য বার্তা।,legitimate,0,train,train,SMS,,Informational / Service Notice,,Customer Support,Bangla,Bengali,Low,High,Synthetic; non-deployable,Redacted placeholder only,Redacted,False,Ready for human review,synthetic_generation,"Generated for legitimate/non-scam baseline in defensive phishing-detection research; no real phone numbers, account numbers, OTPs, PINs, or live URLs included.",BanglaPhish_Half2_H2D11-H2D15_Legitimate_v1.csv
H2D14_0034,BanglaPhish-2026,1.0,H2D14,Customer Support Messages,Ticket Update,[BRAND_NAME]: আপনার কেস [CASE_ID] পর্যালোচনাধীন আছে। কোনো PIN/OTP শেয়ার করার প্রয়োজন নেই। ব্যক্তিগত তথ্য বা গোপন কোড শেয়ার করবেন না।,legitimate,0,train,train,Email,,Informational / Service Notice,,Customer Support,Bangla,Bengali,Low,High,Synthetic; non-deployable,Redacted placeholder only,Redacted,False,Ready for human review,synthetic_generation,"Generated for legitimate/non-scam baseline in defensive phishing-detection research; no real phone numbers, account numbers, OTPs, PINs, or live URLs included.",BanglaPhish_Half2_H2D11-H2D15_Legitimate_v1.csv
H2D14_0035,BanglaPhish-2026,1.0,H2D14,Customer Support Messages,Ticket Update,সাপোর্ট আপডেট: আপনার অনুরোধের স্ট্যাটাস পরিবর্তিত হয়েছে। এটি একটি স্বয়ংক্রিয় তথ্য বার্তা।,legitimate,0,train,train,App Notification,,Informational / Service Notice,,Customer Support,Bangla,Bengali,Low,High,Synthetic; non-deployable,Redacted placeholder only,Redacted,False,Ready for human review,synthetic_generation,"Generated for legitimate/non-scam baseline in defensive phishing-detection research; no real phone numbers, account numbers, OTPs, PINs, or live URLs included.",BanglaPhish_Half2_H2D11-H2D15_Legitimate_v1.csv
H2D14_0036,BanglaPhish-2026,1.0,H2D14,Customer Support Messages,Ticket Update,সাপোর্ট টিকিট [TICKET_ID] আপডেট হয়েছে। বিস্তারিত অফিসিয়াল পোর্টালে দেখুন। ব্যক্তিগত তথ্য বা গোপন কোড শেয়ার করবেন না।,legitimate,0,train,train,Website Notice,,Informational / Service Notice,,Customer Support,Bangla,Bengali,Low,High,Synthetic; non-deployable,Redacted placeholder only,Redacted,False,Ready for human review,synthetic_generation,"Generated for legitimate/non-scam baseline in defensive phishing-detection research; no real phone numbers, account numbers, OTPs, PINs, or live URLs included.",BanglaPhish_Half2_H2D11-H2D15_Legitimate_v1.csv
H2D14_0037,BanglaPhish-2026,1.0,H2D14,Customer Support Messages,Ticket Update,[BRAND_NAME]: আপনার কেস [CASE_ID] পর্যালোচনাধীন আছে। কোনো PIN/OTP শেয়ার করার প্রয়োজন নেই। এটি একটি স্বয়ংক্রিয় তথ্য বার্তা।,legitimate,0,train,train,SMS,,Informational / Service Notice,,Customer Support,Bangla,Bengali,Low,High,Synthetic; non-deployable,Redacted placeholder only,Redacted,False,Ready for human review,synthetic_generation,"Generated for legitimate/non-scam baseline in defensive phishing-detection research; no real phone numbers, account numbers, OTPs, PINs, or live URLs included.",BanglaPhish_Half2_H2D11-H2D15_Legitimate_v1.csv
H2D14_0038,BanglaPhish-2026,1.0,H2D14,Customer Support Messages,Ticket Update,সাপোর্ট আপডেট: আপনার অনুরোধের স্ট্যাটাস পরিবর্তিত হয়েছে। ব্যক্তিগত তথ্য বা গোপন কোড শেয়ার করবেন না।,legitimate,0,train,train,Email,,Informational / Service Notice,,Customer Support,Bangla,Bengali,Low,High,Synthetic; non-deployable,Redacted placeholder only,Redacted,False,Ready for human review,synthetic_generation,"Generated for legitimate/non-scam baseline in defensive phishing-detection research; no real phone numbers, account numbers, OTPs, PINs, or live URLs included.",BanglaPhish_Half2_H2D11-H2D15_Legitimate_v1.csv
H2D14_0039,BanglaPhish-2026,1.0,H2D14,Customer Support Messages,Ticket Update,সাপোর্ট টিকিট [TICKET_ID] আপডেট হয়েছে। বিস্তারিত অফিসিয়াল পোর্টালে দেখুন। এটি একটি স্বয়ংক্রিয় তথ্য বার্তা।,legitimate,0,train,train,App Notification,,Informational / Service Notice,,Customer Support,Bangla,Bengali,Low,High,Synthetic; non-deployable,Redacted placeholder only,Redacted,False,Ready for human review,synthetic_generation,"Generated for legitimate/non-scam baseline in defensive phishing-detection research; no real phone numbers, account numbers, OTPs, PINs, or live URLs included.",BanglaPhish_Half2_H2D11-H2D15_Legitimate_v1.csv
H2D14_0040,BanglaPhish-2026,1.0,H2D14,Customer Support Messages,Ticket Update,[BRAND_NAME]: আপনার কেস [CASE_ID] পর্যালোচনাধীন আছে। কোনো PIN/OTP শেয়ার করার প্রয়োজন নেই। ব্যক্তিগত তথ্য বা গোপন কোড শেয়ার করবেন না।,legitimate,0,train,train,Website Notice,,Informational / Service Notice,,Customer Support,Bangla,Bengali,Low,High,Synthetic; non-deployable,Redacted placeholder only,Redacted,False,Ready for human review,synthetic_generation,"Generated for legitimate/non-scam baseline in defensive phishing-detection research; no real phone numbers, account numbers, OTPs, PINs, or live URLs included.",BanglaPhish_Half2_H2D11-H2D15_Legitimate_v1.csv
H2D14_0047,BanglaPhish-2026,1.0,H2D14,Customer Support Messages,Ticket Resolved,আপনার সাপোর্ট টিকিট [TICKET_ID] সমাধান করা হয়েছে। মতামত দিতে অফিসিয়াল পোর্টাল ব্যবহার করুন। এটি একটি স্বয়ংক্রিয় তথ্য বার্তা।,legitimate,0,train,train,App Notification,,Informational / Service Notice,,Customer Support,Bangla,Bengali,Low,High,Synthetic; non-deployable,Redacted placeholder only,Redacted,False,Ready for human review,synthetic_generation,"Generated for legitimate/non-scam baseline in defensive phishing-detection research; no real phone numbers, account numbers, OTPs, PINs, or live URLs included.",BanglaPhish_Half2_H2D11-H2D15_Legitimate_v1.csv
H2D14_0048,BanglaPhish-2026,1.0,H2D14,Customer Support Messages,Ticket Resolved,[SERVICE_PROVIDER]: কেস [CASE_ID] বন্ধ করা হয়েছে। প্রয়োজনে নতুন টিকিট তৈরি করুন। ব্যক্তিগত তথ্য বা গোপন কোড শেয়ার করবেন না।,legitimate,0,train,train,Website Notice,,Informational / Service Notice,,Customer Support,Bangla,Bengali,Low,High,Synthetic; non-deployable,Redacted placeholder only,Redacted,False,Ready for human review,synthetic_generation,"Generated for legitimate/non-scam baseline in defensive phishing-detection research; no real phone numbers, account numbers, OTPs, PINs, or live URLs included.",BanglaPhish_Half2_H2D11-H2D15_Legitimate_v1.csv
H2D14_0049,BanglaPhish-2026,1.0,H2D14,Customer Support Messages,Ticket Resolved,সাপোর্ট রেজোলিউশন নোটিস: অনুরোধ সম্পন্ন হয়েছে। এটি একটি স্বয়ংক্রিয় তথ্য বার্তা।,legitimate,0,train,train,SMS,,Informational / Service Notice,,Customer Support,Bangla,Bengali,Low,High,Synthetic; non-deployable,Redacted placeholder only,Redacted,False,Ready for human review,synthetic_generation,"Generated for legitimate/non-scam baseline in defensive phishing-detection research; no real phone numbers, account numbers, OTPs, PINs, or live URLs included.",BanglaPhish_Half2_H2D11-H2D15_Legitimate_v1.csv
H2D14_0050,BanglaPhish-2026,1.0,H2D14,Customer Support Messages,Ticket Resolved,আপনার সাপোর্ট টিকিট [TICKET_ID] সমাধান করা হয়েছে। মতামত দিতে অফিসিয়াল পোর্টাল ব্যবহার করুন। ব্যক্তিগত তথ্য বা গোপন কোড শেয়ার করবেন না।,legitimate,0,train,train,Email,,Informational / Service Notice,,Customer Support,Bangla,Bengali,Low,High,Synthetic; non-deployable,Redacted placeholder only,Redacted,False,Ready for human review,synthetic_generation,"Generated for legitimate/non-scam baseline in defensive phishing-detection research; no real phone numbers, account numbers, OTPs, PINs, or live URLs included.",BanglaPhish_Half2_H2D11-H2D15_Legitimate_v1.csv
H2D14_0051,BanglaPhish-2026,1.0,H2D14,Customer Support Messages,Ticket Resolved,[SERVICE_PROVIDER]: কেস [CASE_ID] বন্ধ করা হয়েছে। প্রয়োজনে নতুন টিকিট তৈরি করুন। এটি একটি স্বয়ংক্রিয় তথ্য বার্তা।,legitimate,0,train,train,App Notification,,Informational / Service Notice,,Customer Support,Bangla,Bengali,Low,High,Synthetic; non-deployable,Redacted placeholder only,Redacted,False,Ready for human review,synthetic_generation,"Generated for legitimate/non-scam baseline in defensive phishing-detection research; no real phone numbers, account numbers, OTPs, PINs, or live URLs included.",BanglaPhish_Half2_H2D11-H2D15_Legitimate_v1.csv
H2D14_0052,BanglaPhish-2026,1.0,H2D14,Customer Support Messages,Ticket Resolved,সাপোর্ট রেজোলিউশন নোটিস: অনুরোধ সম্পন্ন হয়েছে। ব্যক্তিগত তথ্য বা গোপন কোড শেয়ার করবেন না।,legitimate,0,train,train,Website Notice,,Informational / Service Notice,,Customer Support,Bangla,Bengali,Low,High,Synthetic; non-deployable,Redacted placeholder only,Redacted,False,Ready for human review,synthetic_generation,"Generated for legitimate/non-scam baseline in defensive phishing-detection research; no real phone numbers, account numbers, OTPs, PINs, or live URLs included.",BanglaPhish_Half2_H2D11-H2D15_Legitimate_v1.csv
H2D14_0053,BanglaPhish-2026,1.0,H2D14,Customer Support Messages,Ticket Resolved,আপনার সাপোর্ট টিকিট [TICKET_ID] সমাধান করা হয়েছে। মতামত দিতে অফিসিয়াল পোর্টাল ব্যবহার করুন। এটি একটি স্বয়ংক্রিয় তথ্য বার্তা।,legitimate,0,train,train,SMS,,Informational / Service Notice,,Customer Support,Bangla,Bengali,Low,High,Synthetic; non-deployable,Redacted placeholder only,Redacted,False,Ready for human review,synthetic_generation,"Generated for legitimate/non-scam baseline in defensive phishing-detection research; no real phone numbers, account numbers, OTPs, PINs, or live URLs included.",BanglaPhish_Half2_H2D11-H2D15_Legitimate_v1.csv
H2D14_0054,BanglaPhish-2026,1.0,H2D14,Customer Support Messages,Ticket Resolved,[SERVICE_PROVIDER]: কেস [CASE_ID] বন্ধ করা হয়েছে। প্রয়োজনে নতুন টিকিট তৈরি করুন। ব্যক্তিগত তথ্য বা গোপন কোড শেয়ার করবেন না।,legitimate,0,train,train,Email,,Informational / Service Notice,,Customer Support,Bangla,Bengali,Low,High,Synthetic; non-deployable,Redacted placeholder only,Redacted,False,Ready for human review,synthetic_generation,"Generated for legitimate/non-scam baseline in defensive phishing-detection research; no real phone numbers, account numbers, OTPs, PINs, or live URLs included.",BanglaPhish_Half2_H2D11-H2D15_Legitimate_v1.csv
H2D14_0055,BanglaPhish-2026,1.0,H2D14,Customer Support Messages,Ticket Resolved,সাপোর্ট রেজোলিউশন নোটিস: অনুরোধ সম্পন্ন হয়েছে। এটি একটি স্বয়ংক্রিয় তথ্য বার্তা।,legitimate,0,train,train,App Notification,,Informational / Service Notice,,Customer Support,Bangla,Bengali,Low,High,Synthetic; non-deployable,Redacted placeholder only,Redacted,False,Ready for human review,synthetic_generation,"Generated for legitimate/non-scam baseline in defensive phishing-detection research; no real phone numbers, account numbers, OTPs, PINs, or live URLs included.",BanglaPhish_Half2_H2D11-H2D15_Legitimate_v1.csv
H2D14_0056,BanglaPhish-2026,1.0,H2D14,Customer Support Messages,Ticket Resolved,আপনার সাপোর্ট টিকিট [TICKET_ID] সমাধান করা হয়েছে। মতামত দিতে অফিসিয়াল পোর্টাল ব্যবহার করুন। ব্যক্তিগত তথ্য বা গোপন কোড শেয়ার করবেন না।,legitimate,0,train,train,Website Notice,,Informational / Service Notice,,Customer Support,Bangla,Bengali,Low,High,Synthetic; non-deployable,Redacted placeholder only,Redacted,False,Ready for human review,synthetic_generation,"Generated for legitimate/non-scam baseline in defensive phishing-detection research; no real phone numbers, account numbers, OTPs, PINs, or live URLs included.",BanglaPhish_Half2_H2D11-H2D15_Legitimate_v1.csv
H2D14_0057,BanglaPhish-2026,1.0,H2D14,Customer Support Messages,Ticket Resolved,[SERVICE_PROVIDER]: কেস [CASE_ID] বন্ধ করা হয়েছে। প্রয়োজনে নতুন টিকিট তৈরি করুন। এটি একটি স্বয়ংক্রিয় তথ্য বার্তা।,legitimate,0,train,train,SMS,,Informational / Service Notice,,Customer Support,Bangla,Bengali,Low,High,Synthetic; non-deployable,Redacted placeholder only,Redacted,False,Ready for human review,synthetic_generation,"Generated for legitimate/non-scam baseline in defensive phishing-detection research; no real phone numbers, account numbers, OTPs, PINs, or live URLs included.",BanglaPhish_Half2_H2D11-H2D15_Legitimate_v1.csv
H2D14_0058,BanglaPhish-2026,1.0,H2D14,Customer Support Messages,Ticket Resolved,সাপোর্ট রেজোলিউশন নোটিস: অনুরোধ সম্পন্ন হয়েছে। ব্যক্তিগত তথ্য বা গোপন কোড শেয়ার করবেন না।,legitimate,0,train,train,Email,,Informational / Service Notice,,Customer Support,Bangla,Bengali,Low,High,Synthetic; non-deployable,Redacted placeholder only,Redacted,False,Ready for human review,synthetic_generation,"Generated for legitimate/non-scam baseline in defensive phishing-detection research; no real phone numbers, account numbers, OTPs, PINs, or live URLs included.",BanglaPhish_Half2_H2D11-H2D15_Legitimate_v1.csv
H2D14_0059,BanglaPhish-2026,1.0,H2D14,Customer Support Messages,Ticket Resolved,আপনার সাপোর্ট টিকিট [TICKET_ID] সমাধান করা হয়েছে। মতামত দিতে অফিসিয়াল পোর্টাল ব্যবহার করুন। এটি একটি স্বয়ংক্রিয় তথ্য বার্তা।,legitimate,0,train,train,App Notification,,Informational / Service Notice,,Customer Support,Bangla,Bengali,Low,High,Synthetic; non-deployable,Redacted placeholder only,Redacted,False,Ready for human review,synthetic_generation,"Generated for legitimate/non-scam baseline in defensive phishing-detection research; no real phone numbers, account numbers, OTPs, PINs, or live URLs included.",BanglaPhish_Half2_H2D11-H2D15_Legitimate_v1.csv
H2D14_0060,BanglaPhish-2026,1.0,H2D14,Customer Support Messages,Ticket Resolved,[SERVICE_PROVIDER]: কেস [CASE_ID] বন্ধ করা হয়েছে। প্রয়োজনে নতুন টিকিট তৈরি করুন। ব্যক্তিগত তথ্য বা গোপন কোড শেয়ার করবেন না।,legitimate,0,train,train,Website Notice,,Informational / Service Notice,,Customer Support,Bangla,Bengali,Low,High,Synthetic; non-deployable,Redacted placeholder only,Redacted,False,Ready for human review,synthetic_generation,"Generated for legitimate/non-scam baseline in defensive phishing-detection research; no real phone numbers, account numbers, OTPs, PINs, or live URLs included.",BanglaPhish_Half2_H2D11-H2D15_Legitimate_v1.csv
H2D14_0068,BanglaPhish-2026,1.0,H2D14,Customer Support Messages,Service Appointment,[COMPANY_NAME]: আপনার সার্ভিস ভিজিটের সময় [TIME_SLOT_04]। প্রতিনিধি পরিচয়পত্র যাচাই করুন। ব্যক্তিগত তথ্য বা গোপন কোড শেয়ার করবেন না।,legitimate,0,train,train,Website Notice,,Informational / Service Notice,,Customer Support,Bangla,Bengali,Low,High,Synthetic; non-deployable,Redacted placeholder only,Redacted,False,Ready for human review,synthetic_generation,"Generated for legitimate/non-scam baseline in defensive phishing-detection research; no real phone numbers, account numbers, OTPs, PINs, or live URLs included.",BanglaPhish_Half2_H2D11-H2D15_Legitimate_v1.csv
H2D14_0071,BanglaPhish-2026,1.0,H2D14,Customer Support Messages,Service Appointment,[COMPANY_NAME]: আপনার সার্ভিস ভিজিটের সময় [TIME_SLOT_02]। প্রতিনিধি পরিচয়পত্র যাচাই করুন। এটি একটি স্বয়ংক্রিয় তথ্য বার্তা।,legitimate,0,train,train,App Notification,,Informational / Service Notice,,Customer Support,Bangla,Bengali,Low,High,Synthetic; non-deployable,Redacted placeholder only,Redacted,False,Ready for human review,synthetic_generation,"Generated for legitimate/non-scam baseline in defensive phishing-detection research; no real phone numbers, account numbers, OTPs, PINs, or live URLs included.",BanglaPhish_Half2_H2D11-H2D15_Legitimate_v1.csv
H2D14_0074,BanglaPhish-2026,1.0,H2D14,Customer Support Messages,Service Appointment,[COMPANY_NAME]: আপনার সার্ভিস ভিজিটের সময় [TIME_SLOT_04]। প্রতিনিধি পরিচয়পত্র যাচাই করুন। ব্যক্তিগত তথ্য বা গোপন কোড শেয়ার করবেন না।,legitimate,0,train,train,Email,,Informational / Service Notice,,Customer Support,Bangla,Bengali,Low,High,Synthetic; non-deployable,Redacted placeholder only,Redacted,False,Ready for human review,synthetic_generation,"Generated for legitimate/non-scam baseline in defensive phishing-detection research; no real phone numbers, account numbers, OTPs, PINs, or live URLs included.",BanglaPhish_Half2_H2D11-H2D15_Legitimate_v1.csv
H2D14_0077,BanglaPhish-2026,1.0,H2D14,Customer Support Messages,Service Appointment,[COMPANY_NAME]: আপনার সার্ভিস ভিজিটের সময় [TIME_SLOT_02]। প্রতিনিধি পরিচয়পত্র যাচাই করুন। এটি একটি স্বয়ংক্রিয় তথ্য বার্তা।,legitimate,0,train,train,SMS,,Informational / Service Notice,,Customer Support,Bangla,Bengali,Low,High,Synthetic; non-deployable,Redacted placeholder only,Redacted,False,Ready for human review,synthetic_generation,"Generated for legitimate/non-scam baseline in defensive phishing-detection research; no real phone numbers, account numbers, OTPs, PINs, or live URLs included.",BanglaPhish_Half2_H2D11-H2D15_Legitimate_v1.csv
H2D14_0080,BanglaPhish-2026,1.0,H2D14,Customer Support Messages,Service Appointment,[COMPANY_NAME]: আপনার সার্ভিস ভিজিটের সময় [TIME_SLOT_04]। প্রতিনিধি পরিচয়পত্র যাচাই করুন। ব্যক্তিগত তথ্য বা গোপন কোড শেয়ার করবেন না।,legitimate,0,train,train,Website Notice,,Informational / Service Notice,,Customer Support,Bangla,Bengali,Low,High,Synthetic; non-deployable,Redacted placeholder only,Redacted,False,Ready for human review,synthetic_generation,"Generated for legitimate/non-scam baseline in defensive phishing-detection research; no real phone numbers, account numbers, OTPs, PINs, or live URLs included.",BanglaPhish_Half2_H2D11-H2D15_Legitimate_v1.csv
H2D14_0087,BanglaPhish-2026,1.0,H2D14,Customer Support Messages,Feedback Request,আপনার সাম্প্রতিক সাপোর্ট অভিজ্ঞতা সম্পর্কে মতামত দিন। অফিসিয়াল ফিডব্যাক ফর্ম ব্যবহার করুন। এটি একটি স্বয়ংক্রিয় তথ্য বার্তা।,legitimate,0,train,train,App Notification,,Informational / Service Notice,,Customer Support,Bangla,Bengali,Low,High,Synthetic; non-deployable,Redacted placeholder only,Redacted,False,Ready for human review,synthetic_generation,"Generated for legitimate/non-scam baseline in defensive phishing-detection research; no real phone numbers, account numbers, OTPs, PINs, or live URLs included.",BanglaPhish_Half2_H2D11-H2D15_Legitimate_v1.csv
H2D14_0088,BanglaPhish-2026,1.0,H2D14,Customer Support Messages,Feedback Request,[BRAND_NAME]: সেবা উন্নত করতে আপনার মূল্যায়ন গুরুত্বপূর্ণ। কোনো গোপন কোড চাইবে না। ব্যক্তিগত তথ্য বা গোপন কোড শেয়ার করবেন না।,legitimate,0,train,train,Website Notice,,Informational / Service Notice,,Customer Support,Bangla,Bengali,Low,High,Synthetic; non-deployable,Redacted placeholder only,Redacted,False,Ready for human review,synthetic_generation,"Generated for legitimate/non-scam baseline in defensive phishing-detection research; no real phone numbers, account numbers, OTPs, PINs, or live URLs included.",BanglaPhish_Half2_H2D11-H2D15_Legitimate_v1.csv
H2D14_0089,BanglaPhish-2026,1.0,H2D14,Customer Support Messages,Feedback Request,ফিডব্যাক অনুরোধ: টিকিট [TICKET_ID] সম্পর্কিত অভিজ্ঞতা জানাতে পারেন। এটি একটি স্বয়ংক্রিয় তথ্য বার্তা।,legitimate,0,train,train,SMS,,Informational / Service Notice,,Customer Support,Bangla,Bengali,Low,High,Synthetic; non-deployable,Redacted placeholder only,Redacted,False,Ready for human review,synthetic_generation,"Generated for legitimate/non-scam baseline in defensive phishing-detection research; no real phone numbers, account numbers, OTPs, PINs, or live URLs included.",BanglaPhish_Half2_H2D11-H2D15_Legitimate_v1.csv
H2D14_0090,BanglaPhish-2026,1.0,H2D14,Customer Support Messages,Feedback Request,আপনার সাম্প্রতিক সাপোর্ট অভিজ্ঞতা সম্পর্কে মতামত দিন। অফিসিয়াল ফিডব্যাক ফর্ম ব্যবহার করুন। ব্যক্তিগত তথ্য বা গোপন কোড শেয়ার করবেন না।,legitimate,0,train,train,Email,,Informational / Service Notice,,Customer Support,Bangla,Bengali,Low,High,Synthetic; non-deployable,Redacted placeholder only,Redacted,False,Ready for human review,synthetic_generation,"Generated for legitimate/non-scam baseline in defensive phishing-detection research; no real phone numbers, account numbers, OTPs, PINs, or live URLs included.",BanglaPhish_Half2_H2D11-H2D15_Legitimate_v1.csv
H2D14_0091,BanglaPhish-2026,1.0,H2D14,Customer Support Messages,Feedback Request,[BRAND_NAME]: সেবা উন্নত করতে আপনার মূল্যায়ন গুরুত্বপূর্ণ। কোনো গোপন কোড চাইবে না। এটি একটি স্বয়ংক্রিয় তথ্য বার্তা।,legitimate,0,train,train,App Notification,,Informational / Service Notice,,Customer Support,Bangla,Bengali,Low,High,Synthetic; non-deployable,Redacted placeholder only,Redacted,False,Ready for human review,synthetic_generation,"Generated for legitimate/non-scam baseline in defensive phishing-detection research; no real phone numbers, account numbers, OTPs, PINs, or live URLs included.",BanglaPhish_Half2_H2D11-H2D15_Legitimate_v1.csv
H2D14_0092,BanglaPhish-2026,1.0,H2D14,Customer Support Messages,Feedback Request,ফিডব্যাক অনুরোধ: টিকিট [TICKET_ID] সম্পর্কিত অভিজ্ঞতা জানাতে পারেন। ব্যক্তিগত তথ্য বা গোপন কোড শেয়ার করবেন না।,legitimate,0,train,train,Website Notice,,Informational / Service Notice,,Customer Support,Bangla,Bengali,Low,High,Synthetic; non-deployable,Redacted placeholder only,Redacted,False,Ready for human review,synthetic_generation,"Generated for legitimate/non-scam baseline in defensive phishing-detection research; no real phone numbers, account numbers, OTPs, PINs, or live URLs included.",BanglaPhish_Half2_H2D11-H2D15_Legitimate_v1.csv
H2D14_0093,BanglaPhish-2026,1.0,H2D14,Customer Support Messages,Feedback Request,আপনার সাম্প্রতিক সাপোর্ট অভিজ্ঞতা সম্পর্কে মতামত দিন। অফিসিয়াল ফিডব্যাক ফর্ম ব্যবহার করুন। এটি একটি স্বয়ংক্রিয় তথ্য বার্তা।,legitimate,0,train,train,SMS,,Informational / Service Notice,,Customer Support,Bangla,Bengali,Low,High,Synthetic; non-deployable,Redacted placeholder only,Redacted,False,Ready for human review,synthetic_generation,"Generated for legitimate/non-scam baseline in defensive phishing-detection research; no real phone numbers, account numbers, OTPs, PINs, or live URLs included.",BanglaPhish_Half2_H2D11-H2D15_Legitimate_v1.csv
H2D14_0094,BanglaPhish-2026,1.0,H2D14,Customer Support Messages,Feedback Request,[BRAND_NAME]: সেবা উন্নত করতে আপনার মূল্যায়ন গুরুত্বপূর্ণ। কোনো গোপন কোড চাইবে না। ব্যক্তিগত তথ্য বা গোপন কোড শেয়ার করবেন না।,legitimate,0,train,train,Email,,Informational / Service Notice,,Customer Support,Bangla,Bengali,Low,High,Synthetic; non-deployable,Redacted placeholder only,Redacted,False,Ready for human review,synthetic_generation,"Generated for legitimate/non-scam baseline in defensive phishing-detection research; no real phone numbers, account numbers, OTPs, PINs, or live URLs included.",BanglaPhish_Half2_H2D11-H2D15_Legitimate_v1.csv
H2D14_0095,BanglaPhish-2026,1.0,H2D14,Customer Support Messages,Feedback Request,ফিডব্যাক অনুরোধ: টিকিট [TICKET_ID] সম্পর্কিত অভিজ্ঞতা জানাতে পারেন। এটি একটি স্বয়ংক্রিয় তথ্য বার্তা।,legitimate,0,train,train,App Notification,,Informational / Service Notice,,Customer Support,Bangla,Bengali,Low,High,Synthetic; non-deployable,Redacted placeholder only,Redacted,False,Ready for human review,synthetic_generation,"Generated for legitimate/non-scam baseline in defensive phishing-detection research; no real phone numbers, account numbers, OTPs, PINs, or live URLs included.",BanglaPhish_Half2_H2D11-H2D15_Legitimate_v1.csv
H2D14_0096,BanglaPhish-2026,1.0,H2D14,Customer Support Messages,Feedback Request,আপনার সাম্প্রতিক সাপোর্ট অভিজ্ঞতা সম্পর্কে মতামত দিন। অফিসিয়াল ফিডব্যাক ফর্ম ব্যবহার করুন। ব্যক্তিগত তথ্য বা গোপন কোড শেয়ার করবেন না।,legitimate,0,train,train,Website Notice,,Informational / Service Notice,,Customer Support,Bangla,Bengali,Low,High,Synthetic; non-deployable,Redacted placeholder only,Redacted,False,Ready for human review,synthetic_generation,"Generated for legitimate/non-scam baseline in defensive phishing-detection research; no real phone numbers, account numbers, OTPs, PINs, or live URLs included.",BanglaPhish_Half2_H2D11-H2D15_Legitimate_v1.csv
H2D14_0097,BanglaPhish-2026,1.0,H2D14,Customer Support Messages,Feedback Request,[BRAND_NAME]: সেবা উন্নত করতে আপনার মূল্যায়ন গুরুত্বপূর্ণ। কোনো গোপন কোড চাইবে না। এটি একটি স্বয়ংক্রিয় তথ্য বার্তা।,legitimate,0,train,train,SMS,,Informational / Service Notice,,Customer Support,Bangla,Bengali,Low,High,Synthetic; non-deployable,Redacted placeholder only,Redacted,False,Ready for human review,synthetic_generation,"Generated for legitimate/non-scam baseline in defensive phishing-detection research; no real phone numbers, account numbers, OTPs, PINs, or live URLs included.",BanglaPhish_Half2_H2D11-H2D15_Legitimate_v1.csv
H2D14_0098,BanglaPhish-2026,1.0,H2D14,Customer Support Messages,Feedback Request,ফিডব্যাক অনুরোধ: টিকিট [TICKET_ID] সম্পর্কিত অভিজ্ঞতা জানাতে পারেন। ব্যক্তিগত তথ্য বা গোপন কোড শেয়ার করবেন না।,legitimate,0,train,train,Email,,Informational / Service Notice,,Customer Support,Bangla,Bengali,Low,High,Synthetic; non-deployable,Redacted placeholder only,Redacted,False,Ready for human review,synthetic_generation,"Generated for legitimate/non-scam baseline in defensive phishing-detection research; no real phone numbers, account numbers, OTPs, PINs, or live URLs included.",BanglaPhish_Half2_H2D11-H2D15_Legitimate_v1.csv
H2D14_0099,BanglaPhish-2026,1.0,H2D14,Customer Support Messages,Feedback Request,আপনার সাম্প্রতিক সাপোর্ট অভিজ্ঞতা সম্পর্কে মতামত দিন। অফিসিয়াল ফিডব্যাক ফর্ম ব্যবহার করুন। এটি একটি স্বয়ংক্রিয় তথ্য বার্তা।,legitimate,0,train,train,App Notification,,Informational / Service Notice,,Customer Support,Bangla,Bengali,Low,High,Synthetic; non-deployable,Redacted placeholder only,Redacted,False,Ready for human review,synthetic_generation,"Generated for legitimate/non-scam baseline in defensive phishing-detection research; no real phone numbers, account numbers, OTPs, PINs, or live URLs included.",BanglaPhish_Half2_H2D11-H2D15_Legitimate_v1.csv
H2D14_0100,BanglaPhish-2026,1.0,H2D14,Customer Support Messages,Feedback Request,[BRAND_NAME]: সেবা উন্নত করতে আপনার মূল্যায়ন গুরুত্বপূর্ণ। কোনো গোপন কোড চাইবে না। ব্যক্তিগত তথ্য বা গোপন কোড শেয়ার করবেন না।,legitimate,0,train,train,Website Notice,,Informational / Service Notice,,Customer Support,Bangla,Bengali,Low,High,Synthetic; non-deployable,Redacted placeholder only,Redacted,False,Ready for human review,synthetic_generation,"Generated for legitimate/non-scam baseline in defensive phishing-detection research; no real phone numbers, account numbers, OTPs, PINs, or live URLs included.",BanglaPhish_Half2_H2D11-H2D15_Legitimate_v1.csv
H2D14_0107,BanglaPhish-2026,1.0,H2D14,Customer Support Messages,Warranty Notice,ওয়ারেন্টি স্ট্যাটাস আপডেট: পণ্য [PRODUCT_REF]। বিস্তারিত অফিসিয়াল সাপোর্ট পোর্টালে দেখুন। এটি একটি স্বয়ংক্রিয় তথ্য বার্তা।,legitimate,0,train,train,App Notification,,Informational / Service Notice,,Customer Support,Bangla,Bengali,Low,High,Synthetic; non-deployable,Redacted placeholder only,Redacted,False,Ready for human review,synthetic_generation,"Generated for legitimate/non-scam baseline in defensive phishing-detection research; no real phone numbers, account numbers, OTPs, PINs, or live URLs included.",BanglaPhish_Half2_H2D11-H2D15_Legitimate_v1.csv
H2D14_0108,BanglaPhish-2026,1.0,H2D14,Customer Support Messages,Warranty Notice,[SERVICE_PROVIDER]: আপনার ওয়ারেন্টি অনুরোধ [CASE_ID] গ্রহণ করা হয়েছে। ব্যক্তিগত তথ্য বা গোপন কোড শেয়ার করবেন না।,legitimate,0,train,train,Website Notice,,Informational / Service Notice,,Customer Support,Bangla,Bengali,Low,High,Synthetic; non-deployable,Redacted placeholder only,Redacted,False,Ready for human review,synthetic_generation,"Generated for legitimate/non-scam baseline in defensive phishing-detection research; no real phone numbers, account numbers, OTPs, PINs, or live URLs included.",BanglaPhish_Half2_H2D11-H2D15_Legitimate_v1.csv
H2D14_0109,BanglaPhish-2026,1.0,H2D14,Customer Support Messages,Warranty Notice,ওয়ারেন্টি নোটিফিকেশন: প্রয়োজনীয় ডকুমেন্ট অফিসিয়াল চ্যানেলে জমা দিন। এটি একটি স্বয়ংক্রিয় তথ্য বার্তা।,legitimate,0,train,train,SMS,,Informational / Service Notice,,Customer Support,Bangla,Bengali,Low,High,Synthetic; non-deployable,Redacted placeholder only,Redacted,False,Ready for human review,synthetic_generation,"Generated for legitimate/non-scam baseline in defensive phishing-detection research; no real phone numbers, account numbers, OTPs, PINs, or live URLs included.",BanglaPhish_Half2_H2D11-H2D15_Legitimate_v1.csv
H2D14_0110,BanglaPhish-2026,1.0,H2D14,Customer Support Messages,Warranty Notice,ওয়ারেন্টি স্ট্যাটাস আপডেট: পণ্য [PRODUCT_REF]। বিস্তারিত অফিসিয়াল সাপোর্ট পোর্টালে দেখুন। ব্যক্তিগত তথ্য বা গোপন কোড শেয়ার করবেন না।,legitimate,0,train,train,Email,,Informational / Service Notice,,Customer Support,Bangla,Bengali,Low,High,Synthetic; non-deployable,Redacted placeholder only,Redacted,False,Ready for human review,synthetic_generation,"Generated for legitimate/non-scam baseline in defensive phishing-detection research; no real phone numbers, account numbers, OTPs, PINs, or live URLs included.",BanglaPhish_Half2_H2D11-H2D15_Legitimate_v1.csv
H2D14_0111,BanglaPhish-2026,1.0,H2D14,Customer Support Messages,Warranty Notice,[SERVICE_PROVIDER]: আপনার ওয়ারেন্টি অনুরোধ [CASE_ID] গ্রহণ করা হয়েছে। এটি একটি স্বয়ংক্রিয় তথ্য বার্তা।,legitimate,0,train,train,App Notification,,Informational / Service Notice,,Customer Support,Bangla,Bengali,Low,High,Synthetic; non-deployable,Redacted placeholder only,Redacted,False,Ready for human review,synthetic_generation,"Generated for legitimate/non-scam baseline in defensive phishing-detection research; no real phone numbers, account numbers, OTPs, PINs, or live URLs included.",BanglaPhish_Half2_H2D11-H2D15_Legitimate_v1.csv
H2D14_0112,BanglaPhish-2026,1.0,H2D14,Customer Support Messages,Warranty Notice,ওয়ারেন্টি নোটিফিকেশন: প্রয়োজনীয় ডকুমেন্ট অফিসিয়াল চ্যানেলে জমা দিন। ব্যক্তিগত তথ্য বা গোপন কোড শেয়ার করবেন না।,legitimate,0,train,train,Website Notice,,Informational / Service Notice,,Customer Support,Bangla,Bengali,Low,High,Synthetic; non-deployable,Redacted placeholder only,Redacted,False,Ready for human review,synthetic_generation,"Generated for legitimate/non-scam baseline in defensive phishing-detection research; no real phone numbers, account numbers, OTPs, PINs, or live URLs included.",BanglaPhish_Half2_H2D11-H2D15_Legitimate_v1.csv
H2D14_0113,BanglaPhish-2026,1.0,H2D14,Customer Support Messages,Warranty Notice,ওয়ারেন্টি স্ট্যাটাস আপডেট: পণ্য [PRODUCT_REF]। বিস্তারিত অফিসিয়াল সাপোর্ট পোর্টালে দেখুন। এটি একটি স্বয়ংক্রিয় তথ্য বার্তা।,legitimate,0,train,train,SMS,,Informational / Service Notice,,Customer Support,Bangla,Bengali,Low,High,Synthetic; non-deployable,Redacted placeholder only,Redacted,False,Ready for human review,synthetic_generation,"Generated for legitimate/non-scam baseline in defensive phishing-detection research; no real phone numbers, account numbers, OTPs, PINs, or live URLs included.",BanglaPhish_Half2_H2D11-H2D15_Legitimate_v1.csv
H2D14_0114,BanglaPhish-2026,1.0,H2D14,Customer Support Messages,Warranty Notice,[SERVICE_PROVIDER]: আপনার ওয়ারেন্টি অনুরোধ [CASE_ID] গ্রহণ করা হয়েছে। ব্যক্তিগত তথ্য বা গোপন কোড শেয়ার করবেন না।,legitimate,0,train,train,Email,,Informational / Service Notice,,Customer Support,Bangla,Bengali,Low,High,Synthetic; non-deployable,Redacted placeholder only,Redacted,False,Ready for human review,synthetic_generation,"Generated for legitimate/non-scam baseline in defensive phishing-detection research; no real phone numbers, account numbers, OTPs, PINs, or live URLs included.",BanglaPhish_Half2_H2D11-H2D15_Legitimate_v1.csv
H2D14_0115,BanglaPhish-2026,1.0,H2D14,Customer Support Messages,Warranty Notice,ওয়ারেন্টি নোটিফিকেশন: প্রয়োজনীয় ডকুমেন্ট অফিসিয়াল চ্যানেলে জমা দিন। এটি একটি স্বয়ংক্রিয় তথ্য বার্তা।,legitimate,0,train,train,App Notification,,Informational / Service Notice,,Customer Support,Bangla,Bengali,Low,High,Synthetic; non-deployable,Redacted placeholder only,Redacted,False,Ready for human review,synthetic_generation,"Generated for legitimate/non-scam baseline in defensive phishing-detection research; no real phone numbers, account numbers, OTPs, PINs, or live URLs included.",BanglaPhish_Half2_H2D11-H2D15_Legitimate_v1.csv
H2D14_0116,BanglaPhish-2026,1.0,H2D14,Customer Support Messages,Warranty Notice,ওয়ারেন্টি স্ট্যাটাস আপডেট: পণ্য [PRODUCT_REF]। বিস্তারিত অফিসিয়াল সাপোর্ট পোর্টালে দেখুন। ব্যক্তিগত তথ্য বা গোপন কোড শেয়ার করবেন না।,legitimate,0,train,train,Website Notice,,Informational / Service Notice,,Customer Support,Bangla,Bengali,Low,High,Synthetic; non-deployable,Redacted placeholder only,Redacted,False,Ready for human review,synthetic_generation,"Generated for legitimate/non-scam baseline in defensive phishing-detection research; no real phone numbers, account numbers, OTPs, PINs, or live URLs included.",BanglaPhish_Half2_H2D11-H2D15_Legitimate_v1.csv
H2D14_0117,BanglaPhish-2026,1.0,H2D14,Customer Support Messages,Warranty Notice,[SERVICE_PROVIDER]: আপনার ওয়ারেন্টি অনুরোধ [CASE_ID] গ্রহণ করা হয়েছে। এটি একটি স্বয়ংক্রিয় তথ্য বার্তা।,legitimate,0,train,train,SMS,,Informational / Service Notice,,Customer Support,Bangla,Bengali,Low,High,Synthetic; non-deployable,Redacted placeholder only,Redacted,False,Ready for human review,synthetic_generation,"Generated for legitimate/non-scam baseline in defensive phishing-detection research; no real phone numbers, account numbers, OTPs, PINs, or live URLs included.",BanglaPhish_Half2_H2D11-H2D15_Legitimate_v1.csv
H2D14_0118,BanglaPhish-2026,1.0,H2D14,Customer Support Messages,Warranty Notice,ওয়ারেন্টি নোটিফিকেশন: প্রয়োজনীয় ডকুমেন্ট অফিসিয়াল চ্যানেলে জমা দিন। ব্যক্তিগত তথ্য বা গোপন কোড শেয়ার করবেন না।,legitimate,0,train,train,Email,,Informational / Service Notice,,Customer Support,Bangla,Bengali,Low,High,Synthetic; non-deployable,Redacted placeholder only,Redacted,False,Ready for human review,synthetic_generation,"Generated for legitimate/non-scam baseline in defensive phishing-detection research; no real phone numbers, account numbers, OTPs, PINs, or live URLs included.",BanglaPhish_Half2_H2D11-H2D15_Legitimate_v1.csv
H2D14_0119,BanglaPhish-2026,1.0,H2D14,Customer Support Messages,Warranty Notice,ওয়ারেন্টি স্ট্যাটাস আপডেট: পণ্য [PRODUCT_REF]। বিস্তারিত অফিসিয়াল সাপোর্ট পোর্টালে দেখুন। এটি একটি স্বয়ংক্রিয় তথ্য বার্তা।,legitimate,0,train,train,App Notification,,Informational / Service Notice,,Customer Support,Bangla,Bengali,Low,High,Synthetic; non-deployable,Redacted placeholder only,Redacted,False,Ready for human review,synthetic_generation,"Generated for legitimate/non-scam baseline in defensive phishing-detection research; no real phone numbers, account numbers, OTPs, PINs, or live URLs included.",BanglaPhish_Half2_H2D11-H2D15_Legitimate_v1.csv
H2D14_0120,BanglaPhish-2026,1.0,H2D14,Customer Support Messages,Warranty Notice,[SERVICE_PROVIDER]: আপনার ওয়ারেন্টি অনুরোধ [CASE_ID] গ্রহণ করা হয়েছে। ব্যক্তিগত তথ্য বা গোপন কোড শেয়ার করবেন না।,legitimate,0,train,train,Website Notice,,Informational / Service Notice,,Customer Support,Bangla,Bengali,Low,High,Synthetic; non-deployable,Redacted placeholder only,Redacted,False,Ready for human review,synthetic_generation,"Generated for legitimate/non-scam baseline in defensive phishing-detection research; no real phone numbers, account numbers, OTPs, PINs, or live URLs included.",BanglaPhish_Half2_H2D11-H2D15_Legitimate_v1.csv
H2D14_0127,BanglaPhish-2026,1.0,H2D14,Customer Support Messages,Service Interruption,সেবা নোটিস: অ্যাপ সেবা সাময়িকভাবে ব্যাহত হতে পারে। অসুবিধার জন্য দুঃখিত। এটি একটি স্বয়ংক্রিয় তথ্য বার্তা।,legitimate,0,train,train,App Notification,,Informational / Service Notice,,Customer Support,Bangla,Bengali,Low,High,Synthetic; non-deployable,Redacted placeholder only,Redacted,False,Ready for human review,synthetic_generation,"Generated for legitimate/non-scam baseline in defensive phishing-detection research; no real phone numbers, account numbers, OTPs, PINs, or live URLs included.",BanglaPhish_Half2_H2D11-H2D15_Legitimate_v1.csv
H2D14_0128,BanglaPhish-2026,1.0,H2D14,Customer Support Messages,Service Interruption,[COMPANY_NAME]: নির্ধারিত রক্ষণাবেক্ষণের কারণে [TIME_SLOT_04] সময়ে সেবা সীমিত থাকতে পারে। ব্যক্তিগত তথ্য বা গোপন কোড শেয়ার করবেন না।,legitimate,0,train,train,Website Notice,,Informational / Service Notice,,Customer Support,Bangla,Bengali,Low,High,Synthetic; non-deployable,Redacted placeholder only,Redacted,False,Ready for human review,synthetic_generation,"Generated for legitimate/non-scam baseline in defensive phishing-detection research; no real phone numbers, account numbers, OTPs, PINs, or live URLs included.",BanglaPhish_Half2_H2D11-H2D15_Legitimate_v1.csv
H2D14_0129,BanglaPhish-2026,1.0,H2D14,Customer Support Messages,Service Interruption,সার্ভিস আপডেট: অ্যাপ সেবা পুনরুদ্ধারের কাজ চলছে। এটি একটি স্বয়ংক্রিয় তথ্য বার্তা।,legitimate,0,train,train,SMS,,Informational / Service Notice,,Customer Support,Bangla,Bengali,Low,High,Synthetic; non-deployable,Redacted placeholder only,Redacted,False,Ready for human review,synthetic_generation,"Generated for legitimate/non-scam baseline in defensive phishing-detection research; no real phone numbers, account numbers, OTPs, PINs, or live URLs included.",BanglaPhish_Half2_H2D11-H2D15_Legitimate_v1.csv
H2D14_0130,BanglaPhish-2026,1.0,H2D14,Customer Support Messages,Service Interruption,সেবা নোটিস: কাস্টমার পোর্টাল সাময়িকভাবে ব্যাহত হতে পারে। অসুবিধার জন্য দুঃখিত। ব্যক্তিগত তথ্য বা গোপন কোড শেয়ার করবেন না।,legitimate,0,train,train,Email,,Informational / Service Notice,,Customer Support,Bangla,Bengali,Low,High,Synthetic; non-deployable,Redacted placeholder only,Redacted,False,Ready for human review,synthetic_generation,"Generated for legitimate/non-scam baseline in defensive phishing-detection research; no real phone numbers, account numbers, OTPs, PINs, or live URLs included.",BanglaPhish_Half2_H2D11-H2D15_Legitimate_v1.csv
H2D14_0131,BanglaPhish-2026,1.0,H2D14,Customer Support Messages,Service Interruption,[COMPANY_NAME]: নির্ধারিত রক্ষণাবেক্ষণের কারণে [TIME_SLOT_02] সময়ে সেবা সীমিত থাকতে পারে। এটি একটি স্বয়ংক্রিয় তথ্য বার্তা।,legitimate,0,train,train,App Notification,,Informational / Service Notice,,Customer Support,Bangla,Bengali,Low,High,Synthetic; non-deployable,Redacted placeholder only,Redacted,False,Ready for human review,synthetic_generation,"Generated for legitimate/non-scam baseline in defensive phishing-detection research; no real phone numbers, account numbers, OTPs, PINs, or live URLs included.",BanglaPhish_Half2_H2D11-H2D15_Legitimate_v1.csv
H2D14_0132,BanglaPhish-2026,1.0,H2D14,Customer Support Messages,Service Interruption,সার্ভিস আপডেট: কাস্টমার পোর্টাল পুনরুদ্ধারের কাজ চলছে। ব্যক্তিগত তথ্য বা গোপন কোড শেয়ার করবেন না।,legitimate,0,train,train,Website Notice,,Informational / Service Notice,,Customer Support,Bangla,Bengali,Low,High,Synthetic; non-deployable,Redacted placeholder only,Redacted,False,Ready for human review,synthetic_generation,"Generated for legitimate/non-scam baseline in defensive phishing-detection research; no real phone numbers, account numbers, OTPs, PINs, or live URLs included.",BanglaPhish_Half2_H2D11-H2D15_Legitimate_v1.csv
H2D14_0133,BanglaPhish-2026,1.0,H2D14,Customer Support Messages,Service Interruption,সেবা নোটিস: অ্যাপ সেবা সাময়িকভাবে ব্যাহত হতে পারে। অসুবিধার জন্য দুঃখিত। এটি একটি স্বয়ংক্রিয় তথ্য বার্তা।,legitimate,0,train,train,SMS,,Informational / Service Notice,,Customer Support,Bangla,Bengali,Low,High,Synthetic; non-deployable,Redacted placeholder only,Redacted,False,Ready for human review,synthetic_generation,"Generated for legitimate/non-scam baseline in defensive phishing-detection research; no real phone numbers, account numbers, OTPs, PINs, or live URLs included.",BanglaPhish_Half2_H2D11-H2D15_Legitimate_v1.csv
H2D14_0134,BanglaPhish-2026,1.0,H2D14,Customer Support Messages,Service Interruption,[COMPANY_NAME]: নির্ধারিত রক্ষণাবেক্ষণের কারণে [TIME_SLOT_04] সময়ে সেবা সীমিত থাকতে পারে। ব্যক্তিগত তথ্য বা গোপন কোড শেয়ার করবেন না।,legitimate,0,train,train,Email,,Informational / Service Notice,,Customer Support,Bangla,Bengali,Low,High,Synthetic; non-deployable,Redacted placeholder only,Redacted,False,Ready for human review,synthetic_generation,"Generated for legitimate/non-scam baseline in defensive phishing-detection research; no real phone numbers, account numbers, OTPs, PINs, or live URLs included.",BanglaPhish_Half2_H2D11-H2D15_Legitimate_v1.csv
H2D14_0135,BanglaPhish-2026,1.0,H2D14,Customer Support Messages,Service Interruption,সার্ভিস আপডেট: অ্যাপ সেবা পুনরুদ্ধারের কাজ চলছে। এটি একটি স্বয়ংক্রিয় তথ্য বার্তা।,legitimate,0,train,train,App Notification,,Informational / Service Notice,,Customer Support,Bangla,Bengali,Low,High,Synthetic; non-deployable,Redacted placeholder only,Redacted,False,Ready for human review,synthetic_generation,"Generated for legitimate/non-scam baseline in defensive phishing-detection research; no real phone numbers, account numbers, OTPs, PINs, or live URLs included.",BanglaPhish_Half2_H2D11-H2D15_Legitimate_v1.csv
H2D14_0136,BanglaPhish-2026,1.0,H2D14,Customer Support Messages,Service Interruption,সেবা নোটিস: কাস্টমার পোর্টাল সাময়িকভাবে ব্যাহত হতে পারে। অসুবিধার জন্য দুঃখিত। ব্যক্তিগত তথ্য বা গোপন কোড শেয়ার করবেন না।,legitimate,0,train,train,Website Notice,,Informational / Service Notice,,Customer Support,Bangla,Bengali,Low,High,Synthetic; non-deployable,Redacted placeholder only,Redacted,False,Ready for human review,synthetic_generation,"Generated for legitimate/non-scam baseline in defensive phishing-detection research; no real phone numbers, account numbers, OTPs, PINs, or live URLs included.",BanglaPhish_Half2_H2D11-H2D15_Legitimate_v1.csv
H2D14_0137,BanglaPhish-2026,1.0,H2D14,Customer Support Messages,Service Interruption,[COMPANY_NAME]: নির্ধারিত রক্ষণাবেক্ষণের কারণে [TIME_SLOT_02] সময়ে সেবা সীমিত থাকতে পারে। এটি একটি স্বয়ংক্রিয় তথ্য বার্তা।,legitimate,0,train,train,SMS,,Informational / Service Notice,,Customer Support,Bangla,Bengali,Low,High,Synthetic; non-deployable,Redacted placeholder only,Redacted,False,Ready for human review,synthetic_generation,"Generated for legitimate/non-scam baseline in defensive phishing-detection research; no real phone numbers, account numbers, OTPs, PINs, or live URLs included.",BanglaPhish_Half2_H2D11-H2D15_Legitimate_v1.csv
H2D14_0138,BanglaPhish-2026,1.0,H2D14,Customer Support Messages,Service Interruption,সার্ভিস আপডেট: কাস্টমার পোর্টাল পুনরুদ্ধারের কাজ চলছে। ব্যক্তিগত তথ্য বা গোপন কোড শেয়ার করবেন না।,legitimate,0,train,train,Email,,Informational / Service Notice,,Customer Support,Bangla,Bengali,Low,High,Synthetic; non-deployable,Redacted placeholder only,Redacted,False,Ready for human review,synthetic_generation,"Generated for legitimate/non-scam baseline in defensive phishing-detection research; no real phone numbers, account numbers, OTPs, PINs, or live URLs included.",BanglaPhish_Half2_H2D11-H2D15_Legitimate_v1.csv
H2D14_0139,BanglaPhish-2026,1.0,H2D14,Customer Support Messages,Service Interruption,সেবা নোটিস: অ্যাপ সেবা সাময়িকভাবে ব্যাহত হতে পারে। অসুবিধার জন্য দুঃখিত। এটি একটি স্বয়ংক্রিয় তথ্য বার্তা।,legitimate,0,train,train,App Notification,,Informational / Service Notice,,Customer Support,Bangla,Bengali,Low,High,Synthetic; non-deployable,Redacted placeholder only,Redacted,False,Ready for human review,synthetic_generation,"Generated for legitimate/non-scam baseline in defensive phishing-detection research; no real phone numbers, account numbers, OTPs, PINs, or live URLs included.",BanglaPhish_Half2_H2D11-H2D15_Legitimate_v1.csv
H2D14_0140,BanglaPhish-2026,1.0,H2D14,Customer Support Messages,Service Interruption,[COMPANY_NAME]: নির্ধারিত রক্ষণাবেক্ষণের কারণে [TIME_SLOT_04] সময়ে সেবা সীমিত থাকতে পারে। ব্যক্তিগত তথ্য বা গোপন কোড শেয়ার করবেন না।,legitimate,0,train,train,Website Notice,,Informational / Service Notice,,Customer Support,Bangla,Bengali,Low,High,Synthetic; non-deployable,Redacted placeholder only,Redacted,False,Ready for human review,synthetic_generation,"Generated for legitimate/non-scam baseline in defensive phishing-detection research; no real phone numbers, account numbers, OTPs, PINs, or live URLs included.",BanglaPhish_Half2_H2D11-H2D15_Legitimate_v1.csv
H2D14_0147,BanglaPhish-2026,1.0,H2D14,Customer Support Messages,Account Information Update,আপনার অ্যাকাউন্টের যোগাযোগ তথ্য আপডেট সফল হয়েছে। পরিবর্তন না করে থাকলে অফিসিয়াল সাপোর্টে জানান। এটি একটি স্বয়ংক্রিয় তথ্য বার্তা।,legitimate,0,validation,validation,App Notification,,Informational / Service Notice,,Customer Support,Bangla,Bengali,Low,High,Synthetic; non-deployable,Redacted placeholder only,Redacted,False,Ready for human review,synthetic_generation,"Generated for legitimate/non-scam baseline in defensive phishing-detection research; no real phone numbers, account numbers, OTPs, PINs, or live URLs included.",BanglaPhish_Half2_H2D11-H2D15_Legitimate_v1.csv
H2D14_0148,BanglaPhish-2026,1.0,H2D14,Customer Support Messages,Account Information Update,[BRAND_NAME]: প্রোফাইল আপডেট সম্পন্ন। কোনো পাসওয়ার্ড/OTP এই বার্তায় চাইবে না। ব্যক্তিগত তথ্য বা গোপন কোড শেয়ার করবেন না।,legitimate,0,validation,validation,Website Notice,,Informational / Service Notice,,Customer Support,Bangla,Bengali,Low,High,Synthetic; non-deployable,Redacted placeholder only,Redacted,False,Ready for human review,synthetic_generation,"Generated for legitimate/non-scam baseline in defensive phishing-detection research; no real phone numbers, account numbers, OTPs, PINs, or live URLs included.",BanglaPhish_Half2_H2D11-H2D15_Legitimate_v1.csv
H2D14_0149,BanglaPhish-2026,1.0,H2D14,Customer Support Messages,Account Information Update,অ্যাকাউন্ট নোটিস: তথ্য পরিবর্তনের রেফারেন্স [CASE_ID]। এটি একটি স্বয়ংক্রিয় তথ্য বার্তা।,legitimate,0,validation,validation,SMS,,Informational / Service Notice,,Customer Support,Bangla,Bengali,Low,High,Synthetic; non-deployable,Redacted placeholder only,Redacted,False,Ready for human review,synthetic_generation,"Generated for legitimate/non-scam baseline in defensive phishing-detection research; no real phone numbers, account numbers, OTPs, PINs, or live URLs included.",BanglaPhish_Half2_H2D11-H2D15_Legitimate_v1.csv
H2D14_0150,BanglaPhish-2026,1.0,H2D14,Customer Support Messages,Account Information Update,আপনার অ্যাকাউন্টের যোগাযোগ তথ্য আপডেট সফল হয়েছে। পরিবর্তন না করে থাকলে অফিসিয়াল সাপোর্টে জানান। ব্যক্তিগত তথ্য বা গোপন কোড শেয়ার করবেন না।,legitimate,0,validation,validation,Email,,Informational / Service Notice,,Customer Support,Bangla,Bengali,Low,High,Synthetic; non-deployable,Redacted placeholder only,Redacted,False,Ready for human review,synthetic_generation,"Generated for legitimate/non-scam baseline in defensive phishing-detection research; no real phone numbers, account numbers, OTPs, PINs, or live URLs included.",BanglaPhish_Half2_H2D11-H2D15_Legitimate_v1.csv
H2D14_0151,BanglaPhish-2026,1.0,H2D14,Customer Support Messages,Account Information Update,[BRAND_NAME]: প্রোফাইল আপডেট সম্পন্ন। কোনো পাসওয়ার্ড/OTP এই বার্তায় চাইবে না। এটি একটি স্বয়ংক্রিয় তথ্য বার্তা।,legitimate,0,validation,validation,App Notification,,Informational / Service Notice,,Customer Support,Bangla,Bengali,Low,High,Synthetic; non-deployable,Redacted placeholder only,Redacted,False,Ready for human review,synthetic_generation,"Generated for legitimate/non-scam baseline in defensive phishing-detection research; no real phone numbers, account numbers, OTPs, PINs, or live URLs included.",BanglaPhish_Half2_H2D11-H2D15_Legitimate_v1.csv
H2D14_0152,BanglaPhish-2026,1.0,H2D14,Customer Support Messages,Account Information Update,অ্যাকাউন্ট নোটিস: তথ্য পরিবর্তনের রেফারেন্স [CASE_ID]। ব্যক্তিগত তথ্য বা গোপন কোড শেয়ার করবেন না।,legitimate,0,validation,validation,Website Notice,,Informational / Service Notice,,Customer Support,Bangla,Bengali,Low,High,Synthetic; non-deployable,Redacted placeholder only,Redacted,False,Ready for human review,synthetic_generation,"Generated for legitimate/non-scam baseline in defensive phishing-detection research; no real phone numbers, account numbers, OTPs, PINs, or live URLs included.",BanglaPhish_Half2_H2D11-H2D15_Legitimate_v1.csv
H2D14_0153,BanglaPhish-2026,1.0,H2D14,Customer Support Messages,Account Information Update,আপনার অ্যাকাউন্টের যোগাযোগ তথ্য আপডেট সফল হয়েছে। পরিবর্তন না করে থাকলে অফিসিয়াল সাপোর্টে জানান। এটি একটি স্বয়ংক্রিয় তথ্য বার্তা।,legitimate,0,validation,validation,SMS,,Informational / Service Notice,,Customer Support,Bangla,Bengali,Low,High,Synthetic; non-deployable,Redacted placeholder only,Redacted,False,Ready for human review,synthetic_generation,"Generated for legitimate/non-scam baseline in defensive phishing-detection research; no real phone numbers, account numbers, OTPs, PINs, or live URLs included.",BanglaPhish_Half2_H2D11-H2D15_Legitimate_v1.csv
H2D14_0154,BanglaPhish-2026,1.0,H2D14,Customer Support Messages,Account Information Update,[BRAND_NAME]: প্রোফাইল আপডেট সম্পন্ন। কোনো পাসওয়ার্ড/OTP এই বার্তায় চাইবে না। ব্যক্তিগত তথ্য বা গোপন কোড শেয়ার করবেন না।,legitimate,0,validation,validation,Email,,Informational / Service Notice,,Customer Support,Bangla,Bengali,Low,High,Synthetic; non-deployable,Redacted placeholder only,Redacted,False,Ready for human review,synthetic_generation,"Generated for legitimate/non-scam baseline in defensive phishing-detection research; no real phone numbers, account numbers, OTPs, PINs, or live URLs included.",BanglaPhish_Half2_H2D11-H2D15_Legitimate_v1.csv
H2D14_0155,BanglaPhish-2026,1.0,H2D14,Customer Support Messages,Account Information Update,অ্যাকাউন্ট নোটিস: তথ্য পরিবর্তনের রেফারেন্স [CASE_ID]। এটি একটি স্বয়ংক্রিয় তথ্য বার্তা।,legitimate,0,validation,validation,App Notification,,Informational / Service Notice,,Customer Support,Bangla,Bengali,Low,High,Synthetic; non-deployable,Redacted placeholder only,Redacted,False,Ready for human review,synthetic_generation,"Generated for legitimate/non-scam baseline in defensive phishing-detection research; no real phone numbers, account numbers, OTPs, PINs, or live URLs included.",BanglaPhish_Half2_H2D11-H2D15_Legitimate_v1.csv
H2D14_0156,BanglaPhish-2026,1.0,H2D14,Customer Support Messages,Account Information Update,আপনার অ্যাকাউন্টের যোগাযোগ তথ্য আপডেট সফল হয়েছে। পরিবর্তন না করে থাকলে অফিসিয়াল সাপোর্টে জানান। ব্যক্তিগত তথ্য বা গোপন কোড শেয়ার করবেন না।,legitimate,0,validation,validation,Website Notice,,Informational / Service Notice,,Customer Support,Bangla,Bengali,Low,High,Synthetic; non-deployable,Redacted placeholder only,Redacted,False,Ready for human review,synthetic_generation,"Generated for legitimate/non-scam baseline in defensive phishing-detection research; no real phone numbers, account numbers, OTPs, PINs, or live URLs included.",BanglaPhish_Half2_H2D11-H2D15_Legitimate_v1.csv
H2D14_0157,BanglaPhish-2026,1.0,H2D14,Customer Support Messages,Account Information Update,[BRAND_NAME]: প্রোফাইল আপডেট সম্পন্ন। কোনো পাসওয়ার্ড/OTP এই বার্তায় চাইবে না। এটি একটি স্বয়ংক্রিয় তথ্য বার্তা।,legitimate,0,validation,validation,SMS,,Informational / Service Notice,,Customer Support,Bangla,Bengali,Low,High,Synthetic; non-deployable,Redacted placeholder only,Redacted,False,Ready for human review,synthetic_generation,"Generated for legitimate/non-scam baseline in defensive phishing-detection research; no real phone numbers, account numbers, OTPs, PINs, or live URLs included.",BanglaPhish_Half2_H2D11-H2D15_Legitimate_v1.csv
H2D14_0158,BanglaPhish-2026,1.0,H2D14,Customer Support Messages,Account Information Update,অ্যাকাউন্ট নোটিস: তথ্য পরিবর্তনের রেফারেন্স [CASE_ID]। ব্যক্তিগত তথ্য বা গোপন কোড শেয়ার করবেন না।,legitimate,0,validation,validation,Email,,Informational / Service Notice,,Customer Support,Bangla,Bengali,Low,High,Synthetic; non-deployable,Redacted placeholder only,Redacted,False,Ready for human review,synthetic_generation,"Generated for legitimate/non-scam baseline in defensive phishing-detection research; no real phone numbers, account numbers, OTPs, PINs, or live URLs included.",BanglaPhish_Half2_H2D11-H2D15_Legitimate_v1.csv
H2D14_0159,BanglaPhish-2026,1.0,H2D14,Customer Support Messages,Account Information Update,আপনার অ্যাকাউন্টের যোগাযোগ তথ্য আপডেট সফল হয়েছে। পরিবর্তন না করে থাকলে অফিসিয়াল সাপোর্টে জানান। এটি একটি স্বয়ংক্রিয় তথ্য বার্তা।,legitimate,0,validation,validation,App Notification,,Informational / Service Notice,,Customer Support,Bangla,Bengali,Low,High,Synthetic; non-deployable,Redacted placeholder only,Redacted,False,Ready for human review,synthetic_generation,"Generated for legitimate/non-scam baseline in defensive phishing-detection research; no real phone numbers, account numbers, OTPs, PINs, or live URLs included.",BanglaPhish_Half2_H2D11-H2D15_Legitimate_v1.csv
H2D14_0160,BanglaPhish-2026,1.0,H2D14,Customer Support Messages,Account Information Update,[BRAND_NAME]: প্রোফাইল আপডেট সম্পন্ন। কোনো পাসওয়ার্ড/OTP এই বার্তায় চাইবে না। ব্যক্তিগত তথ্য বা গোপন কোড শেয়ার করবেন না।,legitimate,0,validation,validation,Website Notice,,Informational / Service Notice,,Customer Support,Bangla,Bengali,Low,High,Synthetic; non-deployable,Redacted placeholder only,Redacted,False,Ready for human review,synthetic_generation,"Generated for legitimate/non-scam baseline in defensive phishing-detection research; no real phone numbers, account numbers, OTPs, PINs, or live URLs included.",BanglaPhish_Half2_H2D11-H2D15_Legitimate_v1.csv
H2D14_0167,BanglaPhish-2026,1.0,H2D14,Customer Support Messages,Order Support Notice,অর্ডার সহায়তা টিকিট [TICKET_ID] তৈরি হয়েছে। স্ট্যাটাস অফিসিয়াল অ্যাপে দেখা যাবে। এটি একটি স্বয়ংক্রিয় তথ্য বার্তা।,legitimate,0,validation,validation,App Notification,,Informational / Service Notice,,Customer Support,Bangla,Bengali,Low,High,Synthetic; non-deployable,Redacted placeholder only,Redacted,False,Ready for human review,synthetic_generation,"Generated for legitimate/non-scam baseline in defensive phishing-detection research; no real phone numbers, account numbers, OTPs, PINs, or live URLs included.",BanglaPhish_Half2_H2D11-H2D15_Legitimate_v1.csv
H2D14_0168,BanglaPhish-2026,1.0,H2D14,Customer Support Messages,Order Support Notice,[SERVICE_PROVIDER]: আপনার অর্ডার-সংক্রান্ত অনুরোধ পর্যালোচনা করা হচ্ছে। ব্যক্তিগত তথ্য বা গোপন কোড শেয়ার করবেন না।,legitimate,0,validation,validation,Website Notice,,Informational / Service Notice,,Customer Support,Bangla,Bengali,Low,High,Synthetic; non-deployable,Redacted placeholder only,Redacted,False,Ready for human review,synthetic_generation,"Generated for legitimate/non-scam baseline in defensive phishing-detection research; no real phone numbers, account numbers, OTPs, PINs, or live URLs included.",BanglaPhish_Half2_H2D11-H2D15_Legitimate_v1.csv
H2D14_0169,BanglaPhish-2026,1.0,H2D14,Customer Support Messages,Order Support Notice,কাস্টমার সাপোর্ট: অর্ডার [ORDER_ID] সম্পর্কে আপডেট দেওয়া হয়েছে। এটি একটি স্বয়ংক্রিয় তথ্য বার্তা।,legitimate,0,validation,validation,SMS,,Informational / Service Notice,,Customer Support,Bangla,Bengali,Low,High,Synthetic; non-deployable,Redacted placeholder only,Redacted,False,Ready for human review,synthetic_generation,"Generated for legitimate/non-scam baseline in defensive phishing-detection research; no real phone numbers, account numbers, OTPs, PINs, or live URLs included.",BanglaPhish_Half2_H2D11-H2D15_Legitimate_v1.csv
H2D14_0170,BanglaPhish-2026,1.0,H2D14,Customer Support Messages,Order Support Notice,অর্ডার সহায়তা টিকিট [TICKET_ID] তৈরি হয়েছে। স্ট্যাটাস অফিসিয়াল অ্যাপে দেখা যাবে। ব্যক্তিগত তথ্য বা গোপন কোড শেয়ার করবেন না।,legitimate,0,validation,validation,Email,,Informational / Service Notice,,Customer Support,Bangla,Bengali,Low,High,Synthetic; non-deployable,Redacted placeholder only,Redacted,False,Ready for human review,synthetic_generation,"Generated for legitimate/non-scam baseline in defensive phishing-detection research; no real phone numbers, account numbers, OTPs, PINs, or live URLs included.",BanglaPhish_Half2_H2D11-H2D15_Legitimate_v1.csv
H2D14_0171,BanglaPhish-2026,1.0,H2D14,Customer Support Messages,Order Support Notice,[SERVICE_PROVIDER]: আপনার অর্ডার-সংক্রান্ত অনুরোধ পর্যালোচনা করা হচ্ছে। এটি একটি স্বয়ংক্রিয় তথ্য বার্তা।,legitimate,0,test,test,App Notification,,Informational / Service Notice,,Customer Support,Bangla,Bengali,Low,High,Synthetic; non-deployable,Redacted placeholder only,Redacted,False,Ready for human review,synthetic_generation,"Generated for legitimate/non-scam baseline in defensive phishing-detection research; no real phone numbers, account numbers, OTPs, PINs, or live URLs included.",BanglaPhish_Half2_H2D11-H2D15_Legitimate_v1.csv
H2D14_0172,BanglaPhish-2026,1.0,H2D14,Customer Support Messages,Order Support Notice,কাস্টমার সাপোর্ট: অর্ডার [ORDER_ID] সম্পর্কে আপডেট দেওয়া হয়েছে। ব্যক্তিগত তথ্য বা গোপন কোড শেয়ার করবেন না।,legitimate,0,test,test,Website Notice,,Informational / Service Notice,,Customer Support,Bangla,Bengali,Low,High,Synthetic; non-deployable,Redacted placeholder only,Redacted,False,Ready for human review,synthetic_generation,"Generated for legitimate/non-scam baseline in defensive phishing-detection research; no real phone numbers, account numbers, OTPs, PINs, or live URLs included.",BanglaPhish_Half2_H2D11-H2D15_Legitimate_v1.csv
H2D14_0173,BanglaPhish-2026,1.0,H2D14,Customer Support Messages,Order Support Notice,অর্ডার সহায়তা টিকিট [TICKET_ID] তৈরি হয়েছে। স্ট্যাটাস অফিসিয়াল অ্যাপে দেখা যাবে। এটি একটি স্বয়ংক্রিয় তথ্য বার্তা।,legitimate,0,test,test,SMS,,Informational / Service Notice,,Customer Support,Bangla,Bengali,Low,High,Synthetic; non-deployable,Redacted placeholder only,Redacted,False,Ready for human review,synthetic_generation,"Generated for legitimate/non-scam baseline in defensive phishing-detection research; no real phone numbers, account numbers, OTPs, PINs, or live URLs included.",BanglaPhish_Half2_H2D11-H2D15_Legitimate_v1.csv
H2D14_0174,BanglaPhish-2026,1.0,H2D14,Customer Support Messages,Order Support Notice,[SERVICE_PROVIDER]: আপনার অর্ডার-সংক্রান্ত অনুরোধ পর্যালোচনা করা হচ্ছে। ব্যক্তিগত তথ্য বা গোপন কোড শেয়ার করবেন না।,legitimate,0,test,test,Email,,Informational / Service Notice,,Customer Support,Bangla,Bengali,Low,High,Synthetic; non-deployable,Redacted placeholder only,Redacted,False,Ready for human review,synthetic_generation,"Generated for legitimate/non-scam baseline in defensive phishing-detection research; no real phone numbers, account numbers, OTPs, PINs, or live URLs included.",BanglaPhish_Half2_H2D11-H2D15_Legitimate_v1.csv
H2D14_0175,BanglaPhish-2026,1.0,H2D14,Customer Support Messages,Order Support Notice,কাস্টমার সাপোর্ট: অর্ডার [ORDER_ID] সম্পর্কে আপডেট দেওয়া হয়েছে। এটি একটি স্বয়ংক্রিয় তথ্য বার্তা।,legitimate,0,test,test,App Notification,,Informational / Service Notice,,Customer Support,Bangla,Bengali,Low,High,Synthetic; non-deployable,Redacted placeholder only,Redacted,False,Ready for human review,synthetic_generation,"Generated for legitimate/non-scam baseline in defensive phishing-detection research; no real phone numbers, account numbers, OTPs, PINs, or live URLs included.",BanglaPhish_Half2_H2D11-H2D15_Legitimate_v1.csv
H2D14_0176,BanglaPhish-2026,1.0,H2D14,Customer Support Messages,Order Support Notice,অর্ডার সহায়তা টিকিট [TICKET_ID] তৈরি হয়েছে। স্ট্যাটাস অফিসিয়াল অ্যাপে দেখা যাবে। ব্যক্তিগত তথ্য বা গোপন কোড শেয়ার করবেন না।,legitimate,0,test,test,Website Notice,,Informational / Service Notice,,Customer Support,Bangla,Bengali,Low,High,Synthetic; non-deployable,Redacted placeholder only,Redacted,False,Ready for human review,synthetic_generation,"Generated for legitimate/non-scam baseline in defensive phishing-detection research; no real phone numbers, account numbers, OTPs, PINs, or live URLs included.",BanglaPhish_Half2_H2D11-H2D15_Legitimate_v1.csv
H2D14_0177,BanglaPhish-2026,1.0,H2D14,Customer Support Messages,Order Support Notice,[SERVICE_PROVIDER]: আপনার অর্ডার-সংক্রান্ত অনুরোধ পর্যালোচনা করা হচ্ছে। এটি একটি স্বয়ংক্রিয় তথ্য বার্তা।,legitimate,0,test,test,SMS,,Informational / Service Notice,,Customer Support,Bangla,Bengali,Low,High,Synthetic; non-deployable,Redacted placeholder only,Redacted,False,Ready for human review,synthetic_generation,"Generated for legitimate/non-scam baseline in defensive phishing-detection research; no real phone numbers, account numbers, OTPs, PINs, or live URLs included.",BanglaPhish_Half2_H2D11-H2D15_Legitimate_v1.csv
H2D14_0178,BanglaPhish-2026,1.0,H2D14,Customer Support Messages,Order Support Notice,কাস্টমার সাপোর্ট: অর্ডার [ORDER_ID] সম্পর্কে আপডেট দেওয়া হয়েছে। ব্যক্তিগত তথ্য বা গোপন কোড শেয়ার করবেন না।,legitimate,0,test,test,Email,,Informational / Service Notice,,Customer Support,Bangla,Bengali,Low,High,Synthetic; non-deployable,Redacted placeholder only,Redacted,False,Ready for human review,synthetic_generation,"Generated for legitimate/non-scam baseline in defensive phishing-detection research; no real phone numbers, account numbers, OTPs, PINs, or live URLs included.",BanglaPhish_Half2_H2D11-H2D15_Legitimate_v1.csv
H2D14_0179,BanglaPhish-2026,1.0,H2D14,Customer Support Messages,Order Support Notice,অর্ডার সহায়তা টিকিট [TICKET_ID] তৈরি হয়েছে। স্ট্যাটাস অফিসিয়াল অ্যাপে দেখা যাবে। এটি একটি স্বয়ংক্রিয় তথ্য বার্তা।,legitimate,0,test,test,App Notification,,Informational / Service Notice,,Customer Support,Bangla,Bengali,Low,High,Synthetic; non-deployable,Redacted placeholder only,Redacted,False,Ready for human review,synthetic_generation,"Generated for legitimate/non-scam baseline in defensive phishing-detection research; no real phone numbers, account numbers, OTPs, PINs, or live URLs included.",BanglaPhish_Half2_H2D11-H2D15_Legitimate_v1.csv
H2D14_0180,BanglaPhish-2026,1.0,H2D14,Customer Support Messages,Order Support Notice,[SERVICE_PROVIDER]: আপনার অর্ডার-সংক্রান্ত অনুরোধ পর্যালোচনা করা হচ্ছে। ব্যক্তিগত তথ্য বা গোপন কোড শেয়ার করবেন না।,legitimate,0,test,test,Website Notice,,Informational / Service Notice,,Customer Support,Bangla,Bengali,Low,High,Synthetic; non-deployable,Redacted placeholder only,Redacted,False,Ready for human review,synthetic_generation,"Generated for legitimate/non-scam baseline in defensive phishing-detection research; no real phone numbers, account numbers, OTPs, PINs, or live URLs included.",BanglaPhish_Half2_H2D11-H2D15_Legitimate_v1.csv
H2D14_0187,BanglaPhish-2026,1.0,H2D14,Customer Support Messages,General Helpdesk Notice,হেল্পডেস্ক আপডেট: সাপোর্ট সময়সূচি [TIME_SLOT_02]। অফিসিয়াল চ্যানেল ব্যবহার করুন। এটি একটি স্বয়ংক্রিয় তথ্য বার্তা।,legitimate,0,test,test,App Notification,,Informational / Service Notice,,Customer Support,Bangla,Bengali,Low,High,Synthetic; non-deployable,Redacted placeholder only,Redacted,False,Ready for human review,synthetic_generation,"Generated for legitimate/non-scam baseline in defensive phishing-detection research; no real phone numbers, account numbers, OTPs, PINs, or live URLs included.",BanglaPhish_Half2_H2D11-H2D15_Legitimate_v1.csv
H2D14_0188,BanglaPhish-2026,1.0,H2D14,Customer Support Messages,General Helpdesk Notice,[COMPANY_NAME]: নিরাপত্তার জন্য কোনো প্রতিনিধিকে PIN/OTP জানাবেন না। ব্যক্তিগত তথ্য বা গোপন কোড শেয়ার করবেন না।,legitimate,0,test,test,Website Notice,,Informational / Service Notice,,Customer Support,Bangla,Bengali,Low,High,Synthetic; non-deployable,Redacted placeholder only,Redacted,False,Ready for human review,synthetic_generation,"Generated for legitimate/non-scam baseline in defensive phishing-detection research; no real phone numbers, account numbers, OTPs, PINs, or live URLs included.",BanglaPhish_Half2_H2D11-H2D15_Legitimate_v1.csv
H2D14_0189,BanglaPhish-2026,1.0,H2D14,Customer Support Messages,General Helpdesk Notice,সাপোর্ট নোটিস: আপনার প্রশ্নের উত্তর FAQ/অফিসিয়াল পোর্টালে পাওয়া যাবে। এটি একটি স্বয়ংক্রিয় তথ্য বার্তা।,legitimate,0,test,test,SMS,,Informational / Service Notice,,Customer Support,Bangla,Bengali,Low,High,Synthetic; non-deployable,Redacted placeholder only,Redacted,False,Ready for human review,synthetic_generation,"Generated for legitimate/non-scam baseline in defensive phishing-detection research; no real phone numbers, account numbers, OTPs, PINs, or live URLs included.",BanglaPhish_Half2_H2D11-H2D15_Legitimate_v1.csv
H2D14_0190,BanglaPhish-2026,1.0,H2D14,Customer Support Messages,General Helpdesk Notice,হেল্পডেস্ক আপডেট: সাপোর্ট সময়সূচি [TIME_SLOT_04]। অফিসিয়াল চ্যানেল ব্যবহার করুন। ব্যক্তিগত তথ্য বা গোপন কোড শেয়ার করবেন না।,legitimate,0,test,test,Email,,Informational / Service Notice,,Customer Support,Bangla,Bengali,Low,High,Synthetic; non-deployable,Redacted placeholder only,Redacted,False,Ready for human review,synthetic_generation,"Generated for legitimate/non-scam baseline in defensive phishing-detection research; no real phone numbers, account numbers, OTPs, PINs, or live URLs included.",BanglaPhish_Half2_H2D11-H2D15_Legitimate_v1.csv
H2D14_0191,BanglaPhish-2026,1.0,H2D14,Customer Support Messages,General Helpdesk Notice,[COMPANY_NAME]: নিরাপত্তার জন্য কোনো প্রতিনিধিকে PIN/OTP জানাবেন না। এটি একটি স্বয়ংক্রিয় তথ্য বার্তা।,legitimate,0,test,test,App Notification,,Informational / Service Notice,,Customer Support,Bangla,Bengali,Low,High,Synthetic; non-deployable,Redacted placeholder only,Redacted,False,Ready for human review,synthetic_generation,"Generated for legitimate/non-scam baseline in defensive phishing-detection research; no real phone numbers, account numbers, OTPs, PINs, or live URLs included.",BanglaPhish_Half2_H2D11-H2D15_Legitimate_v1.csv
H2D14_0192,BanglaPhish-2026,1.0,H2D14,Customer Support Messages,General Helpdesk Notice,সাপোর্ট নোটিস: আপনার প্রশ্নের উত্তর FAQ/অফিসিয়াল পোর্টালে পাওয়া যাবে। ব্যক্তিগত তথ্য বা গোপন কোড শেয়ার করবেন না।,legitimate,0,test,test,Website Notice,,Informational / Service Notice,,Customer Support,Bangla,Bengali,Low,High,Synthetic; non-deployable,Redacted placeholder only,Redacted,False,Ready for human review,synthetic_generation,"Generated for legitimate/non-scam baseline in defensive phishing-detection research; no real phone numbers, account numbers, OTPs, PINs, or live URLs included.",BanglaPhish_Half2_H2D11-H2D15_Legitimate_v1.csv
H2D14_0193,BanglaPhish-2026,1.0,H2D14,Customer Support Messages,General Helpdesk Notice,হেল্পডেস্ক আপডেট: সাপোর্ট সময়সূচি [TIME_SLOT_02]। অফিসিয়াল চ্যানেল ব্যবহার করুন। এটি একটি স্বয়ংক্রিয় তথ্য বার্তা।,legitimate,0,test,test,SMS,,Informational / Service Notice,,Customer Support,Bangla,Bengali,Low,High,Synthetic; non-deployable,Redacted placeholder only,Redacted,False,Ready for human review,synthetic_generation,"Generated for legitimate/non-scam baseline in defensive phishing-detection research; no real phone numbers, account numbers, OTPs, PINs, or live URLs included.",BanglaPhish_Half2_H2D11-H2D15_Legitimate_v1.csv
H2D14_0194,BanglaPhish-2026,1.0,H2D14,Customer Support Messages,General Helpdesk Notice,[COMPANY_NAME]: নিরাপত্তার জন্য কোনো প্রতিনিধিকে PIN/OTP জানাবেন না। ব্যক্তিগত তথ্য বা গোপন কোড শেয়ার করবেন না।,legitimate,0,test,test,Email,,Informational / Service Notice,,Customer Support,Bangla,Bengali,Low,High,Synthetic; non-deployable,Redacted placeholder only,Redacted,False,Ready for human review,synthetic_generation,"Generated for legitimate/non-scam baseline in defensive phishing-detection research; no real phone numbers, account numbers, OTPs, PINs, or live URLs included.",BanglaPhish_Half2_H2D11-H2D15_Legitimate_v1.csv
H2D14_0195,BanglaPhish-2026,1.0,H2D14,Customer Support Messages,General Helpdesk Notice,সাপোর্ট নোটিস: আপনার প্রশ্নের উত্তর FAQ/অফিসিয়াল পোর্টালে পাওয়া যাবে। এটি একটি স্বয়ংক্রিয় তথ্য বার্তা।,legitimate,0,test,test,App Notification,,Informational / Service Notice,,Customer Support,Bangla,Bengali,Low,High,Synthetic; non-deployable,Redacted placeholder only,Redacted,False,Ready for human review,synthetic_generation,"Generated for legitimate/non-scam baseline in defensive phishing-detection research; no real phone numbers, account numbers, OTPs, PINs, or live URLs included.",BanglaPhish_Half2_H2D11-H2D15_Legitimate_v1.csv
H2D14_0196,BanglaPhish-2026,1.0,H2D14,Customer Support Messages,General Helpdesk Notice,হেল্পডেস্ক আপডেট: সাপোর্ট সময়সূচি [TIME_SLOT_04]। অফিসিয়াল চ্যানেল ব্যবহার করুন। ব্যক্তিগত তথ্য বা গোপন কোড শেয়ার করবেন না।,legitimate,0,test,test,Website Notice,,Informational / Service Notice,,Customer Support,Bangla,Bengali,Low,High,Synthetic; non-deployable,Redacted placeholder only,Redacted,False,Ready for human review,synthetic_generation,"Generated for legitimate/non-scam baseline in defensive phishing-detection research; no real phone numbers, account numbers, OTPs, PINs, or live URLs included.",BanglaPhish_Half2_H2D11-H2D15_Legitimate_v1.csv
H2D14_0197,BanglaPhish-2026,1.0,H2D14,Customer Support Messages,General Helpdesk Notice,[COMPANY_NAME]: নিরাপত্তার জন্য কোনো প্রতিনিধিকে PIN/OTP জানাবেন না। এটি একটি স্বয়ংক্রিয় তথ্য বার্তা।,legitimate,0,test,test,SMS,,Informational / Service Notice,,Customer Support,Bangla,Bengali,Low,High,Synthetic; non-deployable,Redacted placeholder only,Redacted,False,Ready for human review,synthetic_generation,"Generated for legitimate/non-scam baseline in defensive phishing-detection research; no real phone numbers, account numbers, OTPs, PINs, or live URLs included.",BanglaPhish_Half2_H2D11-H2D15_Legitimate_v1.csv
H2D14_0198,BanglaPhish-2026,1.0,H2D14,Customer Support Messages,General Helpdesk Notice,সাপোর্ট নোটিস: আপনার প্রশ্নের উত্তর FAQ/অফিসিয়াল পোর্টালে পাওয়া যাবে। ব্যক্তিগত তথ্য বা গোপন কোড শেয়ার করবেন না।,legitimate,0,test,test,Email,,Informational / Service Notice,,Customer Support,Bangla,Bengali,Low,High,Synthetic; non-deployable,Redacted placeholder only,Redacted,False,Ready for human review,synthetic_generation,"Generated for legitimate/non-scam baseline in defensive phishing-detection research; no real phone numbers, account numbers, OTPs, PINs, or live URLs included.",BanglaPhish_Half2_H2D11-H2D15_Legitimate_v1.csv
H2D14_0199,BanglaPhish-2026,1.0,H2D14,Customer Support Messages,General Helpdesk Notice,হেল্পডেস্ক আপডেট: সাপোর্ট সময়সূচি [TIME_SLOT_02]। অফিসিয়াল চ্যানেল ব্যবহার করুন। এটি একটি স্বয়ংক্রিয় তথ্য বার্তা।,legitimate,0,test,test,App Notification,,Informational / Service Notice,,Customer Support,Bangla,Bengali,Low,High,Synthetic; non-deployable,Redacted placeholder only,Redacted,False,Ready for human review,synthetic_generation,"Generated for legitimate/non-scam baseline in defensive phishing-detection research; no real phone numbers, account numbers, OTPs, PINs, or live URLs included.",BanglaPhish_Half2_H2D11-H2D15_Legitimate_v1.csv
H2D14_0200,BanglaPhish-2026,1.0,H2D14,Customer Support Messages,General Helpdesk Notice,[COMPANY_NAME]: নিরাপত্তার জন্য কোনো প্রতিনিধিকে PIN/OTP জানাবেন না। ব্যক্তিগত তথ্য বা গোপন কোড শেয়ার করবেন না।,legitimate,0,test,test,Website Notice,,Informational / Service Notice,,Customer Support,Bangla,Bengali,Low,High,Synthetic; non-deployable,Redacted placeholder only,Redacted,False,Ready for human review,synthetic_generation,"Generated for legitimate/non-scam baseline in defensive phishing-detection research; no real phone numbers, account numbers, OTPs, PINs, or live URLs included.",BanglaPhish_Half2_H2D11-H2D15_Legitimate_v1.csv
H2D15_0007,BanglaPhish-2026,1.0,H2D15,Promotional/Marketing Messages,Retail Discount,[RETAIL_BRAND]: নির্বাচিত পণ্যে ১৫% ছাড় চলছে। বিস্তারিত অফিসিয়াল স্টোর/অ্যাপে দেখুন। এটি একটি স্বয়ংক্রিয় তথ্য বার্তা।,legitimate,0,train,train,SMS,,Informational / Service Notice,,Marketing Service,Bangla,Bengali,Low,High,Synthetic; non-deployable,Redacted placeholder only,Redacted,False,Ready for human review,synthetic_generation,"Generated for legitimate/non-scam baseline in defensive phishing-detection research; no real phone numbers, account numbers, OTPs, PINs, or live URLs included.",BanglaPhish_Half2_H2D11-H2D15_Legitimate_v1.csv
H2D15_0009,BanglaPhish-2026,1.0,H2D15,Promotional/Marketing Messages,Retail Discount,[STORE_NAME] সেল নোটিস: ১৫% পর্যন্ত ছাড়। কোনো গোপন কোড শেয়ার করার প্রয়োজন নেই। এটি একটি স্বয়ংক্রিয় তথ্য বার্তা।,legitimate,0,train,train,App Notification,,Informational / Service Notice,,Marketing Service,Bangla,Bengali,Low,High,Synthetic; non-deployable,Redacted placeholder only,Redacted,False,Ready for human review,synthetic_generation,"Generated for legitimate/non-scam baseline in defensive phishing-detection research; no real phone numbers, account numbers, OTPs, PINs, or live URLs included.",BanglaPhish_Half2_H2D11-H2D15_Legitimate_v1.csv
H2D15_0010,BanglaPhish-2026,1.0,H2D15,Promotional/Marketing Messages,Retail Discount,[RETAIL_BRAND]: নির্বাচিত পণ্যে নির্বাচিত ছাড় চলছে। বিস্তারিত অফিসিয়াল স্টোর/অ্যাপে দেখুন। ব্যক্তিগত তথ্য বা গোপন কোড শেয়ার করবেন না।,legitimate,0,train,train,SMS,,Informational / Service Notice,,Marketing Service,Bangla,Bengali,Low,High,Synthetic; non-deployable,Redacted placeholder only,Redacted,False,Ready for human review,synthetic_generation,"Generated for legitimate/non-scam baseline in defensive phishing-detection research; no real phone numbers, account numbers, OTPs, PINs, or live URLs included.",BanglaPhish_Half2_H2D11-H2D15_Legitimate_v1.csv
H2D15_0012,BanglaPhish-2026,1.0,H2D15,Promotional/Marketing Messages,Retail Discount,[STORE_NAME] সেল নোটিস: নির্বাচিত পর্যন্ত ছাড়। কোনো গোপন কোড শেয়ার করার প্রয়োজন নেই। ব্যক্তিগত তথ্য বা গোপন কোড শেয়ার করবেন না।,legitimate,0,train,train,App Notification,,Informational / Service Notice,,Marketing Service,Bangla,Bengali,Low,High,Synthetic; non-deployable,Redacted placeholder only,Redacted,False,Ready for human review,synthetic_generation,"Generated for legitimate/non-scam baseline in defensive phishing-detection research; no real phone numbers, account numbers, OTPs, PINs, or live URLs included.",BanglaPhish_Half2_H2D11-H2D15_Legitimate_v1.csv
H2D15_0013,BanglaPhish-2026,1.0,H2D15,Promotional/Marketing Messages,Retail Discount,[RETAIL_BRAND]: নির্বাচিত পণ্যে ১৫% ছাড় চলছে। বিস্তারিত অফিসিয়াল স্টোর/অ্যাপে দেখুন। এটি একটি স্বয়ংক্রিয় তথ্য বার্তা।,legitimate,0,train,train,SMS,,Informational / Service Notice,,Marketing Service,Bangla,Bengali,Low,High,Synthetic; non-deployable,Redacted placeholder only,Redacted,False,Ready for human review,synthetic_generation,"Generated for legitimate/non-scam baseline in defensive phishing-detection research; no real phone numbers, account numbers, OTPs, PINs, or live URLs included.",BanglaPhish_Half2_H2D11-H2D15_Legitimate_v1.csv
H2D15_0015,BanglaPhish-2026,1.0,H2D15,Promotional/Marketing Messages,Retail Discount,[STORE_NAME] সেল নোটিস: ১৫% পর্যন্ত ছাড়। কোনো গোপন কোড শেয়ার করার প্রয়োজন নেই। এটি একটি স্বয়ংক্রিয় তথ্য বার্তা।,legitimate,0,train,train,App Notification,,Informational / Service Notice,,Marketing Service,Bangla,Bengali,Low,High,Synthetic; non-deployable,Redacted placeholder only,Redacted,False,Ready for human review,synthetic_generation,"Generated for legitimate/non-scam baseline in defensive phishing-detection research; no real phone numbers, account numbers, OTPs, PINs, or live URLs included.",BanglaPhish_Half2_H2D11-H2D15_Legitimate_v1.csv
H2D15_0016,BanglaPhish-2026,1.0,H2D15,Promotional/Marketing Messages,Retail Discount,[RETAIL_BRAND]: নির্বাচিত পণ্যে নির্বাচিত ছাড় চলছে। বিস্তারিত অফিসিয়াল স্টোর/অ্যাপে দেখুন। ব্যক্তিগত তথ্য বা গোপন কোড শেয়ার করবেন না।,legitimate,0,train,train,SMS,,Informational / Service Notice,,Marketing Service,Bangla,Bengali,Low,High,Synthetic; non-deployable,Redacted placeholder only,Redacted,False,Ready for human review,synthetic_generation,"Generated for legitimate/non-scam baseline in defensive phishing-detection research; no real phone numbers, account numbers, OTPs, PINs, or live URLs included.",BanglaPhish_Half2_H2D11-H2D15_Legitimate_v1.csv
H2D15_0018,BanglaPhish-2026,1.0,H2D15,Promotional/Marketing Messages,Retail Discount,[STORE_NAME] সেল নোটিস: নির্বাচিত পর্যন্ত ছাড়। কোনো গোপন কোড শেয়ার করার প্রয়োজন নেই। ব্যক্তিগত তথ্য বা গোপন কোড শেয়ার করবেন না।,legitimate,0,train,train,App Notification,,Informational / Service Notice,,Marketing Service,Bangla,Bengali,Low,High,Synthetic; non-deployable,Redacted placeholder only,Redacted,False,Ready for human review,synthetic_generation,"Generated for legitimate/non-scam baseline in defensive phishing-detection research; no real phone numbers, account numbers, OTPs, PINs, or live URLs included.",BanglaPhish_Half2_H2D11-H2D15_Legitimate_v1.csv
H2D15_0019,BanglaPhish-2026,1.0,H2D15,Promotional/Marketing Messages,Retail Discount,[RETAIL_BRAND]: নির্বাচিত পণ্যে ১৫% ছাড় চলছে। বিস্তারিত অফিসিয়াল স্টোর/অ্যাপে দেখুন। এটি একটি স্বয়ংক্রিয় তথ্য বার্তা।,legitimate,0,train,train,SMS,,Informational / Service Notice,,Marketing Service,Bangla,Bengali,Low,High,Synthetic; non-deployable,Redacted placeholder only,Redacted,False,Ready for human review,synthetic_generation,"Generated for legitimate/non-scam baseline in defensive phishing-detection research; no real phone numbers, account numbers, OTPs, PINs, or live URLs included.",BanglaPhish_Half2_H2D11-H2D15_Legitimate_v1.csv
H2D15_0027,BanglaPhish-2026,1.0,H2D15,Promotional/Marketing Messages,E-commerce Campaign,[ECOMMERCE_APP]: নতুন ক্যাম্পেইন শুরু হয়েছে। অর্ডার করার আগে অফিসিয়াল অ্যাপ যাচাই করুন। এটি একটি স্বয়ংক্রিয় তথ্য বার্তা।,legitimate,0,train,train,App Notification,,Informational / Service Notice,,Marketing Service,Bangla,Bengali,Low,High,Synthetic; non-deployable,Redacted placeholder only,Redacted,False,Ready for human review,synthetic_generation,"Generated for legitimate/non-scam baseline in defensive phishing-detection research; no real phone numbers, account numbers, OTPs, PINs, or live URLs included.",BanglaPhish_Half2_H2D11-H2D15_Legitimate_v1.csv
H2D15_0029,BanglaPhish-2026,1.0,H2D15,Promotional/Marketing Messages,E-commerce Campaign,[ECOMMERCE_APP] প্রোমো: নির্বাচিত ভাউচার [VOUCHER_CODE] অ্যাপে উপলব্ধ। এটি একটি স্বয়ংক্রিয় তথ্য বার্তা।,legitimate,0,train,train,Email,,Informational / Service Notice,,Marketing Service,Bangla,Bengali,Low,High,Synthetic; non-deployable,Redacted placeholder only,Redacted,False,Ready for human review,synthetic_generation,"Generated for legitimate/non-scam baseline in defensive phishing-detection research; no real phone numbers, account numbers, OTPs, PINs, or live URLs included.",BanglaPhish_Half2_H2D11-H2D15_Legitimate_v1.csv
H2D15_0030,BanglaPhish-2026,1.0,H2D15,Promotional/Marketing Messages,E-commerce Campaign,[ECOMMERCE_APP]: নতুন ক্যাম্পেইন শুরু হয়েছে। অর্ডার করার আগে অফিসিয়াল অ্যাপ যাচাই করুন। ব্যক্তিগত তথ্য বা গোপন কোড শেয়ার করবেন না।,legitimate,0,train,train,App Notification,,Informational / Service Notice,,Marketing Service,Bangla,Bengali,Low,High,Synthetic; non-deployable,Redacted placeholder only,Redacted,False,Ready for human review,synthetic_generation,"Generated for legitimate/non-scam baseline in defensive phishing-detection research; no real phone numbers, account numbers, OTPs, PINs, or live URLs included.",BanglaPhish_Half2_H2D11-H2D15_Legitimate_v1.csv
H2D15_0032,BanglaPhish-2026,1.0,H2D15,Promotional/Marketing Messages,E-commerce Campaign,[ECOMMERCE_APP] প্রোমো: নির্বাচিত ভাউচার [VOUCHER_CODE] অ্যাপে উপলব্ধ। ব্যক্তিগত তথ্য বা গোপন কোড শেয়ার করবেন না।,legitimate,0,train,train,Email,,Informational / Service Notice,,Marketing Service,Bangla,Bengali,Low,High,Synthetic; non-deployable,Redacted placeholder only,Redacted,False,Ready for human review,synthetic_generation,"Generated for legitimate/non-scam baseline in defensive phishing-detection research; no real phone numbers, account numbers, OTPs, PINs, or live URLs included.",BanglaPhish_Half2_H2D11-H2D15_Legitimate_v1.csv
H2D15_0033,BanglaPhish-2026,1.0,H2D15,Promotional/Marketing Messages,E-commerce Campaign,[ECOMMERCE_APP]: নতুন ক্যাম্পেইন শুরু হয়েছে। অর্ডার করার আগে অফিসিয়াল অ্যাপ যাচাই করুন। এটি একটি স্বয়ংক্রিয় তথ্য বার্তা।,legitimate,0,train,train,App Notification,,Informational / Service Notice,,Marketing Service,Bangla,Bengali,Low,High,Synthetic; non-deployable,Redacted placeholder only,Redacted,False,Ready for human review,synthetic_generation,"Generated for legitimate/non-scam baseline in defensive phishing-detection research; no real phone numbers, account numbers, OTPs, PINs, or live URLs included.",BanglaPhish_Half2_H2D11-H2D15_Legitimate_v1.csv
H2D15_0035,BanglaPhish-2026,1.0,H2D15,Promotional/Marketing Messages,E-commerce Campaign,[ECOMMERCE_APP] প্রোমো: নির্বাচিত ভাউচার [VOUCHER_CODE] অ্যাপে উপলব্ধ। এটি একটি স্বয়ংক্রিয় তথ্য বার্তা।,legitimate,0,train,train,Email,,Informational / Service Notice,,Marketing Service,Bangla,Bengali,Low,High,Synthetic; non-deployable,Redacted placeholder only,Redacted,False,Ready for human review,synthetic_generation,"Generated for legitimate/non-scam baseline in defensive phishing-detection research; no real phone numbers, account numbers, OTPs, PINs, or live URLs included.",BanglaPhish_Half2_H2D11-H2D15_Legitimate_v1.csv
H2D15_0036,BanglaPhish-2026,1.0,H2D15,Promotional/Marketing Messages,E-commerce Campaign,[ECOMMERCE_APP]: নতুন ক্যাম্পেইন শুরু হয়েছে। অর্ডার করার আগে অফিসিয়াল অ্যাপ যাচাই করুন। ব্যক্তিগত তথ্য বা গোপন কোড শেয়ার করবেন না।,legitimate,0,train,train,App Notification,,Informational / Service Notice,,Marketing Service,Bangla,Bengali,Low,High,Synthetic; non-deployable,Redacted placeholder only,Redacted,False,Ready for human review,synthetic_generation,"Generated for legitimate/non-scam baseline in defensive phishing-detection research; no real phone numbers, account numbers, OTPs, PINs, or live URLs included.",BanglaPhish_Half2_H2D11-H2D15_Legitimate_v1.csv
H2D15_0038,BanglaPhish-2026,1.0,H2D15,Promotional/Marketing Messages,E-commerce Campaign,[ECOMMERCE_APP] প্রোমো: নির্বাচিত ভাউচার [VOUCHER_CODE] অ্যাপে উপলব্ধ। ব্যক্তিগত তথ্য বা গোপন কোড শেয়ার করবেন না।,legitimate,0,train,train,Email,,Informational / Service Notice,,Marketing Service,Bangla,Bengali,Low,High,Synthetic; non-deployable,Redacted placeholder only,Redacted,False,Ready for human review,synthetic_generation,"Generated for legitimate/non-scam baseline in defensive phishing-detection research; no real phone numbers, account numbers, OTPs, PINs, or live URLs included.",BanglaPhish_Half2_H2D11-H2D15_Legitimate_v1.csv
H2D15_0039,BanglaPhish-2026,1.0,H2D15,Promotional/Marketing Messages,E-commerce Campaign,[ECOMMERCE_APP]: নতুন ক্যাম্পেইন শুরু হয়েছে। অর্ডার করার আগে অফিসিয়াল অ্যাপ যাচাই করুন। এটি একটি স্বয়ংক্রিয় তথ্য বার্তা।,legitimate,0,train,train,App Notification,,Informational / Service Notice,,Marketing Service,Bangla,Bengali,Low,High,Synthetic; non-deployable,Redacted placeholder only,Redacted,False,Ready for human review,synthetic_generation,"Generated for legitimate/non-scam baseline in defensive phishing-detection research; no real phone numbers, account numbers, OTPs, PINs, or live URLs included.",BanglaPhish_Half2_H2D11-H2D15_Legitimate_v1.csv
H2D15_0047,BanglaPhish-2026,1.0,H2D15,Promotional/Marketing Messages,Telecom Offer,[AIRLINE_NAME]: নতুন ডাটা প্যাক অফার উপলব্ধ। সক্রিয় করতে অফিসিয়াল অ্যাপ/USSD মেনু ব্যবহার করুন। এটি একটি স্বয়ংক্রিয় তথ্য বার্তা।,legitimate,0,train,train,Email,,Informational / Service Notice,,Marketing Service,Bangla,Bengali,Low,High,Synthetic; non-deployable,Redacted placeholder only,Redacted,False,Ready for human review,synthetic_generation,"Generated for legitimate/non-scam baseline in defensive phishing-detection research; no real phone numbers, account numbers, OTPs, PINs, or live URLs included.",BanglaPhish_Half2_H2D11-H2D15_Legitimate_v1.csv
H2D15_0048,BanglaPhish-2026,1.0,H2D15,Promotional/Marketing Messages,Telecom Offer,টেলিকম প্রোমো: প্রিমিয়াম প্যাকেজে বিশেষ সুবিধা। বিস্তারিত অফিসিয়াল চ্যানেলে দেখুন। ব্যক্তিগত তথ্য বা গোপন কোড শেয়ার করবেন না।,legitimate,0,train,train,App Notification,,Informational / Service Notice,,Marketing Service,Bangla,Bengali,Low,High,Synthetic; non-deployable,Redacted placeholder only,Redacted,False,Ready for human review,synthetic_generation,"Generated for legitimate/non-scam baseline in defensive phishing-detection research; no real phone numbers, account numbers, OTPs, PINs, or live URLs included.",BanglaPhish_Half2_H2D11-H2D15_Legitimate_v1.csv
H2D15_0049,BanglaPhish-2026,1.0,H2D15,Promotional/Marketing Messages,Telecom Offer,[TRANSPORT_OPERATOR] অফার নোটিস: ১৫% বোনাস সুবিধা নির্ধারিত সময় পর্যন্ত। এটি একটি স্বয়ংক্রিয় তথ্য বার্তা।,legitimate,0,train,train,SMS,,Informational / Service Notice,,Marketing Service,Bangla,Bengali,Low,High,Synthetic; non-deployable,Redacted placeholder only,Redacted,False,Ready for human review,synthetic_generation,"Generated for legitimate/non-scam baseline in defensive phishing-detection research; no real phone numbers, account numbers, OTPs, PINs, or live URLs included.",BanglaPhish_Half2_H2D11-H2D15_Legitimate_v1.csv
H2D15_0050,BanglaPhish-2026,1.0,H2D15,Promotional/Marketing Messages,Telecom Offer,[AIRLINE_NAME]: নতুন ডাটা প্যাক অফার উপলব্ধ। সক্রিয় করতে অফিসিয়াল অ্যাপ/USSD মেনু ব্যবহার করুন। ব্যক্তিগত তথ্য বা গোপন কোড শেয়ার করবেন না।,legitimate,0,train,train,Email,,Informational / Service Notice,,Marketing Service,Bangla,Bengali,Low,High,Synthetic; non-deployable,Redacted placeholder only,Redacted,False,Ready for human review,synthetic_generation,"Generated for legitimate/non-scam baseline in defensive phishing-detection research; no real phone numbers, account numbers, OTPs, PINs, or live URLs included.",BanglaPhish_Half2_H2D11-H2D15_Legitimate_v1.csv
H2D15_0051,BanglaPhish-2026,1.0,H2D15,Promotional/Marketing Messages,Telecom Offer,টেলিকম প্রোমো: মিনিট প্যাকেজে বিশেষ সুবিধা। বিস্তারিত অফিসিয়াল চ্যানেলে দেখুন। এটি একটি স্বয়ংক্রিয় তথ্য বার্তা।,legitimate,0,train,train,App Notification,,Informational / Service Notice,,Marketing Service,Bangla,Bengali,Low,High,Synthetic; non-deployable,Redacted placeholder only,Redacted,False,Ready for human review,synthetic_generation,"Generated for legitimate/non-scam baseline in defensive phishing-detection research; no real phone numbers, account numbers, OTPs, PINs, or live URLs included.",BanglaPhish_Half2_H2D11-H2D15_Legitimate_v1.csv
H2D15_0052,BanglaPhish-2026,1.0,H2D15,Promotional/Marketing Messages,Telecom Offer,[TRANSPORT_OPERATOR] অফার নোটিস: নির্বাচিত বোনাস সুবিধা নির্ধারিত সময় পর্যন্ত। ব্যক্তিগত তথ্য বা গোপন কোড শেয়ার করবেন না।,legitimate,0,train,train,SMS,,Informational / Service Notice,,Marketing Service,Bangla,Bengali,Low,High,Synthetic; non-deployable,Redacted placeholder only,Redacted,False,Ready for human review,synthetic_generation,"Generated for legitimate/non-scam baseline in defensive phishing-detection research; no real phone numbers, account numbers, OTPs, PINs, or live URLs included.",BanglaPhish_Half2_H2D11-H2D15_Legitimate_v1.csv
H2D15_0053,BanglaPhish-2026,1.0,H2D15,Promotional/Marketing Messages,Telecom Offer,[AIRLINE_NAME]: নতুন ডাটা প্যাক অফার উপলব্ধ। সক্রিয় করতে অফিসিয়াল অ্যাপ/USSD মেনু ব্যবহার করুন। এটি একটি স্বয়ংক্রিয় তথ্য বার্তা।,legitimate,0,train,train,Email,,Informational / Service Notice,,Marketing Service,Bangla,Bengali,Low,High,Synthetic; non-deployable,Redacted placeholder only,Redacted,False,Ready for human review,synthetic_generation,"Generated for legitimate/non-scam baseline in defensive phishing-detection research; no real phone numbers, account numbers, OTPs, PINs, or live URLs included.",BanglaPhish_Half2_H2D11-H2D15_Legitimate_v1.csv
H2D15_0054,BanglaPhish-2026,1.0,H2D15,Promotional/Marketing Messages,Telecom Offer,টেলিকম প্রোমো: প্রিমিয়াম প্যাকেজে বিশেষ সুবিধা। বিস্তারিত অফিসিয়াল চ্যানেলে দেখুন। ব্যক্তিগত তথ্য বা গোপন কোড শেয়ার করবেন না।,legitimate,0,train,train,App Notification,,Informational / Service Notice,,Marketing Service,Bangla,Bengali,Low,High,Synthetic; non-deployable,Redacted placeholder only,Redacted,False,Ready for human review,synthetic_generation,"Generated for legitimate/non-scam baseline in defensive phishing-detection research; no real phone numbers, account numbers, OTPs, PINs, or live URLs included.",BanglaPhish_Half2_H2D11-H2D15_Legitimate_v1.csv
H2D15_0055,BanglaPhish-2026,1.0,H2D15,Promotional/Marketing Messages,Telecom Offer,[TRANSPORT_OPERATOR] অফার নোটিস: ১৫% বোনাস সুবিধা নির্ধারিত সময় পর্যন্ত। এটি একটি স্বয়ংক্রিয় তথ্য বার্তা।,legitimate,0,train,train,SMS,,Informational / Service Notice,,Marketing Service,Bangla,Bengali,Low,High,Synthetic; non-deployable,Redacted placeholder only,Redacted,False,Ready for human review,synthetic_generation,"Generated for legitimate/non-scam baseline in defensive phishing-detection research; no real phone numbers, account numbers, OTPs, PINs, or live URLs included.",BanglaPhish_Half2_H2D11-H2D15_Legitimate_v1.csv
H2D15_0056,BanglaPhish-2026,1.0,H2D15,Promotional/Marketing Messages,Telecom Offer,[AIRLINE_NAME]: নতুন ডাটা প্যাক অফার উপলব্ধ। সক্রিয় করতে অফিসিয়াল অ্যাপ/USSD মেনু ব্যবহার করুন। ব্যক্তিগত তথ্য বা গোপন কোড শেয়ার করবেন না।,legitimate,0,train,train,Email,,Informational / Service Notice,,Marketing Service,Bangla,Bengali,Low,High,Synthetic; non-deployable,Redacted placeholder only,Redacted,False,Ready for human review,synthetic_generation,"Generated for legitimate/non-scam baseline in defensive phishing-detection research; no real phone numbers, account numbers, OTPs, PINs, or live URLs included.",BanglaPhish_Half2_H2D11-H2D15_Legitimate_v1.csv
H2D15_0057,BanglaPhish-2026,1.0,H2D15,Promotional/Marketing Messages,Telecom Offer,টেলিকম প্রোমো: মিনিট প্যাকেজে বিশেষ সুবিধা। বিস্তারিত অফিসিয়াল চ্যানেলে দেখুন। এটি একটি স্বয়ংক্রিয় তথ্য বার্তা।,legitimate,0,train,train,App Notification,,Informational / Service Notice,,Marketing Service,Bangla,Bengali,Low,High,Synthetic; non-deployable,Redacted placeholder only,Redacted,False,Ready for human review,synthetic_generation,"Generated for legitimate/non-scam baseline in defensive phishing-detection research; no real phone numbers, account numbers, OTPs, PINs, or live URLs included.",BanglaPhish_Half2_H2D11-H2D15_Legitimate_v1.csv
H2D15_0058,BanglaPhish-2026,1.0,H2D15,Promotional/Marketing Messages,Telecom Offer,[TRANSPORT_OPERATOR] অফার নোটিস: নির্বাচিত বোনাস সুবিধা নির্ধারিত সময় পর্যন্ত। ব্যক্তিগত তথ্য বা গোপন কোড শেয়ার করবেন না।,legitimate,0,train,train,SMS,,Informational / Service Notice,,Marketing Service,Bangla,Bengali,Low,High,Synthetic; non-deployable,Redacted placeholder only,Redacted,False,Ready for human review,synthetic_generation,"Generated for legitimate/non-scam baseline in defensive phishing-detection research; no real phone numbers, account numbers, OTPs, PINs, or live URLs included.",BanglaPhish_Half2_H2D11-H2D15_Legitimate_v1.csv
H2D15_0059,BanglaPhish-2026,1.0,H2D15,Promotional/Marketing Messages,Telecom Offer,[AIRLINE_NAME]: নতুন ডাটা প্যাক অফার উপলব্ধ। সক্রিয় করতে অফিসিয়াল অ্যাপ/USSD মেনু ব্যবহার করুন। এটি একটি স্বয়ংক্রিয় তথ্য বার্তা।,legitimate,0,train,train,Email,,Informational / Service Notice,,Marketing Service,Bangla,Bengali,Low,High,Synthetic; non-deployable,Redacted placeholder only,Redacted,False,Ready for human review,synthetic_generation,"Generated for legitimate/non-scam baseline in defensive phishing-detection research; no real phone numbers, account numbers, OTPs, PINs, or live URLs included.",BanglaPhish_Half2_H2D11-H2D15_Legitimate_v1.csv
H2D15_0060,BanglaPhish-2026,1.0,H2D15,Promotional/Marketing Messages,Telecom Offer,টেলিকম প্রোমো: প্রিমিয়াম প্যাকেজে বিশেষ সুবিধা। বিস্তারিত অফিসিয়াল চ্যানেলে দেখুন। ব্যক্তিগত তথ্য বা গোপন কোড শেয়ার করবেন না।,legitimate,0,train,train,App Notification,,Informational / Service Notice,,Marketing Service,Bangla,Bengali,Low,High,Synthetic; non-deployable,Redacted placeholder only,Redacted,False,Ready for human review,synthetic_generation,"Generated for legitimate/non-scam baseline in defensive phishing-detection research; no real phone numbers, account numbers, OTPs, PINs, or live URLs included.",BanglaPhish_Half2_H2D11-H2D15_Legitimate_v1.csv
H2D15_0067,BanglaPhish-2026,1.0,H2D15,Promotional/Marketing Messages,Food Delivery Promo,[DELIVERY_APP]: নির্বাচিত রেস্টুরেন্টে ১৫% অফার চলছে। শর্তাবলি অফিসিয়াল অ্যাপে দেখুন। এটি একটি স্বয়ংক্রিয় তথ্য বার্তা।,legitimate,0,train,train,SMS,,Informational / Service Notice,,Marketing Service,Bangla,Bengali,Low,High,Synthetic; non-deployable,Redacted placeholder only,Redacted,False,Ready for human review,synthetic_generation,"Generated for legitimate/non-scam baseline in defensive phishing-detection research; no real phone numbers, account numbers, OTPs, PINs, or live URLs included.",BanglaPhish_Half2_H2D11-H2D15_Legitimate_v1.csv
H2D15_0068,BanglaPhish-2026,1.0,H2D15,Promotional/Marketing Messages,Food Delivery Promo,ফুড প্রোমো: রাজশাহী এলাকায় ডেলিভারি অফার উপলব্ধ। ব্যক্তিগত তথ্য বা গোপন কোড শেয়ার করবেন না।,legitimate,0,train,train,Email,,Informational / Service Notice,,Marketing Service,Bangla,Bengali,Low,High,Synthetic; non-deployable,Redacted placeholder only,Redacted,False,Ready for human review,synthetic_generation,"Generated for legitimate/non-scam baseline in defensive phishing-detection research; no real phone numbers, account numbers, OTPs, PINs, or live URLs included.",BanglaPhish_Half2_H2D11-H2D15_Legitimate_v1.csv
H2D15_0069,BanglaPhish-2026,1.0,H2D15,Promotional/Marketing Messages,Food Delivery Promo,[DELIVERY_APP] ভাউচার [VOUCHER_CODE] আপনার অ্যাকাউন্টে যোগ হয়েছে। এটি একটি স্বয়ংক্রিয় তথ্য বার্তা।,legitimate,0,train,train,App Notification,,Informational / Service Notice,,Marketing Service,Bangla,Bengali,Low,High,Synthetic; non-deployable,Redacted placeholder only,Redacted,False,Ready for human review,synthetic_generation,"Generated for legitimate/non-scam baseline in defensive phishing-detection research; no real phone numbers, account numbers, OTPs, PINs, or live URLs included.",BanglaPhish_Half2_H2D11-H2D15_Legitimate_v1.csv
H2D15_0070,BanglaPhish-2026,1.0,H2D15,Promotional/Marketing Messages,Food Delivery Promo,[DELIVERY_APP]: নির্বাচিত রেস্টুরেন্টে নির্বাচিত অফার চলছে। শর্তাবলি অফিসিয়াল অ্যাপে দেখুন। ব্যক্তিগত তথ্য বা গোপন কোড শেয়ার করবেন না।,legitimate,0,train,train,SMS,,Informational / Service Notice,,Marketing Service,Bangla,Bengali,Low,High,Synthetic; non-deployable,Redacted placeholder only,Redacted,False,Ready for human review,synthetic_generation,"Generated for legitimate/non-scam baseline in defensive phishing-detection research; no real phone numbers, account numbers, OTPs, PINs, or live URLs included.",BanglaPhish_Half2_H2D11-H2D15_Legitimate_v1.csv
H2D15_0071,BanglaPhish-2026,1.0,H2D15,Promotional/Marketing Messages,Food Delivery Promo,ফুড প্রোমো: রাজশাহী এলাকায় ডেলিভারি অফার উপলব্ধ। এটি একটি স্বয়ংক্রিয় তথ্য বার্তা।,legitimate,0,train,train,Email,,Informational / Service Notice,,Marketing Service,Bangla,Bengali,Low,High,Synthetic; non-deployable,Redacted placeholder only,Redacted,False,Ready for human review,synthetic_generation,"Generated for legitimate/non-scam baseline in defensive phishing-detection research; no real phone numbers, account numbers, OTPs, PINs, or live URLs included.",BanglaPhish_Half2_H2D11-H2D15_Legitimate_v1.csv
H2D15_0072,BanglaPhish-2026,1.0,H2D15,Promotional/Marketing Messages,Food Delivery Promo,[DELIVERY_APP] ভাউচার [VOUCHER_CODE] আপনার অ্যাকাউন্টে যোগ হয়েছে। ব্যক্তিগত তথ্য বা গোপন কোড শেয়ার করবেন না।,legitimate,0,train,train,App Notification,,Informational / Service Notice,,Marketing Service,Bangla,Bengali,Low,High,Synthetic; non-deployable,Redacted placeholder only,Redacted,False,Ready for human review,synthetic_generation,"Generated for legitimate/non-scam baseline in defensive phishing-detection research; no real phone numbers, account numbers, OTPs, PINs, or live URLs included.",BanglaPhish_Half2_H2D11-H2D15_Legitimate_v1.csv
H2D15_0073,BanglaPhish-2026,1.0,H2D15,Promotional/Marketing Messages,Food Delivery Promo,[DELIVERY_APP]: নির্বাচিত রেস্টুরেন্টে ১৫% অফার চলছে। শর্তাবলি অফিসিয়াল অ্যাপে দেখুন। এটি একটি স্বয়ংক্রিয় তথ্য বার্তা।,legitimate,0,train,train,SMS,,Informational / Service Notice,,Marketing Service,Bangla,Bengali,Low,High,Synthetic; non-deployable,Redacted placeholder only,Redacted,False,Ready for human review,synthetic_generation,"Generated for legitimate/non-scam baseline in defensive phishing-detection research; no real phone numbers, account numbers, OTPs, PINs, or live URLs included.",BanglaPhish_Half2_H2D11-H2D15_Legitimate_v1.csv
H2D15_0074,BanglaPhish-2026,1.0,H2D15,Promotional/Marketing Messages,Food Delivery Promo,ফুড প্রোমো: রাজশাহী এলাকায় ডেলিভারি অফার উপলব্ধ। ব্যক্তিগত তথ্য বা গোপন কোড শেয়ার করবেন না।,legitimate,0,train,train,Email,,Informational / Service Notice,,Marketing Service,Bangla,Bengali,Low,High,Synthetic; non-deployable,Redacted placeholder only,Redacted,False,Ready for human review,synthetic_generation,"Generated for legitimate/non-scam baseline in defensive phishing-detection research; no real phone numbers, account numbers, OTPs, PINs, or live URLs included.",BanglaPhish_Half2_H2D11-H2D15_Legitimate_v1.csv
H2D15_0075,BanglaPhish-2026,1.0,H2D15,Promotional/Marketing Messages,Food Delivery Promo,[DELIVERY_APP] ভাউচার [VOUCHER_CODE] আপনার অ্যাকাউন্টে যোগ হয়েছে। এটি একটি স্বয়ংক্রিয় তথ্য বার্তা।,legitimate,0,train,train,App Notification,,Informational / Service Notice,,Marketing Service,Bangla,Bengali,Low,High,Synthetic; non-deployable,Redacted placeholder only,Redacted,False,Ready for human review,synthetic_generation,"Generated for legitimate/non-scam baseline in defensive phishing-detection research; no real phone numbers, account numbers, OTPs, PINs, or live URLs included.",BanglaPhish_Half2_H2D11-H2D15_Legitimate_v1.csv
H2D15_0076,BanglaPhish-2026,1.0,H2D15,Promotional/Marketing Messages,Food Delivery Promo,[DELIVERY_APP]: নির্বাচিত রেস্টুরেন্টে নির্বাচিত অফার চলছে। শর্তাবলি অফিসিয়াল অ্যাপে দেখুন। ব্যক্তিগত তথ্য বা গোপন কোড শেয়ার করবেন না।,legitimate,0,train,train,SMS,,Informational / Service Notice,,Marketing Service,Bangla,Bengali,Low,High,Synthetic; non-deployable,Redacted placeholder only,Redacted,False,Ready for human review,synthetic_generation,"Generated for legitimate/non-scam baseline in defensive phishing-detection research; no real phone numbers, account numbers, OTPs, PINs, or live URLs included.",BanglaPhish_Half2_H2D11-H2D15_Legitimate_v1.csv
H2D15_0077,BanglaPhish-2026,1.0,H2D15,Promotional/Marketing Messages,Food Delivery Promo,ফুড প্রোমো: রাজশাহী এলাকায় ডেলিভারি অফার উপলব্ধ। এটি একটি স্বয়ংক্রিয় তথ্য বার্তা।,legitimate,0,train,train,Email,,Informational / Service Notice,,Marketing Service,Bangla,Bengali,Low,High,Synthetic; non-deployable,Redacted placeholder only,Redacted,False,Ready for human review,synthetic_generation,"Generated for legitimate/non-scam baseline in defensive phishing-detection research; no real phone numbers, account numbers, OTPs, PINs, or live URLs included.",BanglaPhish_Half2_H2D11-H2D15_Legitimate_v1.csv
H2D15_0078,BanglaPhish-2026,1.0,H2D15,Promotional/Marketing Messages,Food Delivery Promo,[DELIVERY_APP] ভাউচার [VOUCHER_CODE] আপনার অ্যাকাউন্টে যোগ হয়েছে। ব্যক্তিগত তথ্য বা গোপন কোড শেয়ার করবেন না।,legitimate,0,train,train,App Notification,,Informational / Service Notice,,Marketing Service,Bangla,Bengali,Low,High,Synthetic; non-deployable,Redacted placeholder only,Redacted,False,Ready for human review,synthetic_generation,"Generated for legitimate/non-scam baseline in defensive phishing-detection research; no real phone numbers, account numbers, OTPs, PINs, or live URLs included.",BanglaPhish_Half2_H2D11-H2D15_Legitimate_v1.csv
H2D15_0079,BanglaPhish-2026,1.0,H2D15,Promotional/Marketing Messages,Food Delivery Promo,[DELIVERY_APP]: নির্বাচিত রেস্টুরেন্টে ১৫% অফার চলছে। শর্তাবলি অফিসিয়াল অ্যাপে দেখুন। এটি একটি স্বয়ংক্রিয় তথ্য বার্তা।,legitimate,0,train,train,SMS,,Informational / Service Notice,,Marketing Service,Bangla,Bengali,Low,High,Synthetic; non-deployable,Redacted placeholder only,Redacted,False,Ready for human review,synthetic_generation,"Generated for legitimate/non-scam baseline in defensive phishing-detection research; no real phone numbers, account numbers, OTPs, PINs, or live URLs included.",BanglaPhish_Half2_H2D11-H2D15_Legitimate_v1.csv
H2D15_0080,BanglaPhish-2026,1.0,H2D15,Promotional/Marketing Messages,Food Delivery Promo,ফুড প্রোমো: রাজশাহী এলাকায় ডেলিভারি অফার উপলব্ধ। ব্যক্তিগত তথ্য বা গোপন কোড শেয়ার করবেন না।,legitimate,0,train,train,Email,,Informational / Service Notice,,Marketing Service,Bangla,Bengali,Low,High,Synthetic; non-deployable,Redacted placeholder only,Redacted,False,Ready for human review,synthetic_generation,"Generated for legitimate/non-scam baseline in defensive phishing-detection research; no real phone numbers, account numbers, OTPs, PINs, or live URLs included.",BanglaPhish_Half2_H2D11-H2D15_Legitimate_v1.csv
H2D15_0087,BanglaPhish-2026,1.0,H2D15,Promotional/Marketing Messages,Bank/Card Promotion,[CARD_ISSUER]: নির্বাচিত মার্চেন্টে কার্ড অফার উপলব্ধ। বিস্তারিত অফিসিয়াল ব্যাংক পোর্টালে দেখুন। এটি একটি স্বয়ংক্রিয় তথ্য বার্তা।,legitimate,0,train,train,App Notification,,Informational / Service Notice,,Marketing Service,Bangla,Bengali,Low,High,Synthetic; non-deployable,Redacted placeholder only,Redacted,False,Ready for human review,synthetic_generation,"Generated for legitimate/non-scam baseline in defensive phishing-detection research; no real phone numbers, account numbers, OTPs, PINs, or live URLs included.",BanglaPhish_Half2_H2D11-H2D15_Legitimate_v1.csv
H2D15_0089,BanglaPhish-2026,1.0,H2D15,Promotional/Marketing Messages,Bank/Card Promotion,[CARD_ISSUER] অফার: নির্ধারিত সময়ে লেনদেনে ক্যাশব্যাক প্রযোজ্য হতে পারে। এটি একটি স্বয়ংক্রিয় তথ্য বার্তা।,legitimate,0,train,train,Email,,Informational / Service Notice,,Marketing Service,Bangla,Bengali,Low,High,Synthetic; non-deployable,Redacted placeholder only,Redacted,False,Ready for human review,synthetic_generation,"Generated for legitimate/non-scam baseline in defensive phishing-detection research; no real phone numbers, account numbers, OTPs, PINs, or live URLs included.",BanglaPhish_Half2_H2D11-H2D15_Legitimate_v1.csv
H2D15_0090,BanglaPhish-2026,1.0,H2D15,Promotional/Marketing Messages,Bank/Card Promotion,[CARD_ISSUER]: নির্বাচিত মার্চেন্টে কার্ড অফার উপলব্ধ। বিস্তারিত অফিসিয়াল ব্যাংক পোর্টালে দেখুন। ব্যক্তিগত তথ্য বা গোপন কোড শেয়ার করবেন না।,legitimate,0,train,train,App Notification,,Informational / Service Notice,,Marketing Service,Bangla,Bengali,Low,High,Synthetic; non-deployable,Redacted placeholder only,Redacted,False,Ready for human review,synthetic_generation,"Generated for legitimate/non-scam baseline in defensive phishing-detection research; no real phone numbers, account numbers, OTPs, PINs, or live URLs included.",BanglaPhish_Half2_H2D11-H2D15_Legitimate_v1.csv
H2D15_0092,BanglaPhish-2026,1.0,H2D15,Promotional/Marketing Messages,Bank/Card Promotion,[CARD_ISSUER] অফার: নির্ধারিত সময়ে লেনদেনে ক্যাশব্যাক প্রযোজ্য হতে পারে। ব্যক্তিগত তথ্য বা গোপন কোড শেয়ার করবেন না।,legitimate,0,train,train,Email,,Informational / Service Notice,,Marketing Service,Bangla,Bengali,Low,High,Synthetic; non-deployable,Redacted placeholder only,Redacted,False,Ready for human review,synthetic_generation,"Generated for legitimate/non-scam baseline in defensive phishing-detection research; no real phone numbers, account numbers, OTPs, PINs, or live URLs included.",BanglaPhish_Half2_H2D11-H2D15_Legitimate_v1.csv
H2D15_0093,BanglaPhish-2026,1.0,H2D15,Promotional/Marketing Messages,Bank/Card Promotion,[CARD_ISSUER]: নির্বাচিত মার্চেন্টে কার্ড অফার উপলব্ধ। বিস্তারিত অফিসিয়াল ব্যাংক পোর্টালে দেখুন। এটি একটি স্বয়ংক্রিয় তথ্য বার্তা।,legitimate,0,train,train,App Notification,,Informational / Service Notice,,Marketing Service,Bangla,Bengali,Low,High,Synthetic; non-deployable,Redacted placeholder only,Redacted,False,Ready for human review,synthetic_generation,"Generated for legitimate/non-scam baseline in defensive phishing-detection research; no real phone numbers, account numbers, OTPs, PINs, or live URLs included.",BanglaPhish_Half2_H2D11-H2D15_Legitimate_v1.csv
H2D15_0095,BanglaPhish-2026,1.0,H2D15,Promotional/Marketing Messages,Bank/Card Promotion,[CARD_ISSUER] অফার: নির্ধারিত সময়ে লেনদেনে ক্যাশব্যাক প্রযোজ্য হতে পারে। এটি একটি স্বয়ংক্রিয় তথ্য বার্তা।,legitimate,0,train,train,Email,,Informational / Service Notice,,Marketing Service,Bangla,Bengali,Low,High,Synthetic; non-deployable,Redacted placeholder only,Redacted,False,Ready for human review,synthetic_generation,"Generated for legitimate/non-scam baseline in defensive phishing-detection research; no real phone numbers, account numbers, OTPs, PINs, or live URLs included.",BanglaPhish_Half2_H2D11-H2D15_Legitimate_v1.csv
H2D15_0096,BanglaPhish-2026,1.0,H2D15,Promotional/Marketing Messages,Bank/Card Promotion,[CARD_ISSUER]: নির্বাচিত মার্চেন্টে কার্ড অফার উপলব্ধ। বিস্তারিত অফিসিয়াল ব্যাংক পোর্টালে দেখুন। ব্যক্তিগত তথ্য বা গোপন কোড শেয়ার করবেন না।,legitimate,0,train,train,App Notification,,Informational / Service Notice,,Marketing Service,Bangla,Bengali,Low,High,Synthetic; non-deployable,Redacted placeholder only,Redacted,False,Ready for human review,synthetic_generation,"Generated for legitimate/non-scam baseline in defensive phishing-detection research; no real phone numbers, account numbers, OTPs, PINs, or live URLs included.",BanglaPhish_Half2_H2D11-H2D15_Legitimate_v1.csv
H2D15_0098,BanglaPhish-2026,1.0,H2D15,Promotional/Marketing Messages,Bank/Card Promotion,[CARD_ISSUER] অফার: নির্ধারিত সময়ে লেনদেনে ক্যাশব্যাক প্রযোজ্য হতে পারে। ব্যক্তিগত তথ্য বা গোপন কোড শেয়ার করবেন না।,legitimate,0,train,train,Email,,Informational / Service Notice,,Marketing Service,Bangla,Bengali,Low,High,Synthetic; non-deployable,Redacted placeholder only,Redacted,False,Ready for human review,synthetic_generation,"Generated for legitimate/non-scam baseline in defensive phishing-detection research; no real phone numbers, account numbers, OTPs, PINs, or live URLs included.",BanglaPhish_Half2_H2D11-H2D15_Legitimate_v1.csv
H2D15_0099,BanglaPhish-2026,1.0,H2D15,Promotional/Marketing Messages,Bank/Card Promotion,[CARD_ISSUER]: নির্বাচিত মার্চেন্টে কার্ড অফার উপলব্ধ। বিস্তারিত অফিসিয়াল ব্যাংক পোর্টালে দেখুন। এটি একটি স্বয়ংক্রিয় তথ্য বার্তা।,legitimate,0,train,train,App Notification,,Informational / Service Notice,,Marketing Service,Bangla,Bengali,Low,High,Synthetic; non-deployable,Redacted placeholder only,Redacted,False,Ready for human review,synthetic_generation,"Generated for legitimate/non-scam baseline in defensive phishing-detection research; no real phone numbers, account numbers, OTPs, PINs, or live URLs included.",BanglaPhish_Half2_H2D11-H2D15_Legitimate_v1.csv
H2D15_0107,BanglaPhish-2026,1.0,H2D15,Promotional/Marketing Messages,Loyalty Points Notice,আপনার লয়্যালটি পয়েন্ট ব্যালেন্স আপডেট হয়েছে। পয়েন্ট: [POINTS]। বিস্তারিত অফিসিয়াল অ্যাপে। এটি একটি স্বয়ংক্রিয় তথ্য বার্তা।,legitimate,0,train,train,Email,,Informational / Service Notice,,Marketing Service,Bangla,Bengali,Low,High,Synthetic; non-deployable,Redacted placeholder only,Redacted,False,Ready for human review,synthetic_generation,"Generated for legitimate/non-scam baseline in defensive phishing-detection research; no real phone numbers, account numbers, OTPs, PINs, or live URLs included.",BanglaPhish_Half2_H2D11-H2D15_Legitimate_v1.csv
H2D15_0108,BanglaPhish-2026,1.0,H2D15,Promotional/Marketing Messages,Loyalty Points Notice,[RETAIL_BRAND]: রিওয়ার্ড পয়েন্ট ব্যবহারের নতুন অফার প্রকাশিত হয়েছে। ব্যক্তিগত তথ্য বা গোপন কোড শেয়ার করবেন না।,legitimate,0,train,train,App Notification,,Informational / Service Notice,,Marketing Service,Bangla,Bengali,Low,High,Synthetic; non-deployable,Redacted placeholder only,Redacted,False,Ready for human review,synthetic_generation,"Generated for legitimate/non-scam baseline in defensive phishing-detection research; no real phone numbers, account numbers, OTPs, PINs, or live URLs included.",BanglaPhish_Half2_H2D11-H2D15_Legitimate_v1.csv
H2D15_0109,BanglaPhish-2026,1.0,H2D15,Promotional/Marketing Messages,Loyalty Points Notice,লয়্যালটি নোটিস: [POINTS] পয়েন্ট নির্ধারিত শর্তে ব্যবহারযোগ্য। এটি একটি স্বয়ংক্রিয় তথ্য বার্তা।,legitimate,0,train,train,SMS,,Informational / Service Notice,,Marketing Service,Bangla,Bengali,Low,High,Synthetic; non-deployable,Redacted placeholder only,Redacted,False,Ready for human review,synthetic_generation,"Generated for legitimate/non-scam baseline in defensive phishing-detection research; no real phone numbers, account numbers, OTPs, PINs, or live URLs included.",BanglaPhish_Half2_H2D11-H2D15_Legitimate_v1.csv
H2D15_0110,BanglaPhish-2026,1.0,H2D15,Promotional/Marketing Messages,Loyalty Points Notice,আপনার লয়্যালটি পয়েন্ট ব্যালেন্স আপডেট হয়েছে। পয়েন্ট: [POINTS]। বিস্তারিত অফিসিয়াল অ্যাপে। ব্যক্তিগত তথ্য বা গোপন কোড শেয়ার করবেন না।,legitimate,0,train,train,Email,,Informational / Service Notice,,Marketing Service,Bangla,Bengali,Low,High,Synthetic; non-deployable,Redacted placeholder only,Redacted,False,Ready for human review,synthetic_generation,"Generated for legitimate/non-scam baseline in defensive phishing-detection research; no real phone numbers, account numbers, OTPs, PINs, or live URLs included.",BanglaPhish_Half2_H2D11-H2D15_Legitimate_v1.csv
H2D15_0111,BanglaPhish-2026,1.0,H2D15,Promotional/Marketing Messages,Loyalty Points Notice,[RETAIL_BRAND]: রিওয়ার্ড পয়েন্ট ব্যবহারের নতুন অফার প্রকাশিত হয়েছে। এটি একটি স্বয়ংক্রিয় তথ্য বার্তা।,legitimate,0,train,train,App Notification,,Informational / Service Notice,,Marketing Service,Bangla,Bengali,Low,High,Synthetic; non-deployable,Redacted placeholder only,Redacted,False,Ready for human review,synthetic_generation,"Generated for legitimate/non-scam baseline in defensive phishing-detection research; no real phone numbers, account numbers, OTPs, PINs, or live URLs included.",BanglaPhish_Half2_H2D11-H2D15_Legitimate_v1.csv
H2D15_0112,BanglaPhish-2026,1.0,H2D15,Promotional/Marketing Messages,Loyalty Points Notice,লয়্যালটি নোটিস: [POINTS] পয়েন্ট নির্ধারিত শর্তে ব্যবহারযোগ্য। ব্যক্তিগত তথ্য বা গোপন কোড শেয়ার করবেন না।,legitimate,0,train,train,SMS,,Informational / Service Notice,,Marketing Service,Bangla,Bengali,Low,High,Synthetic; non-deployable,Redacted placeholder only,Redacted,False,Ready for human review,synthetic_generation,"Generated for legitimate/non-scam baseline in defensive phishing-detection research; no real phone numbers, account numbers, OTPs, PINs, or live URLs included.",BanglaPhish_Half2_H2D11-H2D15_Legitimate_v1.csv
H2D15_0113,BanglaPhish-2026,1.0,H2D15,Promotional/Marketing Messages,Loyalty Points Notice,আপনার লয়্যালটি পয়েন্ট ব্যালেন্স আপডেট হয়েছে। পয়েন্ট: [POINTS]। বিস্তারিত অফিসিয়াল অ্যাপে। এটি একটি স্বয়ংক্রিয় তথ্য বার্তা।,legitimate,0,train,train,Email,,Informational / Service Notice,,Marketing Service,Bangla,Bengali,Low,High,Synthetic; non-deployable,Redacted placeholder only,Redacted,False,Ready for human review,synthetic_generation,"Generated for legitimate/non-scam baseline in defensive phishing-detection research; no real phone numbers, account numbers, OTPs, PINs, or live URLs included.",BanglaPhish_Half2_H2D11-H2D15_Legitimate_v1.csv
H2D15_0114,BanglaPhish-2026,1.0,H2D15,Promotional/Marketing Messages,Loyalty Points Notice,[RETAIL_BRAND]: রিওয়ার্ড পয়েন্ট ব্যবহারের নতুন অফার প্রকাশিত হয়েছে। ব্যক্তিগত তথ্য বা গোপন কোড শেয়ার করবেন না।,legitimate,0,train,train,App Notification,,Informational / Service Notice,,Marketing Service,Bangla,Bengali,Low,High,Synthetic; non-deployable,Redacted placeholder only,Redacted,False,Ready for human review,synthetic_generation,"Generated for legitimate/non-scam baseline in defensive phishing-detection research; no real phone numbers, account numbers, OTPs, PINs, or live URLs included.",BanglaPhish_Half2_H2D11-H2D15_Legitimate_v1.csv
H2D15_0115,BanglaPhish-2026,1.0,H2D15,Promotional/Marketing Messages,Loyalty Points Notice,লয়্যালটি নোটিস: [POINTS] পয়েন্ট নির্ধারিত শর্তে ব্যবহারযোগ্য। এটি একটি স্বয়ংক্রিয় তথ্য বার্তা।,legitimate,0,train,train,SMS,,Informational / Service Notice,,Marketing Service,Bangla,Bengali,Low,High,Synthetic; non-deployable,Redacted placeholder only,Redacted,False,Ready for human review,synthetic_generation,"Generated for legitimate/non-scam baseline in defensive phishing-detection research; no real phone numbers, account numbers, OTPs, PINs, or live URLs included.",BanglaPhish_Half2_H2D11-H2D15_Legitimate_v1.csv
H2D15_0116,BanglaPhish-2026,1.0,H2D15,Promotional/Marketing Messages,Loyalty Points Notice,আপনার লয়্যালটি পয়েন্ট ব্যালেন্স আপডেট হয়েছে। পয়েন্ট: [POINTS]। বিস্তারিত অফিসিয়াল অ্যাপে। ব্যক্তিগত তথ্য বা গোপন কোড শেয়ার করবেন না।,legitimate,0,train,train,Email,,Informational / Service Notice,,Marketing Service,Bangla,Bengali,Low,High,Synthetic; non-deployable,Redacted placeholder only,Redacted,False,Ready for human review,synthetic_generation,"Generated for legitimate/non-scam baseline in defensive phishing-detection research; no real phone numbers, account numbers, OTPs, PINs, or live URLs included.",BanglaPhish_Half2_H2D11-H2D15_Legitimate_v1.csv
H2D15_0117,BanglaPhish-2026,1.0,H2D15,Promotional/Marketing Messages,Loyalty Points Notice,[RETAIL_BRAND]: রিওয়ার্ড পয়েন্ট ব্যবহারের নতুন অফার প্রকাশিত হয়েছে। এটি একটি স্বয়ংক্রিয় তথ্য বার্তা।,legitimate,0,train,train,App Notification,,Informational / Service Notice,,Marketing Service,Bangla,Bengali,Low,High,Synthetic; non-deployable,Redacted placeholder only,Redacted,False,Ready for human review,synthetic_generation,"Generated for legitimate/non-scam baseline in defensive phishing-detection research; no real phone numbers, account numbers, OTPs, PINs, or live URLs included.",BanglaPhish_Half2_H2D11-H2D15_Legitimate_v1.csv
H2D15_0118,BanglaPhish-2026,1.0,H2D15,Promotional/Marketing Messages,Loyalty Points Notice,লয়্যালটি নোটিস: [POINTS] পয়েন্ট নির্ধারিত শর্তে ব্যবহারযোগ্য। ব্যক্তিগত তথ্য বা গোপন কোড শেয়ার করবেন না।,legitimate,0,train,train,SMS,,Informational / Service Notice,,Marketing Service,Bangla,Bengali,Low,High,Synthetic; non-deployable,Redacted placeholder only,Redacted,False,Ready for human review,synthetic_generation,"Generated for legitimate/non-scam baseline in defensive phishing-detection research; no real phone numbers, account numbers, OTPs, PINs, or live URLs included.",BanglaPhish_Half2_H2D11-H2D15_Legitimate_v1.csv
H2D15_0119,BanglaPhish-2026,1.0,H2D15,Promotional/Marketing Messages,Loyalty Points Notice,আপনার লয়্যালটি পয়েন্ট ব্যালেন্স আপডেট হয়েছে। পয়েন্ট: [POINTS]। বিস্তারিত অফিসিয়াল অ্যাপে। এটি একটি স্বয়ংক্রিয় তথ্য বার্তা।,legitimate,0,train,train,Email,,Informational / Service Notice,,Marketing Service,Bangla,Bengali,Low,High,Synthetic; non-deployable,Redacted placeholder only,Redacted,False,Ready for human review,synthetic_generation,"Generated for legitimate/non-scam baseline in defensive phishing-detection research; no real phone numbers, account numbers, OTPs, PINs, or live URLs included.",BanglaPhish_Half2_H2D11-H2D15_Legitimate_v1.csv
H2D15_0120,BanglaPhish-2026,1.0,H2D15,Promotional/Marketing Messages,Loyalty Points Notice,[RETAIL_BRAND]: রিওয়ার্ড পয়েন্ট ব্যবহারের নতুন অফার প্রকাশিত হয়েছে। ব্যক্তিগত তথ্য বা গোপন কোড শেয়ার করবেন না।,legitimate,0,train,train,App Notification,,Informational / Service Notice,,Marketing Service,Bangla,Bengali,Low,High,Synthetic; non-deployable,Redacted placeholder only,Redacted,False,Ready for human review,synthetic_generation,"Generated for legitimate/non-scam baseline in defensive phishing-detection research; no real phone numbers, account numbers, OTPs, PINs, or live URLs included.",BanglaPhish_Half2_H2D11-H2D15_Legitimate_v1.csv
H2D15_0127,BanglaPhish-2026,1.0,H2D15,Promotional/Marketing Messages,Subscription Promotion,অ্যাপ সেবা: সাবস্ক্রিপশন প্ল্যানে বিশেষ মূল্য চলছে। বিস্তারিত অফিসিয়াল পোর্টালে দেখুন। এটি একটি স্বয়ংক্রিয় তথ্য বার্তা।,legitimate,0,train,train,SMS,,Informational / Service Notice,,Marketing Service,Bangla,Bengali,Low,High,Synthetic; non-deployable,Redacted placeholder only,Redacted,False,Ready for human review,synthetic_generation,"Generated for legitimate/non-scam baseline in defensive phishing-detection research; no real phone numbers, account numbers, OTPs, PINs, or live URLs included.",BanglaPhish_Half2_H2D11-H2D15_Legitimate_v1.csv
H2D15_0128,BanglaPhish-2026,1.0,H2D15,Promotional/Marketing Messages,Subscription Promotion,প্রোমো নোটিস: প্রিমিয়াম সাবস্ক্রিপশনে অফার উপলব্ধ। ব্যক্তিগত তথ্য বা গোপন কোড শেয়ার করবেন না।,legitimate,0,train,train,Email,,Informational / Service Notice,,Marketing Service,Bangla,Bengali,Low,High,Synthetic; non-deployable,Redacted placeholder only,Redacted,False,Ready for human review,synthetic_generation,"Generated for legitimate/non-scam baseline in defensive phishing-detection research; no real phone numbers, account numbers, OTPs, PINs, or live URLs included.",BanglaPhish_Half2_H2D11-H2D15_Legitimate_v1.csv
H2D15_0129,BanglaPhish-2026,1.0,H2D15,Promotional/Marketing Messages,Subscription Promotion,অ্যাপ সেবা অফার: নতুন সাবস্ক্রাইবারদের জন্য নির্ধারিত সুবিধা। এটি একটি স্বয়ংক্রিয় তথ্য বার্তা।,legitimate,0,train,train,App Notification,,Informational / Service Notice,,Marketing Service,Bangla,Bengali,Low,High,Synthetic; non-deployable,Redacted placeholder only,Redacted,False,Ready for human review,synthetic_generation,"Generated for legitimate/non-scam baseline in defensive phishing-detection research; no real phone numbers, account numbers, OTPs, PINs, or live URLs included.",BanglaPhish_Half2_H2D11-H2D15_Legitimate_v1.csv
H2D15_0130,BanglaPhish-2026,1.0,H2D15,Promotional/Marketing Messages,Subscription Promotion,কাস্টমার পোর্টাল: সাবস্ক্রিপশন প্ল্যানে বিশেষ মূল্য চলছে। বিস্তারিত অফিসিয়াল পোর্টালে দেখুন। ব্যক্তিগত তথ্য বা গোপন কোড শেয়ার করবেন না।,legitimate,0,train,train,SMS,,Informational / Service Notice,,Marketing Service,Bangla,Bengali,Low,High,Synthetic; non-deployable,Redacted placeholder only,Redacted,False,Ready for human review,synthetic_generation,"Generated for legitimate/non-scam baseline in defensive phishing-detection research; no real phone numbers, account numbers, OTPs, PINs, or live URLs included.",BanglaPhish_Half2_H2D11-H2D15_Legitimate_v1.csv
H2D15_0131,BanglaPhish-2026,1.0,H2D15,Promotional/Marketing Messages,Subscription Promotion,প্রোমো নোটিস: মিনিট সাবস্ক্রিপশনে অফার উপলব্ধ। এটি একটি স্বয়ংক্রিয় তথ্য বার্তা।,legitimate,0,train,train,Email,,Informational / Service Notice,,Marketing Service,Bangla,Bengali,Low,High,Synthetic; non-deployable,Redacted placeholder only,Redacted,False,Ready for human review,synthetic_generation,"Generated for legitimate/non-scam baseline in defensive phishing-detection research; no real phone numbers, account numbers, OTPs, PINs, or live URLs included.",BanglaPhish_Half2_H2D11-H2D15_Legitimate_v1.csv
H2D15_0132,BanglaPhish-2026,1.0,H2D15,Promotional/Marketing Messages,Subscription Promotion,কাস্টমার পোর্টাল অফার: নতুন সাবস্ক্রাইবারদের জন্য নির্ধারিত সুবিধা। ব্যক্তিগত তথ্য বা গোপন কোড শেয়ার করবেন না।,legitimate,0,train,train,App Notification,,Informational / Service Notice,,Marketing Service,Bangla,Bengali,Low,High,Synthetic; non-deployable,Redacted placeholder only,Redacted,False,Ready for human review,synthetic_generation,"Generated for legitimate/non-scam baseline in defensive phishing-detection research; no real phone numbers, account numbers, OTPs, PINs, or live URLs included.",BanglaPhish_Half2_H2D11-H2D15_Legitimate_v1.csv
H2D15_0133,BanglaPhish-2026,1.0,H2D15,Promotional/Marketing Messages,Subscription Promotion,অ্যাপ সেবা: সাবস্ক্রিপশন প্ল্যানে বিশেষ মূল্য চলছে। বিস্তারিত অফিসিয়াল পোর্টালে দেখুন। এটি একটি স্বয়ংক্রিয় তথ্য বার্তা।,legitimate,0,train,train,SMS,,Informational / Service Notice,,Marketing Service,Bangla,Bengali,Low,High,Synthetic; non-deployable,Redacted placeholder only,Redacted,False,Ready for human review,synthetic_generation,"Generated for legitimate/non-scam baseline in defensive phishing-detection research; no real phone numbers, account numbers, OTPs, PINs, or live URLs included.",BanglaPhish_Half2_H2D11-H2D15_Legitimate_v1.csv
H2D15_0134,BanglaPhish-2026,1.0,H2D15,Promotional/Marketing Messages,Subscription Promotion,প্রোমো নোটিস: প্রিমিয়াম সাবস্ক্রিপশনে অফার উপলব্ধ। ব্যক্তিগত তথ্য বা গোপন কোড শেয়ার করবেন না।,legitimate,0,train,train,Email,,Informational / Service Notice,,Marketing Service,Bangla,Bengali,Low,High,Synthetic; non-deployable,Redacted placeholder only,Redacted,False,Ready for human review,synthetic_generation,"Generated for legitimate/non-scam baseline in defensive phishing-detection research; no real phone numbers, account numbers, OTPs, PINs, or live URLs included.",BanglaPhish_Half2_H2D11-H2D15_Legitimate_v1.csv
H2D15_0135,BanglaPhish-2026,1.0,H2D15,Promotional/Marketing Messages,Subscription Promotion,অ্যাপ সেবা অফার: নতুন সাবস্ক্রাইবারদের জন্য নির্ধারিত সুবিধা। এটি একটি স্বয়ংক্রিয় তথ্য বার্তা।,legitimate,0,train,train,App Notification,,Informational / Service Notice,,Marketing Service,Bangla,Bengali,Low,High,Synthetic; non-deployable,Redacted placeholder only,Redacted,False,Ready for human review,synthetic_generation,"Generated for legitimate/non-scam baseline in defensive phishing-detection research; no real phone numbers, account numbers, OTPs, PINs, or live URLs included.",BanglaPhish_Half2_H2D11-H2D15_Legitimate_v1.csv
H2D15_0136,BanglaPhish-2026,1.0,H2D15,Promotional/Marketing Messages,Subscription Promotion,কাস্টমার পোর্টাল: সাবস্ক্রিপশন প্ল্যানে বিশেষ মূল্য চলছে। বিস্তারিত অফিসিয়াল পোর্টালে দেখুন। ব্যক্তিগত তথ্য বা গোপন কোড শেয়ার করবেন না।,legitimate,0,train,train,SMS,,Informational / Service Notice,,Marketing Service,Bangla,Bengali,Low,High,Synthetic; non-deployable,Redacted placeholder only,Redacted,False,Ready for human review,synthetic_generation,"Generated for legitimate/non-scam baseline in defensive phishing-detection research; no real phone numbers, account numbers, OTPs, PINs, or live URLs included.",BanglaPhish_Half2_H2D11-H2D15_Legitimate_v1.csv
H2D15_0137,BanglaPhish-2026,1.0,H2D15,Promotional/Marketing Messages,Subscription Promotion,প্রোমো নোটিস: মিনিট সাবস্ক্রিপশনে অফার উপলব্ধ। এটি একটি স্বয়ংক্রিয় তথ্য বার্তা।,legitimate,0,train,train,Email,,Informational / Service Notice,,Marketing Service,Bangla,Bengali,Low,High,Synthetic; non-deployable,Redacted placeholder only,Redacted,False,Ready for human review,synthetic_generation,"Generated for legitimate/non-scam baseline in defensive phishing-detection research; no real phone numbers, account numbers, OTPs, PINs, or live URLs included.",BanglaPhish_Half2_H2D11-H2D15_Legitimate_v1.csv
H2D15_0138,BanglaPhish-2026,1.0,H2D15,Promotional/Marketing Messages,Subscription Promotion,কাস্টমার পোর্টাল অফার: নতুন সাবস্ক্রাইবারদের জন্য নির্ধারিত সুবিধা। ব্যক্তিগত তথ্য বা গোপন কোড শেয়ার করবেন না।,legitimate,0,train,train,App Notification,,Informational / Service Notice,,Marketing Service,Bangla,Bengali,Low,High,Synthetic; non-deployable,Redacted placeholder only,Redacted,False,Ready for human review,synthetic_generation,"Generated for legitimate/non-scam baseline in defensive phishing-detection research; no real phone numbers, account numbers, OTPs, PINs, or live URLs included.",BanglaPhish_Half2_H2D11-H2D15_Legitimate_v1.csv
H2D15_0139,BanglaPhish-2026,1.0,H2D15,Promotional/Marketing Messages,Subscription Promotion,অ্যাপ সেবা: সাবস্ক্রিপশন প্ল্যানে বিশেষ মূল্য চলছে। বিস্তারিত অফিসিয়াল পোর্টালে দেখুন। এটি একটি স্বয়ংক্রিয় তথ্য বার্তা।,legitimate,0,train,train,SMS,,Informational / Service Notice,,Marketing Service,Bangla,Bengali,Low,High,Synthetic; non-deployable,Redacted placeholder only,Redacted,False,Ready for human review,synthetic_generation,"Generated for legitimate/non-scam baseline in defensive phishing-detection research; no real phone numbers, account numbers, OTPs, PINs, or live URLs included.",BanglaPhish_Half2_H2D11-H2D15_Legitimate_v1.csv
H2D15_0140,BanglaPhish-2026,1.0,H2D15,Promotional/Marketing Messages,Subscription Promotion,প্রোমো নোটিস: প্রিমিয়াম সাবস্ক্রিপশনে অফার উপলব্ধ। ব্যক্তিগত তথ্য বা গোপন কোড শেয়ার করবেন না।,legitimate,0,train,train,Email,,Informational / Service Notice,,Marketing Service,Bangla,Bengali,Low,High,Synthetic; non-deployable,Redacted placeholder only,Redacted,False,Ready for human review,synthetic_generation,"Generated for legitimate/non-scam baseline in defensive phishing-detection research; no real phone numbers, account numbers, OTPs, PINs, or live URLs included.",BanglaPhish_Half2_H2D11-H2D15_Legitimate_v1.csv
H2D15_0147,BanglaPhish-2026,1.0,H2D15,Promotional/Marketing Messages,Event Promotion,[EVENT_NAME]: টিকিট/রেজিস্ট্রেশন অফার চলছে। অফিসিয়াল ইভেন্ট পোর্টাল ব্যবহার করুন। এটি একটি স্বয়ংক্রিয় তথ্য বার্তা।,legitimate,0,validation,validation,App Notification,,Informational / Service Notice,,Marketing Service,Bangla,Bengali,Low,High,Synthetic; non-deployable,Redacted placeholder only,Redacted,False,Ready for human review,synthetic_generation,"Generated for legitimate/non-scam baseline in defensive phishing-detection research; no real phone numbers, account numbers, OTPs, PINs, or live URLs included.",BanglaPhish_Half2_H2D11-H2D15_Legitimate_v1.csv
H2D15_0149,BanglaPhish-2026,1.0,H2D15,Promotional/Marketing Messages,Event Promotion,[WEBINAR_NAME] নোটিস: অংশগ্রহণকারীদের জন্য প্রি-রেজিস্ট্রেশন অফার উপলব্ধ। এটি একটি স্বয়ংক্রিয় তথ্য বার্তা।,legitimate,0,validation,validation,Email,,Informational / Service Notice,,Marketing Service,Bangla,Bengali,Low,High,Synthetic; non-deployable,Redacted placeholder only,Redacted,False,Ready for human review,synthetic_generation,"Generated for legitimate/non-scam baseline in defensive phishing-detection research; no real phone numbers, account numbers, OTPs, PINs, or live URLs included.",BanglaPhish_Half2_H2D11-H2D15_Legitimate_v1.csv
H2D15_0150,BanglaPhish-2026,1.0,H2D15,Promotional/Marketing Messages,Event Promotion,[EVENT_NAME]: টিকিট/রেজিস্ট্রেশন অফার চলছে। অফিসিয়াল ইভেন্ট পোর্টাল ব্যবহার করুন। ব্যক্তিগত তথ্য বা গোপন কোড শেয়ার করবেন না।,legitimate,0,validation,validation,App Notification,,Informational / Service Notice,,Marketing Service,Bangla,Bengali,Low,High,Synthetic; non-deployable,Redacted placeholder only,Redacted,False,Ready for human review,synthetic_generation,"Generated for legitimate/non-scam baseline in defensive phishing-detection research; no real phone numbers, account numbers, OTPs, PINs, or live URLs included.",BanglaPhish_Half2_H2D11-H2D15_Legitimate_v1.csv
H2D15_0152,BanglaPhish-2026,1.0,H2D15,Promotional/Marketing Messages,Event Promotion,[WEBINAR_NAME] নোটিস: অংশগ্রহণকারীদের জন্য প্রি-রেজিস্ট্রেশন অফার উপলব্ধ। ব্যক্তিগত তথ্য বা গোপন কোড শেয়ার করবেন না।,legitimate,0,validation,validation,Email,,Informational / Service Notice,,Marketing Service,Bangla,Bengali,Low,High,Synthetic; non-deployable,Redacted placeholder only,Redacted,False,Ready for human review,synthetic_generation,"Generated for legitimate/non-scam baseline in defensive phishing-detection research; no real phone numbers, account numbers, OTPs, PINs, or live URLs included.",BanglaPhish_Half2_H2D11-H2D15_Legitimate_v1.csv
H2D15_0153,BanglaPhish-2026,1.0,H2D15,Promotional/Marketing Messages,Event Promotion,[EVENT_NAME]: টিকিট/রেজিস্ট্রেশন অফার চলছে। অফিসিয়াল ইভেন্ট পোর্টাল ব্যবহার করুন। এটি একটি স্বয়ংক্রিয় তথ্য বার্তা।,legitimate,0,validation,validation,App Notification,,Informational / Service Notice,,Marketing Service,Bangla,Bengali,Low,High,Synthetic; non-deployable,Redacted placeholder only,Redacted,False,Ready for human review,synthetic_generation,"Generated for legitimate/non-scam baseline in defensive phishing-detection research; no real phone numbers, account numbers, OTPs, PINs, or live URLs included.",BanglaPhish_Half2_H2D11-H2D15_Legitimate_v1.csv
H2D15_0155,BanglaPhish-2026,1.0,H2D15,Promotional/Marketing Messages,Event Promotion,[WEBINAR_NAME] নোটিস: অংশগ্রহণকারীদের জন্য প্রি-রেজিস্ট্রেশন অফার উপলব্ধ। এটি একটি স্বয়ংক্রিয় তথ্য বার্তা।,legitimate,0,validation,validation,Email,,Informational / Service Notice,,Marketing Service,Bangla,Bengali,Low,High,Synthetic; non-deployable,Redacted placeholder only,Redacted,False,Ready for human review,synthetic_generation,"Generated for legitimate/non-scam baseline in defensive phishing-detection research; no real phone numbers, account numbers, OTPs, PINs, or live URLs included.",BanglaPhish_Half2_H2D11-H2D15_Legitimate_v1.csv
H2D15_0156,BanglaPhish-2026,1.0,H2D15,Promotional/Marketing Messages,Event Promotion,[EVENT_NAME]: টিকিট/রেজিস্ট্রেশন অফার চলছে। অফিসিয়াল ইভেন্ট পোর্টাল ব্যবহার করুন। ব্যক্তিগত তথ্য বা গোপন কোড শেয়ার করবেন না।,legitimate,0,validation,validation,App Notification,,Informational / Service Notice,,Marketing Service,Bangla,Bengali,Low,High,Synthetic; non-deployable,Redacted placeholder only,Redacted,False,Ready for human review,synthetic_generation,"Generated for legitimate/non-scam baseline in defensive phishing-detection research; no real phone numbers, account numbers, OTPs, PINs, or live URLs included.",BanglaPhish_Half2_H2D11-H2D15_Legitimate_v1.csv
H2D15_0158,BanglaPhish-2026,1.0,H2D15,Promotional/Marketing Messages,Event Promotion,[WEBINAR_NAME] নোটিস: অংশগ্রহণকারীদের জন্য প্রি-রেজিস্ট্রেশন অফার উপলব্ধ। ব্যক্তিগত তথ্য বা গোপন কোড শেয়ার করবেন না।,legitimate,0,validation,validation,Email,,Informational / Service Notice,,Marketing Service,Bangla,Bengali,Low,High,Synthetic; non-deployable,Redacted placeholder only,Redacted,False,Ready for human review,synthetic_generation,"Generated for legitimate/non-scam baseline in defensive phishing-detection research; no real phone numbers, account numbers, OTPs, PINs, or live URLs included.",BanglaPhish_Half2_H2D11-H2D15_Legitimate_v1.csv
H2D15_0159,BanglaPhish-2026,1.0,H2D15,Promotional/Marketing Messages,Event Promotion,[EVENT_NAME]: টিকিট/রেজিস্ট্রেশন অফার চলছে। অফিসিয়াল ইভেন্ট পোর্টাল ব্যবহার করুন। এটি একটি স্বয়ংক্রিয় তথ্য বার্তা।,legitimate,0,validation,validation,App Notification,,Informational / Service Notice,,Marketing Service,Bangla,Bengali,Low,High,Synthetic; non-deployable,Redacted placeholder only,Redacted,False,Ready for human review,synthetic_generation,"Generated for legitimate/non-scam baseline in defensive phishing-detection research; no real phone numbers, account numbers, OTPs, PINs, or live URLs included.",BanglaPhish_Half2_H2D11-H2D15_Legitimate_v1.csv
H2D15_0167,BanglaPhish-2026,1.0,H2D15,Promotional/Marketing Messages,Seasonal Campaign,শীত উপলক্ষে বিশেষ অফার শুরু হয়েছে। বিস্তারিত অফিসিয়াল স্টোরে দেখুন। এটি একটি স্বয়ংক্রিয় তথ্য বার্তা।,legitimate,0,validation,validation,Email,,Informational / Service Notice,,Marketing Service,Bangla,Bengali,Low,High,Synthetic; non-deployable,Redacted placeholder only,Redacted,False,Ready for human review,synthetic_generation,"Generated for legitimate/non-scam baseline in defensive phishing-detection research; no real phone numbers, account numbers, OTPs, PINs, or live URLs included.",BanglaPhish_Half2_H2D11-H2D15_Legitimate_v1.csv
H2D15_0168,BanglaPhish-2026,1.0,H2D15,Promotional/Marketing Messages,Seasonal Campaign,সিজনাল প্রোমো: নির্বাচিত ক্যাটাগরিতে নির্বাচিত ছাড়। ব্যক্তিগত তথ্য বা গোপন কোড শেয়ার করবেন না।,legitimate,0,validation,validation,App Notification,,Informational / Service Notice,,Marketing Service,Bangla,Bengali,Low,High,Synthetic; non-deployable,Redacted placeholder only,Redacted,False,Ready for human review,synthetic_generation,"Generated for legitimate/non-scam baseline in defensive phishing-detection research; no real phone numbers, account numbers, OTPs, PINs, or live URLs included.",BanglaPhish_Half2_H2D11-H2D15_Legitimate_v1.csv
H2D15_0169,BanglaPhish-2026,1.0,H2D15,Promotional/Marketing Messages,Seasonal Campaign,[SHOP_NAME]: গ্রীষ্ম ক্যাম্পেইনের শর্তাবলি অফিসিয়াল অ্যাপে দেখুন। এটি একটি স্বয়ংক্রিয় তথ্য বার্তা।,legitimate,0,validation,validation,SMS,,Informational / Service Notice,,Marketing Service,Bangla,Bengali,Low,High,Synthetic; non-deployable,Redacted placeholder only,Redacted,False,Ready for human review,synthetic_generation,"Generated for legitimate/non-scam baseline in defensive phishing-detection research; no real phone numbers, account numbers, OTPs, PINs, or live URLs included.",BanglaPhish_Half2_H2D11-H2D15_Legitimate_v1.csv
H2D15_0170,BanglaPhish-2026,1.0,H2D15,Promotional/Marketing Messages,Seasonal Campaign,শীত উপলক্ষে বিশেষ অফার শুরু হয়েছে। বিস্তারিত অফিসিয়াল স্টোরে দেখুন। ব্যক্তিগত তথ্য বা গোপন কোড শেয়ার করবেন না।,legitimate,0,validation,validation,Email,,Informational / Service Notice,,Marketing Service,Bangla,Bengali,Low,High,Synthetic; non-deployable,Redacted placeholder only,Redacted,False,Ready for human review,synthetic_generation,"Generated for legitimate/non-scam baseline in defensive phishing-detection research; no real phone numbers, account numbers, OTPs, PINs, or live URLs included.",BanglaPhish_Half2_H2D11-H2D15_Legitimate_v1.csv
H2D15_0171,BanglaPhish-2026,1.0,H2D15,Promotional/Marketing Messages,Seasonal Campaign,সিজনাল প্রোমো: নির্বাচিত ক্যাটাগরিতে ১৫% ছাড়। এটি একটি স্বয়ংক্রিয় তথ্য বার্তা।,legitimate,0,test,test,App Notification,,Informational / Service Notice,,Marketing Service,Bangla,Bengali,Low,High,Synthetic; non-deployable,Redacted placeholder only,Redacted,False,Ready for human review,synthetic_generation,"Generated for legitimate/non-scam baseline in defensive phishing-detection research; no real phone numbers, account numbers, OTPs, PINs, or live URLs included.",BanglaPhish_Half2_H2D11-H2D15_Legitimate_v1.csv
H2D15_0172,BanglaPhish-2026,1.0,H2D15,Promotional/Marketing Messages,Seasonal Campaign,[SHOP_NAME]: গ্রীষ্ম ক্যাম্পেইনের শর্তাবলি অফিসিয়াল অ্যাপে দেখুন। ব্যক্তিগত তথ্য বা গোপন কোড শেয়ার করবেন না।,legitimate,0,test,test,SMS,,Informational / Service Notice,,Marketing Service,Bangla,Bengali,Low,High,Synthetic; non-deployable,Redacted placeholder only,Redacted,False,Ready for human review,synthetic_generation,"Generated for legitimate/non-scam baseline in defensive phishing-detection research; no real phone numbers, account numbers, OTPs, PINs, or live URLs included.",BanglaPhish_Half2_H2D11-H2D15_Legitimate_v1.csv
H2D15_0173,BanglaPhish-2026,1.0,H2D15,Promotional/Marketing Messages,Seasonal Campaign,শীত উপলক্ষে বিশেষ অফার শুরু হয়েছে। বিস্তারিত অফিসিয়াল স্টোরে দেখুন। এটি একটি স্বয়ংক্রিয় তথ্য বার্তা।,legitimate,0,test,test,Email,,Informational / Service Notice,,Marketing Service,Bangla,Bengali,Low,High,Synthetic; non-deployable,Redacted placeholder only,Redacted,False,Ready for human review,synthetic_generation,"Generated for legitimate/non-scam baseline in defensive phishing-detection research; no real phone numbers, account numbers, OTPs, PINs, or live URLs included.",BanglaPhish_Half2_H2D11-H2D15_Legitimate_v1.csv
H2D15_0174,BanglaPhish-2026,1.0,H2D15,Promotional/Marketing Messages,Seasonal Campaign,সিজনাল প্রোমো: নির্বাচিত ক্যাটাগরিতে নির্বাচিত ছাড়। ব্যক্তিগত তথ্য বা গোপন কোড শেয়ার করবেন না।,legitimate,0,test,test,App Notification,,Informational / Service Notice,,Marketing Service,Bangla,Bengali,Low,High,Synthetic; non-deployable,Redacted placeholder only,Redacted,False,Ready for human review,synthetic_generation,"Generated for legitimate/non-scam baseline in defensive phishing-detection research; no real phone numbers, account numbers, OTPs, PINs, or live URLs included.",BanglaPhish_Half2_H2D11-H2D15_Legitimate_v1.csv
H2D15_0175,BanglaPhish-2026,1.0,H2D15,Promotional/Marketing Messages,Seasonal Campaign,[SHOP_NAME]: গ্রীষ্ম ক্যাম্পেইনের শর্তাবলি অফিসিয়াল অ্যাপে দেখুন। এটি একটি স্বয়ংক্রিয় তথ্য বার্তা।,legitimate,0,test,test,SMS,,Informational / Service Notice,,Marketing Service,Bangla,Bengali,Low,High,Synthetic; non-deployable,Redacted placeholder only,Redacted,False,Ready for human review,synthetic_generation,"Generated for legitimate/non-scam baseline in defensive phishing-detection research; no real phone numbers, account numbers, OTPs, PINs, or live URLs included.",BanglaPhish_Half2_H2D11-H2D15_Legitimate_v1.csv
H2D15_0176,BanglaPhish-2026,1.0,H2D15,Promotional/Marketing Messages,Seasonal Campaign,শীত উপলক্ষে বিশেষ অফার শুরু হয়েছে। বিস্তারিত অফিসিয়াল স্টোরে দেখুন। ব্যক্তিগত তথ্য বা গোপন কোড শেয়ার করবেন না।,legitimate,0,test,test,Email,,Informational / Service Notice,,Marketing Service,Bangla,Bengali,Low,High,Synthetic; non-deployable,Redacted placeholder only,Redacted,False,Ready for human review,synthetic_generation,"Generated for legitimate/non-scam baseline in defensive phishing-detection research; no real phone numbers, account numbers, OTPs, PINs, or live URLs included.",BanglaPhish_Half2_H2D11-H2D15_Legitimate_v1.csv
H2D15_0177,BanglaPhish-2026,1.0,H2D15,Promotional/Marketing Messages,Seasonal Campaign,সিজনাল প্রোমো: নির্বাচিত ক্যাটাগরিতে ১৫% ছাড়। এটি একটি স্বয়ংক্রিয় তথ্য বার্তা।,legitimate,0,test,test,App Notification,,Informational / Service Notice,,Marketing Service,Bangla,Bengali,Low,High,Synthetic; non-deployable,Redacted placeholder only,Redacted,False,Ready for human review,synthetic_generation,"Generated for legitimate/non-scam baseline in defensive phishing-detection research; no real phone numbers, account numbers, OTPs, PINs, or live URLs included.",BanglaPhish_Half2_H2D11-H2D15_Legitimate_v1.csv
H2D15_0178,BanglaPhish-2026,1.0,H2D15,Promotional/Marketing Messages,Seasonal Campaign,[SHOP_NAME]: গ্রীষ্ম ক্যাম্পেইনের শর্তাবলি অফিসিয়াল অ্যাপে দেখুন। ব্যক্তিগত তথ্য বা গোপন কোড শেয়ার করবেন না।,legitimate,0,test,test,SMS,,Informational / Service Notice,,Marketing Service,Bangla,Bengali,Low,High,Synthetic; non-deployable,Redacted placeholder only,Redacted,False,Ready for human review,synthetic_generation,"Generated for legitimate/non-scam baseline in defensive phishing-detection research; no real phone numbers, account numbers, OTPs, PINs, or live URLs included.",BanglaPhish_Half2_H2D11-H2D15_Legitimate_v1.csv
H2D15_0179,BanglaPhish-2026,1.0,H2D15,Promotional/Marketing Messages,Seasonal Campaign,শীত উপলক্ষে বিশেষ অফার শুরু হয়েছে। বিস্তারিত অফিসিয়াল স্টোরে দেখুন। এটি একটি স্বয়ংক্রিয় তথ্য বার্তা।,legitimate,0,test,test,Email,,Informational / Service Notice,,Marketing Service,Bangla,Bengali,Low,High,Synthetic; non-deployable,Redacted placeholder only,Redacted,False,Ready for human review,synthetic_generation,"Generated for legitimate/non-scam baseline in defensive phishing-detection research; no real phone numbers, account numbers, OTPs, PINs, or live URLs included.",BanglaPhish_Half2_H2D11-H2D15_Legitimate_v1.csv
H2D15_0180,BanglaPhish-2026,1.0,H2D15,Promotional/Marketing Messages,Seasonal Campaign,সিজনাল প্রোমো: নির্বাচিত ক্যাটাগরিতে নির্বাচিত ছাড়। ব্যক্তিগত তথ্য বা গোপন কোড শেয়ার করবেন না।,legitimate,0,test,test,App Notification,,Informational / Service Notice,,Marketing Service,Bangla,Bengali,Low,High,Synthetic; non-deployable,Redacted placeholder only,Redacted,False,Ready for human review,synthetic_generation,"Generated for legitimate/non-scam baseline in defensive phishing-detection research; no real phone numbers, account numbers, OTPs, PINs, or live URLs included.",BanglaPhish_Half2_H2D11-H2D15_Legitimate_v1.csv
H2D15_0187,BanglaPhish-2026,1.0,H2D15,Promotional/Marketing Messages,General Marketing Newsletter,নতুন পণ্য ও অফারের আপডেট পেতে অফিসিয়াল নিউজলেটার দেখুন। এটি একটি স্বয়ংক্রিয় তথ্য বার্তা।,legitimate,0,test,test,SMS,,Informational / Service Notice,,Marketing Service,Bangla,Bengali,Low,High,Synthetic; non-deployable,Redacted placeholder only,Redacted,False,Ready for human review,synthetic_generation,"Generated for legitimate/non-scam baseline in defensive phishing-detection research; no real phone numbers, account numbers, OTPs, PINs, or live URLs included.",BanglaPhish_Half2_H2D11-H2D15_Legitimate_v1.csv
H2D15_0188,BanglaPhish-2026,1.0,H2D15,Promotional/Marketing Messages,General Marketing Newsletter,[COMPANY_NAME]: এই সপ্তাহের নির্বাচিত অফারগুলো প্রকাশিত হয়েছে। ব্যক্তিগত তথ্য বা গোপন কোড শেয়ার করবেন না।,legitimate,0,test,test,Email,,Informational / Service Notice,,Marketing Service,Bangla,Bengali,Low,High,Synthetic; non-deployable,Redacted placeholder only,Redacted,False,Ready for human review,synthetic_generation,"Generated for legitimate/non-scam baseline in defensive phishing-detection research; no real phone numbers, account numbers, OTPs, PINs, or live URLs included.",BanglaPhish_Half2_H2D11-H2D15_Legitimate_v1.csv
H2D15_0189,BanglaPhish-2026,1.0,H2D15,Promotional/Marketing Messages,General Marketing Newsletter,মার্কেটিং আপডেট: প্রোমো তথ্য শুধুমাত্র অফিসিয়াল চ্যানেল থেকে যাচাই করুন। এটি একটি স্বয়ংক্রিয় তথ্য বার্তা।,legitimate,0,test,test,App Notification,,Informational / Service Notice,,Marketing Service,Bangla,Bengali,Low,High,Synthetic; non-deployable,Redacted placeholder only,Redacted,False,Ready for human review,synthetic_generation,"Generated for legitimate/non-scam baseline in defensive phishing-detection research; no real phone numbers, account numbers, OTPs, PINs, or live URLs included.",BanglaPhish_Half2_H2D11-H2D15_Legitimate_v1.csv
H2D15_0190,BanglaPhish-2026,1.0,H2D15,Promotional/Marketing Messages,General Marketing Newsletter,নতুন পণ্য ও অফারের আপডেট পেতে অফিসিয়াল নিউজলেটার দেখুন। ব্যক্তিগত তথ্য বা গোপন কোড শেয়ার করবেন না।,legitimate,0,test,test,SMS,,Informational / Service Notice,,Marketing Service,Bangla,Bengali,Low,High,Synthetic; non-deployable,Redacted placeholder only,Redacted,False,Ready for human review,synthetic_generation,"Generated for legitimate/non-scam baseline in defensive phishing-detection research; no real phone numbers, account numbers, OTPs, PINs, or live URLs included.",BanglaPhish_Half2_H2D11-H2D15_Legitimate_v1.csv
H2D15_0191,BanglaPhish-2026,1.0,H2D15,Promotional/Marketing Messages,General Marketing Newsletter,[COMPANY_NAME]: এই সপ্তাহের নির্বাচিত অফারগুলো প্রকাশিত হয়েছে। এটি একটি স্বয়ংক্রিয় তথ্য বার্তা।,legitimate,0,test,test,Email,,Informational / Service Notice,,Marketing Service,Bangla,Bengali,Low,High,Synthetic; non-deployable,Redacted placeholder only,Redacted,False,Ready for human review,synthetic_generation,"Generated for legitimate/non-scam baseline in defensive phishing-detection research; no real phone numbers, account numbers, OTPs, PINs, or live URLs included.",BanglaPhish_Half2_H2D11-H2D15_Legitimate_v1.csv
H2D15_0192,BanglaPhish-2026,1.0,H2D15,Promotional/Marketing Messages,General Marketing Newsletter,মার্কেটিং আপডেট: প্রোমো তথ্য শুধুমাত্র অফিসিয়াল চ্যানেল থেকে যাচাই করুন। ব্যক্তিগত তথ্য বা গোপন কোড শেয়ার করবেন না।,legitimate,0,test,test,App Notification,,Informational / Service Notice,,Marketing Service,Bangla,Bengali,Low,High,Synthetic; non-deployable,Redacted placeholder only,Redacted,False,Ready for human review,synthetic_generation,"Generated for legitimate/non-scam baseline in defensive phishing-detection research; no real phone numbers, account numbers, OTPs, PINs, or live URLs included.",BanglaPhish_Half2_H2D11-H2D15_Legitimate_v1.csv
H2D15_0193,BanglaPhish-2026,1.0,H2D15,Promotional/Marketing Messages,General Marketing Newsletter,নতুন পণ্য ও অফারের আপডেট পেতে অফিসিয়াল নিউজলেটার দেখুন। এটি একটি স্বয়ংক্রিয় তথ্য বার্তা।,legitimate,0,test,test,SMS,,Informational / Service Notice,,Marketing Service,Bangla,Bengali,Low,High,Synthetic; non-deployable,Redacted placeholder only,Redacted,False,Ready for human review,synthetic_generation,"Generated for legitimate/non-scam baseline in defensive phishing-detection research; no real phone numbers, account numbers, OTPs, PINs, or live URLs included.",BanglaPhish_Half2_H2D11-H2D15_Legitimate_v1.csv
H2D15_0194,BanglaPhish-2026,1.0,H2D15,Promotional/Marketing Messages,General Marketing Newsletter,[COMPANY_NAME]: এই সপ্তাহের নির্বাচিত অফারগুলো প্রকাশিত হয়েছে। ব্যক্তিগত তথ্য বা গোপন কোড শেয়ার করবেন না।,legitimate,0,test,test,Email,,Informational / Service Notice,,Marketing Service,Bangla,Bengali,Low,High,Synthetic; non-deployable,Redacted placeholder only,Redacted,False,Ready for human review,synthetic_generation,"Generated for legitimate/non-scam baseline in defensive phishing-detection research; no real phone numbers, account numbers, OTPs, PINs, or live URLs included.",BanglaPhish_Half2_H2D11-H2D15_Legitimate_v1.csv
H2D15_0195,BanglaPhish-2026,1.0,H2D15,Promotional/Marketing Messages,General Marketing Newsletter,মার্কেটিং আপডেট: প্রোমো তথ্য শুধুমাত্র অফিসিয়াল চ্যানেল থেকে যাচাই করুন। এটি একটি স্বয়ংক্রিয় তথ্য বার্তা।,legitimate,0,test,test,App Notification,,Informational / Service Notice,,Marketing Service,Bangla,Bengali,Low,High,Synthetic; non-deployable,Redacted placeholder only,Redacted,False,Ready for human review,synthetic_generation,"Generated for legitimate/non-scam baseline in defensive phishing-detection research; no real phone numbers, account numbers, OTPs, PINs, or live URLs included.",BanglaPhish_Half2_H2D11-H2D15_Legitimate_v1.csv
H2D15_0196,BanglaPhish-2026,1.0,H2D15,Promotional/Marketing Messages,General Marketing Newsletter,নতুন পণ্য ও অফারের আপডেট পেতে অফিসিয়াল নিউজলেটার দেখুন। ব্যক্তিগত তথ্য বা গোপন কোড শেয়ার করবেন না।,legitimate,0,test,test,SMS,,Informational / Service Notice,,Marketing Service,Bangla,Bengali,Low,High,Synthetic; non-deployable,Redacted placeholder only,Redacted,False,Ready for human review,synthetic_generation,"Generated for legitimate/non-scam baseline in defensive phishing-detection research; no real phone numbers, account numbers, OTPs, PINs, or live URLs included.",BanglaPhish_Half2_H2D11-H2D15_Legitimate_v1.csv
H2D15_0197,BanglaPhish-2026,1.0,H2D15,Promotional/Marketing Messages,General Marketing Newsletter,[COMPANY_NAME]: এই সপ্তাহের নির্বাচিত অফারগুলো প্রকাশিত হয়েছে। এটি একটি স্বয়ংক্রিয় তথ্য বার্তা।,legitimate,0,test,test,Email,,Informational / Service Notice,,Marketing Service,Bangla,Bengali,Low,High,Synthetic; non-deployable,Redacted placeholder only,Redacted,False,Ready for human review,synthetic_generation,"Generated for legitimate/non-scam baseline in defensive phishing-detection research; no real phone numbers, account numbers, OTPs, PINs, or live URLs included.",BanglaPhish_Half2_H2D11-H2D15_Legitimate_v1.csv
H2D15_0198,BanglaPhish-2026,1.0,H2D15,Promotional/Marketing Messages,General Marketing Newsletter,মার্কেটিং আপডেট: প্রোমো তথ্য শুধুমাত্র অফিসিয়াল চ্যানেল থেকে যাচাই করুন। ব্যক্তিগত তথ্য বা গোপন কোড শেয়ার করবেন না।,legitimate,0,test,test,App Notification,,Informational / Service Notice,,Marketing Service,Bangla,Bengali,Low,High,Synthetic; non-deployable,Redacted placeholder only,Redacted,False,Ready for human review,synthetic_generation,"Generated for legitimate/non-scam baseline in defensive phishing-detection research; no real phone numbers, account numbers, OTPs, PINs, or live URLs included.",BanglaPhish_Half2_H2D11-H2D15_Legitimate_v1.csv
H2D15_0199,BanglaPhish-2026,1.0,H2D15,Promotional/Marketing Messages,General Marketing Newsletter,নতুন পণ্য ও অফারের আপডেট পেতে অফিসিয়াল নিউজলেটার দেখুন। এটি একটি স্বয়ংক্রিয় তথ্য বার্তা।,legitimate,0,test,test,SMS,,Informational / Service Notice,,Marketing Service,Bangla,Bengali,Low,High,Synthetic; non-deployable,Redacted placeholder only,Redacted,False,Ready for human review,synthetic_generation,"Generated for legitimate/non-scam baseline in defensive phishing-detection research; no real phone numbers, account numbers, OTPs, PINs, or live URLs included.",BanglaPhish_Half2_H2D11-H2D15_Legitimate_v1.csv
H2D15_0200,BanglaPhish-2026,1.0,H2D15,Promotional/Marketing Messages,General Marketing Newsletter,[COMPANY_NAME]: এই সপ্তাহের নির্বাচিত অফারগুলো প্রকাশিত হয়েছে। ব্যক্তিগত তথ্য বা গোপন কোড শেয়ার করবেন না।,legitimate,0,test,test,Email,,Informational / Service Notice,,Marketing Service,Bangla,Bengali,Low,High,Synthetic; non-deployable,Redacted placeholder only,Redacted,False,Ready for human review,synthetic_generation,"Generated for legitimate/non-scam baseline in defensive phishing-detection research; no real phone numbers, account numbers, OTPs, PINs, or live URLs included.",BanglaPhish_Half2_H2D11-H2D15_Legitimate_v1.csv
