customer_id,account_age_days,normal_avg_amount,normal_transaction_count,primary_location,registered_device_count,account_created_date
CUST00001,2240,2772.74,13,Dhaka,2,12/13/2012
CUST00002,1468,2222.64,9,Sylhet,4,1/24/2015
CUST00003,2016,447.06,7,Sylhet,1,7/25/2013
CUST00004,1455,1169.13,7,Rajshahi,2,2/6/2015
CUST00005,1551,449.9,12,Chattogram,2,11/2/2014
CUST00006,100,2738.91,8,Sylhet,1,10/23/2018
CUST00007,190,632.43,10,Chattogram,3,7/25/2018
CUST00008,1961,570.49,11,Nilphamari,2,9/18/2013
CUST00009,2202,779.12,7,Rangpur,2,1/20/2013
CUST00010,2082,1487.55,12,Dinajpur,1,5/20/2013
CUST00011,798,1750.87,6,Chattogram,4,11/24/2016
CUST00012,1817,1824.45,11,Rajshahi,2,2/9/2014
CUST00013,1156,804.27,9,Saidpur,4,12/2/2015
CUST00014,2109,654.92,10,Chattogram,3,4/23/2013
CUST00015,1022,3330.63,5,Rajshahi,4,4/14/2016
CUST00016,713,4335.15,9,Chattogram,1,2/17/2017
CUST00017,329,632.88,14,Saidpur,3,3/8/2018
CUST00018,1112,476.88,6,Nilphamari,1,1/15/2016
CUST00019,2230,486.98,7,Chattogram,2,12/23/2012
CUST00020,1964,1049.91,11,Sylhet,2,9/15/2013
CUST00021,702,1104.12,15,Rangpur,1,2/28/2017
CUST00022,2327,1440.16,10,Dhaka,3,9/17/2012
CUST00023,2313,2654.62,6,Khulna,1,10/1/2012
CUST00024,2007,872.1,7,Chattogram,3,8/3/2013
CUST00025,75,1081.95,8,Mymensingh,2,11/17/2018
CUST00026,1789,1099.18,17,Chattogram,2,3/9/2014
CUST00027,111,1098.35,9,Rajshahi,2,10/12/2018
CUST00028,999,772.72,11,Chattogram,3,5/7/2016
CUST00029,2306,2075.2,6,Sylhet,3,10/8/2012
CUST00030,2183,511.38,10,Mymensingh,2,2/8/2013
CUST00031,2181,823.08,9,Sylhet,3,2/10/2013
CUST00032,1769,3450.64,13,Dhaka,1,3/29/2014
CUST00033,2008,867.54,7,Mymensingh,2,8/2/2013
CUST00034,2105,886.38,7,Chattogram,4,4/27/2013
CUST00035,1813,1093.24,13,Rangpur,2,2/13/2014
CUST00036,293,1136.58,10,Mymensingh,3,4/13/2018
CUST00037,2134,620.74,10,Rajshahi,1,3/29/2013
CUST00038,506,1269.87,7,Khulna,2,9/12/2017
CUST00039,1747,573.75,6,Dinajpur,1,4/20/2014
CUST00040,2296,2137.67,6,Mymensingh,1,10/18/2012
CUST00041,1907,1540.21,10,Nilphamari,1,11/11/2013
CUST00042,2225,1695.92,12,Sylhet,4,12/28/2012
CUST00043,967,1008.42,13,Rangpur,3,6/8/2016
CUST00044,648,1359.68,7,Chattogram,3,4/23/2017
CUST00045,1776,799.47,9,Rajshahi,1,3/22/2014
CUST00046,311,1312.98,8,Dinajpur,3,3/26/2018
CUST00047,784,2966.99,8,Rajshahi,4,12/8/2016
CUST00048,1681,793.58,11,Nilphamari,1,6/25/2014
CUST00049,575,478.44,9,Dhaka,2,7/5/2017
CUST00050,2429,2155.41,11,Rajshahi,1,6/7/2012
CUST00051,1623,1152.33,11,Chattogram,3,8/22/2014
CUST00052,449,995.47,14,Mymensingh,3,11/8/2017
CUST00053,686,2779.76,4,Saidpur,4,3/16/2017
CUST00054,1392,1052.29,7,Khulna,4,4/10/2015
CUST00055,509,1015.1,8,Khulna,3,9/9/2017
CUST00056,752,2106.94,7,Rangpur,2,1/9/2017
CUST00057,1192,1424.19,5,Nilphamari,2,10/27/2015
CUST00058,1193,3596.57,13,Dinajpur,4,10/26/2015
CUST00059,1691,1772.83,8,Chattogram,3,6/15/2014
CUST00060,1375,3140.39,8,Dhaka,1,4/27/2015
CUST00061,2419,492.96,8,Chattogram,2,6/17/2012
CUST00062,1105,689.16,8,Khulna,2,1/22/2016
CUST00063,1980,1781.2,9,Chattogram,2,8/30/2013
CUST00064,1114,2070.16,9,Dhaka,1,1/13/2016
CUST00065,1621,3649.49,8,Dinajpur,4,8/24/2014
CUST00066,646,636.39,6,Khulna,2,4/25/2017
CUST00067,1940,1062.63,6,Saidpur,3,10/9/2013
CUST00068,73,524.61,7,Khulna,3,11/19/2018
CUST00069,1617,975.47,7,Rangpur,2,8/28/2014
CUST00070,623,1029.47,14,Dinajpur,1,5/18/2017
CUST00071,868,979.11,8,Nilphamari,4,9/15/2016
CUST00072,1624,829.74,9,Sylhet,3,8/21/2014
CUST00073,199,267.08,14,Chattogram,1,7/16/2018
CUST00074,1133,2372.96,4,Nilphamari,3,12/25/2015
CUST00075,1868,1594.15,12,Rangpur,3,12/20/2013
CUST00076,382,1833.05,12,Mymensingh,4,1/14/2018
CUST00077,761,738.66,11,Nilphamari,2,12/31/2016
CUST00078,191,2673.08,7,Rangpur,4,7/24/2018
CUST00079,1850,1089.97,7,Mymensingh,1,1/7/2014
CUST00080,1500,3376.15,7,Sylhet,4,12/23/2014
CUST00081,452,676.68,7,Nilphamari,4,11/5/2017
CUST00082,1315,1296.29,9,Dinajpur,4,6/26/2015
CUST00083,2152,1334.14,11,Khulna,4,3/11/2013
CUST00084,847,919.49,5,Rajshahi,2,10/6/2016
CUST00085,188,710.77,11,Nilphamari,4,7/27/2018
CUST00086,500,3682.68,4,Mymensingh,1,9/18/2017
CUST00087,1861,4163.69,10,Rangpur,3,12/27/2013
CUST00088,382,463.49,13,Rajshahi,1,1/14/2018
CUST00089,2351,641.68,15,Dinajpur,2,8/24/2012
CUST00090,2218,1384.7,9,Rangpur,4,1/4/2013
CUST00091,676,959.1,9,Rangpur,3,3/26/2017
CUST00092,595,1296,8,Mymensingh,4,6/15/2017
CUST00093,392,3558.35,12,Mymensingh,4,1/4/2018
CUST00094,702,4510.58,13,Dhaka,4,2/28/2017
CUST00095,279,673.68,9,Rangpur,2,4/27/2018
CUST00096,573,998.58,9,Mymensingh,1,7/7/2017
CUST00097,743,283.38,12,Chattogram,1,1/18/2017
CUST00098,1284,2917.1,8,Rangpur,4,7/27/2015
CUST00099,1226,1691.26,13,Dinajpur,2,9/23/2015
CUST00100,2456,2577.83,6,Sylhet,2,5/11/2012
CUST00101,1324,306.34,9,Chattogram,1,6/17/2015
CUST00102,1082,1826.94,11,Rajshahi,1,2/14/2016
CUST00103,677,906.7,8,Dhaka,4,3/25/2017
CUST00104,2301,422.62,12,Saidpur,4,10/13/2012
CUST00105,1754,4556.73,5,Sylhet,3,4/13/2014
CUST00106,841,246.62,11,Nilphamari,2,10/12/2016
CUST00107,63,2323.97,13,Nilphamari,3,11/29/2018
CUST00108,1436,1673.93,9,Rajshahi,2,2/25/2015
CUST00109,584,1801.51,3,Nilphamari,4,6/26/2017
CUST00110,384,2112.9,5,Dinajpur,1,1/12/2018
CUST00111,949,2041.63,13,Khulna,1,6/26/2016
CUST00112,747,503.4,7,Dhaka,2,1/14/2017
CUST00113,162,1111.91,7,Saidpur,2,8/22/2018
CUST00114,678,1255.46,8,Saidpur,4,3/24/2017
CUST00115,826,1256.45,7,Sylhet,1,10/27/2016
CUST00116,476,1414.53,6,Nilphamari,1,10/12/2017
CUST00117,763,626.9,8,Dinajpur,4,12/29/2016
CUST00118,1306,440.21,11,Saidpur,3,7/5/2015
CUST00119,1782,5035.11,10,Sylhet,1,3/16/2014
CUST00120,1077,2418.88,8,Rangpur,1,2/19/2016
CUST00121,1228,1195.19,13,Rangpur,3,9/21/2015
CUST00122,1940,2077.14,7,Rangpur,1,10/9/2013
CUST00123,1461,727.79,12,Mymensingh,1,1/31/2015
CUST00124,320,835.92,5,Saidpur,3,3/17/2018
CUST00125,892,850.01,9,Rangpur,2,8/22/2016
CUST00126,645,3052.93,14,Dhaka,1,4/26/2017
CUST00127,1094,592.74,11,Rangpur,2,2/2/2016
CUST00128,609,702.26,10,Dhaka,4,6/1/2017
CUST00129,535,1826.24,4,Chattogram,2,8/14/2017
CUST00130,2374,1215.58,10,Saidpur,3,8/1/2012
CUST00131,847,1538.14,7,Saidpur,3,10/6/2016
CUST00132,1376,1672.77,11,Saidpur,3,4/26/2015
CUST00133,931,2939.56,8,Rangpur,2,7/14/2016
CUST00134,372,1286.23,9,Sylhet,2,1/24/2018
CUST00135,1577,797.01,12,Rangpur,3,10/7/2014
CUST00136,855,2379.57,9,Mymensingh,1,9/28/2016
CUST00137,1082,1277.36,8,Rajshahi,1,2/14/2016
CUST00138,1080,1320.9,9,Dhaka,1,2/16/2016
CUST00139,2217,1688.99,10,Rangpur,3,1/5/2013
CUST00140,1704,1338.73,6,Dhaka,1,6/2/2014
CUST00141,85,3576.84,12,Dinajpur,4,11/7/2018
CUST00142,2324,1305.22,8,Mymensingh,1,9/20/2012
CUST00143,2105,1161.23,7,Chattogram,3,4/27/2013
CUST00144,1913,470.6,14,Rangpur,3,11/5/2013
CUST00145,1715,1356.57,9,Sylhet,2,5/22/2014
CUST00146,1378,1729.34,8,Rangpur,2,4/24/2015
CUST00147,2282,2882.15,7,Saidpur,2,11/1/2012
CUST00148,2170,1902.96,8,Nilphamari,4,2/21/2013
CUST00149,690,4872.32,11,Rajshahi,3,3/12/2017
CUST00150,621,935.43,8,Sylhet,1,5/20/2017
CUST00151,1969,1040.81,8,Rangpur,4,9/10/2013
CUST00152,2319,2848.32,9,Rangpur,1,9/25/2012
CUST00153,552,942.6,8,Rangpur,4,7/28/2017
CUST00154,226,1005.71,11,Sylhet,3,6/19/2018
CUST00155,1954,981.99,5,Dinajpur,3,9/25/2013
CUST00156,1622,1290.44,15,Nilphamari,1,8/23/2014
CUST00157,229,1268.66,9,Nilphamari,1,6/16/2018
CUST00158,591,1034.51,12,Saidpur,3,6/19/2017
CUST00159,1062,1198.24,8,Chattogram,3,3/5/2016
CUST00160,1675,635.74,10,Saidpur,3,7/1/2014
CUST00161,1650,2019.35,15,Rajshahi,2,7/26/2014
CUST00162,2340,1037.91,9,Rajshahi,2,9/4/2012
CUST00163,1049,1956.58,2,Chattogram,3,3/18/2016
CUST00164,2374,1331.82,11,Dinajpur,3,8/1/2012
CUST00165,1226,620.2,7,Khulna,3,9/23/2015
CUST00166,568,2517.13,7,Rangpur,1,7/12/2017
CUST00167,1846,1601.77,11,Sylhet,4,1/11/2014
CUST00168,1596,1118.97,6,Khulna,4,9/18/2014
CUST00169,1240,1116.54,11,Rangpur,1,9/9/2015
CUST00170,806,577.09,9,Mymensingh,3,11/16/2016
CUST00171,554,636.26,5,Nilphamari,3,7/26/2017
CUST00172,871,993.61,12,Nilphamari,2,9/12/2016
CUST00173,1907,1017.54,14,Saidpur,1,11/11/2013
CUST00174,583,947.81,13,Dinajpur,4,6/27/2017
CUST00175,2171,957.84,9,Rajshahi,1,2/20/2013
CUST00176,1146,838.93,10,Khulna,4,12/12/2015
CUST00177,2129,1095.4,10,Mymensingh,2,4/3/2013
CUST00178,2467,4802.28,13,Dhaka,1,4/30/2012
CUST00179,590,450.18,5,Sylhet,2,6/20/2017
CUST00180,1493,497.02,10,Rangpur,4,12/30/2014
CUST00181,122,514.94,8,Sylhet,2,10/1/2018
CUST00182,1272,868.93,6,Nilphamari,3,8/8/2015
CUST00183,2292,890.74,5,Rangpur,1,10/22/2012
CUST00184,1955,885.4,9,Rangpur,3,9/24/2013
CUST00185,31,1135.56,11,Chattogram,4,12/31/2018
CUST00186,447,1028.44,7,Mymensingh,4,11/10/2017
CUST00187,2348,4114.96,8,Rangpur,1,8/27/2012
CUST00188,2232,674.36,10,Sylhet,2,12/21/2012
CUST00189,1658,1706.74,9,Rajshahi,1,7/18/2014
CUST00190,532,470.26,11,Sylhet,4,8/17/2017
CUST00191,225,766.1,14,Nilphamari,1,6/20/2018
CUST00192,2108,529.62,10,Rangpur,1,4/24/2013
CUST00193,829,446.67,9,Mymensingh,2,10/24/2016
CUST00194,2084,607.95,9,Chattogram,2,5/18/2013
CUST00195,2421,3232.65,10,Chattogram,4,6/15/2012
CUST00196,313,3095.31,10,Rajshahi,1,3/24/2018
CUST00197,1666,1860.24,8,Saidpur,3,7/10/2014
CUST00198,2464,937.62,11,Rangpur,2,5/3/2012
CUST00199,546,1585.4,8,Chattogram,2,8/3/2017
CUST00200,306,1261.06,10,Dhaka,2,3/31/2018
CUST00201,506,374,5,Rangpur,3,9/12/2017
CUST00202,68,1311.65,7,Sylhet,2,11/24/2018
CUST00203,1020,962.05,14,Mymensingh,4,4/16/2016
CUST00204,2354,954.31,8,Rangpur,1,8/21/2012
CUST00205,238,477.5,13,Rajshahi,4,6/7/2018
CUST00206,766,1415.73,14,Sylhet,3,12/26/2016
CUST00207,940,1091.45,8,Khulna,4,7/5/2016
CUST00208,1246,1431.97,12,Chattogram,3,9/3/2015
CUST00209,1668,1692.07,10,Khulna,1,7/8/2014
CUST00210,1723,1159.04,5,Dhaka,3,5/14/2014
CUST00211,341,420.25,10,Dinajpur,1,2/24/2018
CUST00212,2156,2349.4,10,Rangpur,2,3/7/2013
CUST00213,1579,754.99,5,Rangpur,4,10/5/2014
CUST00214,1000,388.87,7,Mymensingh,1,5/6/2016
CUST00215,1216,4041.54,9,Mymensingh,1,10/3/2015
CUST00216,2086,604.66,7,Mymensingh,2,5/16/2013
CUST00217,211,1454.73,8,Chattogram,2,7/4/2018
CUST00218,1645,1855.04,10,Khulna,1,7/31/2014
CUST00219,551,1822.78,8,Rangpur,3,7/29/2017
CUST00220,1954,1452.01,8,Rajshahi,1,9/25/2013
CUST00221,163,1216.83,6,Chattogram,4,8/21/2018
CUST00222,1702,594.19,14,Dhaka,1,6/4/2014
CUST00223,446,1220.7,8,Rajshahi,4,11/11/2017
CUST00224,874,526.5,10,Dhaka,3,9/9/2016
CUST00225,954,233.96,10,Sylhet,2,6/21/2016
CUST00226,2344,6365.38,8,Saidpur,3,8/31/2012
CUST00227,2419,824.32,9,Dhaka,2,6/17/2012
CUST00228,417,306.12,9,Rajshahi,3,12/10/2017
CUST00229,2474,1417.06,3,Saidpur,2,4/23/2012
CUST00230,1981,753.79,5,Dhaka,3,8/29/2013
CUST00231,2370,859.37,5,Mymensingh,2,8/5/2012
CUST00232,1878,926.59,5,Sylhet,2,12/10/2013
CUST00233,112,5222.6,10,Sylhet,3,10/11/2018
CUST00234,2083,1967.28,7,Sylhet,1,5/19/2013
CUST00235,59,1812.04,11,Chattogram,1,12/3/2018
CUST00236,1106,535.18,10,Chattogram,4,1/21/2016
CUST00237,1004,1619.74,12,Nilphamari,2,5/2/2016
CUST00238,1928,2191.87,10,Khulna,3,10/21/2013
CUST00239,2424,1424.39,5,Khulna,2,6/12/2012
CUST00240,117,1717.79,10,Sylhet,3,10/6/2018
CUST00241,767,1616.16,12,Dhaka,2,12/25/2016
CUST00242,243,733.83,7,Sylhet,4,6/2/2018
CUST00243,2385,1368.43,12,Saidpur,3,7/21/2012
CUST00244,1919,1106.01,8,Rangpur,4,10/30/2013
CUST00245,76,900.18,11,Nilphamari,2,11/16/2018
CUST00246,192,392.34,10,Chattogram,1,7/23/2018
CUST00247,2380,985.41,10,Dhaka,1,7/26/2012
CUST00248,2454,3516.93,7,Mymensingh,2,5/13/2012
CUST00249,1279,842.33,7,Khulna,4,8/1/2015
CUST00250,274,767.43,8,Khulna,1,5/2/2018
CUST00251,1692,1253.78,11,Khulna,3,6/14/2014
CUST00252,1833,894.64,10,Rangpur,2,1/24/2014
CUST00253,2489,747.38,4,Khulna,1,4/8/2012
CUST00254,275,392.54,14,Nilphamari,1,5/1/2018
CUST00255,1508,1943.74,6,Dhaka,3,12/15/2014
CUST00256,627,1803.52,16,Rangpur,3,5/14/2017
CUST00257,2140,609.02,6,Saidpur,3,3/23/2013
CUST00258,2132,1596.78,9,Mymensingh,4,3/31/2013
CUST00259,587,1087.06,6,Rangpur,1,6/23/2017
CUST00260,1271,878.08,7,Khulna,3,8/9/2015
CUST00261,1346,2024.86,10,Rajshahi,1,5/26/2015
CUST00262,324,1009,5,Sylhet,2,3/13/2018
CUST00263,1683,2729.25,7,Sylhet,1,6/23/2014
CUST00264,709,674.87,8,Dhaka,1,2/21/2017
CUST00265,2425,2456.58,12,Dhaka,3,6/11/2012
CUST00266,2015,920.08,8,Dhaka,1,7/26/2013
CUST00267,1008,1136.2,12,Nilphamari,4,4/28/2016
CUST00268,2452,3547.46,6,Rajshahi,3,5/15/2012
CUST00269,2082,450.62,9,Sylhet,4,5/20/2013
CUST00270,989,710.11,10,Sylhet,2,5/17/2016
CUST00271,1212,906.52,11,Rangpur,2,10/7/2015
CUST00272,2301,966.82,6,Mymensingh,3,10/13/2012
CUST00273,1482,2614.52,13,Rajshahi,2,1/10/2015
CUST00274,102,745.14,9,Rangpur,1,10/21/2018
CUST00275,1618,1942.6,12,Khulna,3,8/27/2014
CUST00276,1109,682.84,4,Rajshahi,2,1/18/2016
CUST00277,1544,654.93,9,Nilphamari,4,11/9/2014
CUST00278,1457,1546.38,11,Dinajpur,1,2/4/2015
CUST00279,88,2440.17,5,Dhaka,3,11/4/2018
CUST00280,237,1238.45,9,Mymensingh,1,6/8/2018
CUST00281,1120,1194.01,11,Rangpur,1,1/7/2016
CUST00282,2407,2872.22,12,Chattogram,1,6/29/2012
CUST00283,732,2608.11,8,Rangpur,3,1/29/2017
CUST00284,287,1749.16,9,Khulna,3,4/19/2018
CUST00285,909,1620.27,9,Sylhet,1,8/5/2016
CUST00286,152,1773.37,5,Dhaka,2,9/1/2018
CUST00287,1577,1303.89,8,Rajshahi,4,10/7/2014
CUST00288,571,476.41,8,Khulna,2,7/9/2017
CUST00289,2131,1868.98,8,Mymensingh,2,4/1/2013
CUST00290,2272,1179.93,21,Dhaka,3,11/11/2012
CUST00291,2367,859.76,10,Sylhet,2,8/8/2012
CUST00292,2461,972.51,6,Rangpur,4,5/6/2012
CUST00293,1505,967.92,9,Mymensingh,4,12/18/2014
CUST00294,1000,1130.8,12,Mymensingh,4,5/6/2016
CUST00295,1578,785.75,9,Sylhet,3,10/6/2014
CUST00296,1753,748.73,9,Khulna,2,4/14/2014
CUST00297,2382,2467.99,6,Nilphamari,3,7/24/2012
CUST00298,537,1118.79,7,Nilphamari,4,8/12/2017
CUST00299,1398,1160.85,10,Mymensingh,4,4/4/2015
CUST00300,1785,1550.92,6,Mymensingh,3,3/13/2014
CUST00301,40,3651.6,12,Khulna,4,12/22/2018
CUST00302,1857,1129.23,9,Chattogram,1,12/31/2013
CUST00303,1857,1784.02,13,Dhaka,2,12/31/2013
CUST00304,1098,1645.5,9,Sylhet,2,1/29/2016
CUST00305,1218,2103.77,4,Dinajpur,3,10/1/2015
CUST00306,2092,410.55,11,Khulna,1,5/10/2013
CUST00307,1073,577.7,7,Sylhet,2,2/23/2016
CUST00308,2285,1481.06,6,Khulna,1,10/29/2012
CUST00309,2056,1026.01,8,Rajshahi,1,6/15/2013
CUST00310,610,1342.06,8,Rajshahi,2,5/31/2017
CUST00311,149,1291.72,3,Nilphamari,2,9/4/2018
CUST00312,946,516.35,6,Dinajpur,2,6/29/2016
CUST00313,272,1730.48,5,Dhaka,3,5/4/2018
CUST00314,460,2647.35,10,Saidpur,2,10/28/2017
CUST00315,1132,2086.39,8,Sylhet,1,12/26/2015
CUST00316,1906,793.96,7,Nilphamari,1,11/12/2013
CUST00317,1101,728.31,9,Rajshahi,3,1/26/2016
CUST00318,812,1131.49,13,Chattogram,2,11/10/2016
CUST00319,561,1899.55,7,Dinajpur,1,7/19/2017
CUST00320,1919,595.74,9,Chattogram,2,10/30/2013
CUST00321,2132,1139.56,12,Dinajpur,4,3/31/2013
CUST00322,84,1215.27,7,Nilphamari,4,11/8/2018
CUST00323,102,449.43,11,Rangpur,4,10/21/2018
CUST00324,2373,914.43,8,Chattogram,3,8/2/2012
CUST00325,769,3563.89,6,Khulna,1,12/23/2016
CUST00326,1370,635.92,4,Sylhet,3,5/2/2015
CUST00327,987,643.53,9,Sylhet,3,5/19/2016
CUST00328,2156,849.33,10,Mymensingh,1,3/7/2013
CUST00329,1231,1056.25,9,Mymensingh,3,9/18/2015
CUST00330,1479,1353.39,8,Sylhet,3,1/13/2015
CUST00331,157,1113.11,11,Chattogram,3,8/27/2018
CUST00332,272,638.64,9,Rajshahi,3,5/4/2018
CUST00333,949,4539.72,9,Rajshahi,1,6/26/2016
CUST00334,490,806.22,10,Chattogram,2,9/28/2017
CUST00335,1428,1100.8,9,Chattogram,3,3/5/2015
CUST00336,2314,764.86,14,Dinajpur,2,9/30/2012
CUST00337,289,399.68,10,Khulna,4,4/17/2018
CUST00338,718,916.36,7,Dinajpur,3,2/12/2017
CUST00339,720,944.93,12,Dhaka,1,2/10/2017
CUST00340,1272,1140.35,12,Nilphamari,1,8/8/2015
CUST00341,423,341.12,10,Dhaka,2,12/4/2017
CUST00342,978,1251.6,14,Nilphamari,3,5/28/2016
CUST00343,1916,1617.51,9,Khulna,1,11/2/2013
CUST00344,101,1808.34,11,Mymensingh,4,10/22/2018
CUST00345,2387,1059.09,9,Mymensingh,3,7/19/2012
CUST00346,2301,697.01,9,Mymensingh,1,10/13/2012
CUST00347,2168,788.4,9,Rangpur,2,2/23/2013
CUST00348,2091,737.8,13,Dhaka,2,5/11/2013
CUST00349,1203,637.7,12,Rajshahi,2,10/16/2015
CUST00350,2292,797.16,11,Khulna,3,10/22/2012
CUST00351,77,996.79,12,Saidpur,3,11/15/2018
CUST00352,971,1308.25,7,Chattogram,4,6/4/2016
CUST00353,948,470.74,11,Nilphamari,2,6/27/2016
CUST00354,453,1635.51,14,Rajshahi,3,11/4/2017
CUST00355,645,1699.65,7,Chattogram,1,4/26/2017
CUST00356,2056,875.44,10,Sylhet,3,6/15/2013
CUST00357,2378,1239.51,9,Mymensingh,2,7/28/2012
CUST00358,2011,770.84,10,Chattogram,1,7/30/2013
CUST00359,182,2049.84,9,Khulna,4,8/2/2018
CUST00360,2440,760.51,8,Saidpur,3,5/27/2012
CUST00361,388,878.29,10,Khulna,1,1/8/2018
CUST00362,1424,2500.25,8,Dinajpur,4,3/9/2015
CUST00363,2206,2179.72,9,Dinajpur,4,1/16/2013
CUST00364,1025,2324.19,11,Mymensingh,4,4/11/2016
CUST00365,1872,1330.13,10,Sylhet,3,12/16/2013
CUST00366,164,2292.19,11,Sylhet,2,8/20/2018
CUST00367,559,947.01,5,Dhaka,3,7/21/2017
CUST00368,1899,896.86,14,Mymensingh,4,11/19/2013
CUST00369,1531,598.85,12,Mymensingh,4,11/22/2014
CUST00370,194,5327.44,10,Chattogram,4,7/21/2018
CUST00371,1007,2031.09,9,Khulna,1,4/29/2016
CUST00372,126,836.83,12,Dinajpur,2,9/27/2018
CUST00373,630,1167.98,8,Dinajpur,1,5/11/2017
CUST00374,1677,1075.63,12,Khulna,1,6/29/2014
CUST00375,750,1364.16,9,Mymensingh,4,1/11/2017
CUST00376,1637,1681.06,7,Saidpur,2,8/8/2014
CUST00377,938,708.74,9,Khulna,4,7/7/2016
CUST00378,434,354.7,7,Saidpur,1,11/23/2017
CUST00379,2275,1880.09,8,Dinajpur,1,11/8/2012
CUST00380,869,1103.74,8,Sylhet,4,9/14/2016
CUST00381,591,4152.53,13,Chattogram,2,6/19/2017
CUST00382,244,1284.91,5,Khulna,3,6/1/2018
CUST00383,2287,1661.19,14,Rajshahi,3,10/27/2012
CUST00384,276,855.76,9,Saidpur,4,4/30/2018
CUST00385,2142,995.94,8,Dinajpur,3,3/21/2013
CUST00386,121,1432.57,8,Sylhet,3,10/2/2018
CUST00387,1968,2390.69,4,Mymensingh,1,9/11/2013
CUST00388,60,1336.61,5,Saidpur,1,12/2/2018
CUST00389,1969,2139.87,13,Sylhet,2,9/10/2013
CUST00390,331,665.57,12,Dinajpur,1,3/6/2018
CUST00391,627,644.11,12,Khulna,3,5/14/2017
CUST00392,1390,1214.93,14,Sylhet,1,4/12/2015
CUST00393,1443,2359.09,10,Rangpur,2,2/18/2015
CUST00394,934,731.17,6,Dhaka,2,7/11/2016
CUST00395,2446,657.79,4,Khulna,1,5/21/2012
CUST00396,2014,3247.45,7,Rangpur,4,7/27/2013
CUST00397,2165,866.99,8,Dinajpur,3,2/26/2013
CUST00398,1322,954.5,18,Saidpur,2,6/19/2015
CUST00399,1461,555.89,12,Khulna,1,1/31/2015
CUST00400,340,3605.05,9,Rajshahi,2,2/25/2018
CUST00401,59,960.12,5,Rangpur,4,12/3/2018
CUST00402,2035,914.34,6,Khulna,3,7/6/2013
CUST00403,824,2530.95,13,Dinajpur,3,10/29/2016
CUST00404,2169,3390.9,12,Dhaka,2,2/22/2013
CUST00405,2345,1958.61,9,Dhaka,2,8/30/2012
CUST00406,2015,1849.44,7,Khulna,3,7/26/2013
CUST00407,1723,8962.06,11,Mymensingh,3,5/14/2014
CUST00408,551,1037.74,13,Rangpur,4,7/29/2017
CUST00409,1239,1874.98,9,Nilphamari,3,9/10/2015
CUST00410,474,811.19,8,Rajshahi,2,10/14/2017
CUST00411,1396,2249.96,6,Nilphamari,4,4/6/2015
CUST00412,2241,6642.52,18,Rajshahi,1,12/12/2012
CUST00413,499,1395.19,14,Mymensingh,2,9/19/2017
CUST00414,1268,1189.08,10,Khulna,1,8/12/2015
CUST00415,2461,2650.02,11,Dinajpur,3,5/6/2012
CUST00416,2265,1260.12,12,Dinajpur,3,11/18/2012
CUST00417,481,2604.82,9,Dinajpur,3,10/7/2017
CUST00418,2031,2482.39,6,Rangpur,3,7/10/2013
CUST00419,1514,744.15,5,Nilphamari,4,12/9/2014
CUST00420,1259,1179.26,10,Nilphamari,4,8/21/2015
CUST00421,1032,496.52,11,Dhaka,4,4/4/2016
CUST00422,504,2661.29,7,Khulna,4,9/14/2017
CUST00423,233,745.46,6,Rangpur,3,6/12/2018
CUST00424,868,728.81,9,Sylhet,1,9/15/2016
CUST00425,991,1257.85,12,Chattogram,2,5/15/2016
CUST00426,92,1251.85,4,Saidpur,3,10/31/2018
CUST00427,803,942.24,7,Sylhet,3,11/19/2016
CUST00428,107,543.53,6,Chattogram,4,10/16/2018
CUST00429,500,1592.74,10,Chattogram,4,9/18/2017
CUST00430,1733,1420.49,9,Khulna,2,5/4/2014
CUST00431,1623,2391.74,9,Rajshahi,1,8/22/2014
CUST00432,1767,1362.83,5,Sylhet,3,3/31/2014
CUST00433,2398,1286.86,10,Dinajpur,4,7/8/2012
CUST00434,1527,618.94,9,Dhaka,3,11/26/2014
CUST00435,2035,1234.08,6,Khulna,2,7/6/2013
CUST00436,620,251.87,6,Chattogram,3,5/21/2017
CUST00437,890,1018.23,11,Sylhet,4,8/24/2016
CUST00438,1727,709.39,12,Mymensingh,1,5/10/2014
CUST00439,1367,576.77,7,Rajshahi,2,5/5/2015
CUST00440,313,1997.45,8,Chattogram,3,3/24/2018
CUST00441,482,514.52,9,Mymensingh,3,10/6/2017
CUST00442,2347,370.7,6,Dinajpur,1,8/28/2012
CUST00443,1192,1204.72,9,Rangpur,4,10/27/2015
CUST00444,430,847.34,16,Dinajpur,2,11/27/2017
CUST00445,1704,809.08,8,Saidpur,3,6/2/2014
CUST00446,117,3153.12,5,Saidpur,4,10/6/2018
CUST00447,607,2950.08,6,Khulna,1,6/3/2017
CUST00448,1670,1107.48,7,Nilphamari,4,7/6/2014
CUST00449,2069,416.47,9,Dhaka,2,6/2/2013
CUST00450,140,1975.66,10,Rangpur,1,9/13/2018
CUST00451,833,1477.58,8,Rajshahi,4,10/20/2016
CUST00452,940,1453.45,10,Nilphamari,1,7/5/2016
CUST00453,670,1739.51,2,Sylhet,2,4/1/2017
CUST00454,1676,1197.84,15,Mymensingh,3,6/30/2014
CUST00455,50,1861.35,11,Saidpur,2,12/12/2018
CUST00456,691,1864.78,8,Saidpur,1,3/11/2017
CUST00457,1133,1543.34,10,Rangpur,1,12/25/2015
CUST00458,420,525.46,9,Rangpur,1,12/7/2017
CUST00459,660,830.13,14,Dhaka,1,4/11/2017
CUST00460,679,1813.98,7,Sylhet,4,3/23/2017
CUST00461,1339,1436.6,6,Nilphamari,4,6/2/2015
CUST00462,1467,2389.25,9,Chattogram,3,1/25/2015
CUST00463,2472,1388.19,12,Sylhet,3,4/25/2012
CUST00464,2451,1488.8,10,Dinajpur,1,5/16/2012
CUST00465,2082,1100.6,9,Nilphamari,4,5/20/2013
CUST00466,180,731.17,8,Dhaka,1,8/4/2018
CUST00467,1144,1891.53,10,Chattogram,1,12/14/2015
CUST00468,367,316.21,9,Chattogram,2,1/29/2018
CUST00469,1893,1635.66,8,Mymensingh,3,11/25/2013
CUST00470,1427,972.88,11,Khulna,2,3/6/2015
CUST00471,113,697.95,4,Rajshahi,3,10/10/2018
CUST00472,935,1043.89,9,Rajshahi,3,7/10/2016
CUST00473,519,1426.72,12,Dinajpur,2,8/30/2017
CUST00474,1030,378.13,10,Dhaka,4,4/6/2016
CUST00475,1561,818.12,9,Dinajpur,3,10/23/2014
CUST00476,848,1551.45,9,Mymensingh,2,10/5/2016
CUST00477,1535,1012.01,5,Sylhet,4,11/18/2014
CUST00478,1829,860.89,12,Mymensingh,2,1/28/2014
CUST00479,758,2780.5,14,Rajshahi,4,1/3/2017
CUST00480,193,622.7,8,Mymensingh,3,7/22/2018
CUST00481,2416,1444.38,10,Mymensingh,4,6/20/2012
CUST00482,1435,2120.12,11,Mymensingh,1,2/26/2015
CUST00483,946,1033.31,11,Rangpur,4,6/29/2016
CUST00484,1407,612.31,12,Rangpur,2,3/26/2015
CUST00485,2088,1470.29,10,Chattogram,4,5/14/2013
CUST00486,1913,1434.53,12,Mymensingh,2,11/5/2013
CUST00487,283,834.71,9,Rangpur,1,4/23/2018
CUST00488,2495,1256.37,10,Sylhet,4,4/2/2012
CUST00489,126,1091.77,5,Saidpur,3,9/27/2018
CUST00490,2313,936.58,8,Rangpur,3,10/1/2012
CUST00491,485,1346.27,8,Mymensingh,3,10/3/2017
CUST00492,397,1922.54,13,Dhaka,1,12/30/2017
CUST00493,1460,394.8,9,Nilphamari,4,2/1/2015
CUST00494,736,909.32,10,Rajshahi,1,1/25/2017
CUST00495,2279,828.83,6,Saidpur,4,11/4/2012
CUST00496,2216,1132.1,10,Dinajpur,2,1/6/2013
CUST00497,2187,996.74,5,Rangpur,1,2/4/2013
CUST00498,250,524.87,10,Nilphamari,4,5/26/2018
CUST00499,443,1012.58,11,Chattogram,3,11/14/2017
CUST00500,2202,1381.2,7,Chattogram,3,1/20/2013
CUST00501,2033,1591.04,6,Chattogram,1,7/8/2013
CUST00502,2051,1036.9,8,Rajshahi,3,6/20/2013
CUST00503,1626,822.91,8,Saidpur,2,8/19/2014
CUST00504,2067,739.4,6,Dhaka,1,6/4/2013
CUST00505,226,1427.56,13,Sylhet,2,6/19/2018
CUST00506,593,1005.72,9,Rangpur,4,6/17/2017
CUST00507,1478,1515.38,13,Sylhet,1,1/14/2015
CUST00508,798,600.89,10,Rajshahi,1,11/24/2016
CUST00509,1437,4185.94,8,Mymensingh,1,2/24/2015
CUST00510,1181,1604.51,8,Chattogram,2,11/7/2015
CUST00511,1858,236.47,7,Rangpur,2,12/30/2013
CUST00512,1481,937.35,11,Dhaka,2,1/11/2015
CUST00513,2135,1765.12,9,Sylhet,4,3/28/2013
CUST00514,1104,3497.07,9,Rangpur,1,1/23/2016
CUST00515,1505,613.68,10,Rangpur,4,12/18/2014
CUST00516,1207,1831.46,5,Chattogram,1,10/12/2015
CUST00517,178,457.4,7,Dhaka,3,8/6/2018
CUST00518,1681,1493.5,8,Dinajpur,4,6/25/2014
CUST00519,1953,529.92,2,Dhaka,3,9/26/2013
CUST00520,1016,515.45,11,Rajshahi,1,4/20/2016
CUST00521,1548,2247.15,8,Khulna,4,11/5/2014
CUST00522,1795,1227.91,8,Dhaka,2,3/3/2014
CUST00523,364,2056.25,8,Saidpur,2,2/1/2018
CUST00524,2303,2181.12,12,Dhaka,3,10/11/2012
CUST00525,2444,814.94,9,Nilphamari,1,5/23/2012
CUST00526,1948,435.72,7,Saidpur,2,10/1/2013
CUST00527,1276,583.01,8,Dinajpur,3,8/4/2015
CUST00528,2247,1014.61,11,Nilphamari,2,12/6/2012
CUST00529,966,847.29,8,Dhaka,3,6/9/2016
CUST00530,2476,1398.86,9,Khulna,4,4/21/2012
CUST00531,534,652.26,8,Khulna,1,8/15/2017
CUST00532,1936,618.57,7,Nilphamari,1,10/13/2013
CUST00533,1143,2097.9,6,Saidpur,1,12/15/2015
CUST00534,532,1353.77,11,Nilphamari,1,8/17/2017
CUST00535,2006,2098.24,5,Rangpur,3,8/4/2013
CUST00536,1765,597.59,11,Dinajpur,4,4/2/2014
CUST00537,315,4316.19,7,Rajshahi,4,3/22/2018
CUST00538,2192,3377.69,9,Rajshahi,1,1/30/2013
CUST00539,108,761.45,9,Dhaka,3,10/15/2018
CUST00540,399,1248.09,10,Chattogram,2,12/28/2017
CUST00541,1169,1059.22,8,Khulna,3,11/19/2015
CUST00542,675,1177.48,10,Mymensingh,4,3/27/2017
CUST00543,2252,905.82,12,Mymensingh,4,12/1/2012
CUST00544,1008,1069.79,12,Chattogram,3,4/28/2016
CUST00545,1246,1091.35,6,Rangpur,4,9/3/2015
CUST00546,618,990.7,9,Mymensingh,2,5/23/2017
CUST00547,973,2553.87,11,Nilphamari,3,6/2/2016
CUST00548,1128,852.29,5,Dinajpur,1,12/30/2015
CUST00549,1381,955.04,9,Chattogram,1,4/21/2015
CUST00550,1011,1250.17,7,Dhaka,4,4/25/2016
CUST00551,465,689.07,15,Mymensingh,3,10/23/2017
CUST00552,1309,506.37,11,Sylhet,3,7/2/2015
CUST00553,2070,1483.53,12,Chattogram,2,6/1/2013
CUST00554,1151,2351.83,12,Dinajpur,2,12/7/2015
CUST00555,867,1688.84,13,Nilphamari,1,9/16/2016
CUST00556,1718,2268.63,7,Rangpur,3,5/19/2014
CUST00557,227,402.7,9,Dinajpur,1,6/18/2018
CUST00558,1023,2779.1,11,Rangpur,4,4/13/2016
CUST00559,1121,901.24,8,Dhaka,3,1/6/2016
CUST00560,1827,1068.07,11,Chattogram,3,1/30/2014
CUST00561,487,1537.98,13,Mymensingh,1,10/1/2017
CUST00562,1228,661.35,9,Dhaka,3,9/21/2015
CUST00563,1224,617.86,9,Rangpur,1,9/25/2015
CUST00564,1370,834.12,12,Chattogram,3,5/2/2015
CUST00565,166,1237.39,7,Saidpur,3,8/18/2018
CUST00566,1173,391.21,12,Nilphamari,2,11/15/2015
CUST00567,1361,1985.14,9,Sylhet,2,5/11/2015
CUST00568,2380,2064.51,11,Mymensingh,1,7/26/2012
CUST00569,285,1108.72,10,Chattogram,4,4/21/2018
CUST00570,488,841.46,7,Sylhet,3,9/30/2017
CUST00571,1257,518.99,7,Khulna,1,8/23/2015
CUST00572,2388,4263.34,8,Nilphamari,2,7/18/2012
CUST00573,378,1909.09,8,Dinajpur,1,1/18/2018
CUST00574,118,905.62,8,Rajshahi,4,10/5/2018
CUST00575,1278,1521.63,7,Saidpur,2,8/2/2015
CUST00576,2390,653.76,1,Dinajpur,2,7/16/2012
CUST00577,1892,2345.92,6,Rajshahi,3,11/26/2013
CUST00578,733,841.05,9,Khulna,1,1/28/2017
CUST00579,1049,1631.53,9,Saidpur,2,3/18/2016
CUST00580,1449,1714.53,9,Rajshahi,4,2/12/2015
CUST00581,1301,1004.18,2,Nilphamari,3,7/10/2015
CUST00582,2382,913.88,8,Saidpur,2,7/24/2012
CUST00583,1891,248.52,6,Rajshahi,2,11/27/2013
CUST00584,854,938.31,8,Rajshahi,2,9/29/2016
CUST00585,270,1783.47,10,Chattogram,3,5/6/2018
CUST00586,2184,2247.77,5,Saidpur,4,2/7/2013
CUST00587,728,746.48,12,Dinajpur,3,2/2/2017
CUST00588,1125,2988.21,12,Mymensingh,2,1/2/2016
CUST00589,2152,1662.76,12,Dinajpur,2,3/11/2013
CUST00590,928,946.9,8,Dinajpur,4,7/17/2016
CUST00591,2133,1736.32,9,Dhaka,3,3/30/2013
CUST00592,622,2375.53,6,Rajshahi,2,5/19/2017
CUST00593,732,369.48,7,Rajshahi,2,1/29/2017
CUST00594,1502,588.76,11,Rajshahi,3,12/21/2014
CUST00595,2420,993.18,14,Nilphamari,1,6/16/2012
CUST00596,60,2556.17,5,Rajshahi,1,12/2/2018
CUST00597,1196,830.56,11,Mymensingh,2,10/23/2015
CUST00598,610,2418.12,11,Chattogram,4,5/31/2017
CUST00599,368,817.1,8,Mymensingh,4,1/28/2018
CUST00600,497,2231.3,10,Khulna,3,9/21/2017
CUST00601,759,1445.61,5,Rajshahi,3,1/2/2017
CUST00602,2201,846.82,8,Dinajpur,2,1/21/2013
CUST00603,2002,4484.62,11,Khulna,3,8/8/2013
CUST00604,587,477.12,14,Rangpur,4,6/23/2017
CUST00605,571,543.5,10,Saidpur,4,7/9/2017
CUST00606,775,1076.35,8,Dhaka,2,12/17/2016
CUST00607,1681,1096.33,10,Rangpur,4,6/25/2014
CUST00608,2142,1314,12,Sylhet,2,3/21/2013
CUST00609,419,1502.28,6,Khulna,4,12/8/2017
CUST00610,370,1291.49,7,Dinajpur,2,1/26/2018
CUST00611,1786,3630.5,8,Sylhet,1,3/12/2014
CUST00612,1328,2155.36,12,Dhaka,3,6/13/2015
CUST00613,772,1944.34,9,Rajshahi,2,12/20/2016
CUST00614,2182,826.44,6,Dinajpur,4,2/9/2013
CUST00615,1220,1260.93,13,Dinajpur,4,9/29/2015
CUST00616,1823,1565.48,10,Sylhet,4,2/3/2014
CUST00617,113,954.62,11,Sylhet,2,10/10/2018
CUST00618,689,624.94,8,Chattogram,4,3/13/2017
CUST00619,1685,308.6,6,Dhaka,4,6/21/2014
CUST00620,1077,3524.68,10,Dhaka,3,2/19/2016
CUST00621,2121,3262.28,9,Dinajpur,1,4/11/2013
CUST00622,2096,1100.77,6,Rangpur,4,5/6/2013
CUST00623,1060,896.56,16,Dhaka,4,3/7/2016
CUST00624,2120,645.58,4,Chattogram,2,4/12/2013
CUST00625,198,280.48,11,Sylhet,1,7/17/2018
CUST00626,1275,1762.3,10,Sylhet,1,8/5/2015
CUST00627,752,2633.14,12,Chattogram,2,1/9/2017
CUST00628,1971,1262.09,7,Saidpur,4,9/8/2013
CUST00629,2059,1238.53,10,Sylhet,1,6/12/2013
CUST00630,971,597.49,8,Khulna,3,6/4/2016
CUST00631,1609,357.54,8,Nilphamari,3,9/5/2014
CUST00632,1234,1353.85,3,Dinajpur,3,9/15/2015
CUST00633,1836,882.8,11,Dhaka,3,1/21/2014
CUST00634,1521,3177.48,5,Khulna,2,12/2/2014
CUST00635,609,1291.09,11,Dinajpur,4,6/1/2017
CUST00636,744,1652.65,6,Saidpur,1,1/17/2017
CUST00637,1596,1550.16,11,Rangpur,2,9/18/2014
CUST00638,2169,1220.93,18,Rangpur,1,2/22/2013
CUST00639,1399,1047.65,11,Rajshahi,4,4/3/2015
CUST00640,2216,1272.95,11,Dhaka,2,1/6/2013
CUST00641,577,2328.37,13,Saidpur,3,7/3/2017
CUST00642,1135,1325.37,7,Saidpur,2,12/23/2015
CUST00643,421,265.19,6,Dinajpur,3,12/6/2017
CUST00644,1740,657.71,10,Nilphamari,2,4/27/2014
CUST00645,227,1109.15,8,Dinajpur,1,6/18/2018
CUST00646,2049,2347.3,16,Rajshahi,2,6/22/2013
CUST00647,1712,422.86,8,Rajshahi,3,5/25/2014
CUST00648,2153,712.9,12,Chattogram,1,3/10/2013
CUST00649,1018,601.31,9,Dinajpur,2,4/18/2016
CUST00650,1697,1284.48,6,Chattogram,3,6/9/2014
CUST00651,975,2408.29,11,Mymensingh,2,5/31/2016
CUST00652,1784,1562,5,Chattogram,2,3/14/2014
CUST00653,571,1082.9,7,Dhaka,2,7/9/2017
CUST00654,2161,450.19,13,Rangpur,1,3/2/2013
CUST00655,1761,747.05,10,Chattogram,3,4/6/2014
CUST00656,1251,729.18,12,Rajshahi,2,8/29/2015
CUST00657,521,1165.56,6,Dinajpur,3,8/28/2017
CUST00658,865,1539.5,13,Sylhet,2,9/18/2016
CUST00659,2169,1474.67,9,Saidpur,4,2/22/2013
CUST00660,301,1138.94,6,Dhaka,2,4/5/2018
CUST00661,1280,1115.21,5,Chattogram,2,7/31/2015
CUST00662,1690,635.24,5,Dinajpur,3,6/16/2014
CUST00663,1304,1006.9,9,Rangpur,1,7/7/2015
CUST00664,2220,643.31,5,Rangpur,4,1/2/2013
CUST00665,1373,1594.35,7,Mymensingh,4,4/29/2015
CUST00666,2423,907.46,7,Dhaka,2,6/13/2012
CUST00667,1454,1540.81,7,Rajshahi,4,2/7/2015
CUST00668,440,2962.54,15,Dinajpur,3,11/17/2017
CUST00669,1538,473.77,14,Chattogram,1,11/15/2014
CUST00670,480,536.59,6,Saidpur,4,10/8/2017
CUST00671,348,1358.84,6,Mymensingh,4,2/17/2018
CUST00672,1665,1720.96,5,Rangpur,4,7/11/2014
CUST00673,75,1522.96,4,Dhaka,2,11/17/2018
CUST00674,1772,550.36,8,Sylhet,4,3/26/2014
CUST00675,127,1431.94,11,Rangpur,1,9/26/2018
CUST00676,2339,601.3,9,Dinajpur,4,9/5/2012
CUST00677,1498,1769.62,10,Sylhet,2,12/25/2014
CUST00678,261,718.61,10,Nilphamari,2,5/15/2018
CUST00679,1019,2926.15,11,Khulna,2,4/17/2016
CUST00680,595,1433.04,8,Saidpur,2,6/15/2017
CUST00681,1506,2023.68,3,Chattogram,2,12/17/2014
CUST00682,919,273.92,5,Rangpur,4,7/26/2016
CUST00683,2351,1172.66,8,Khulna,2,8/24/2012
CUST00684,998,1326.66,9,Rajshahi,1,5/8/2016
CUST00685,164,1779.47,8,Mymensingh,3,8/20/2018
CUST00686,2187,703.09,4,Saidpur,3,2/4/2013
CUST00687,61,1841.33,12,Mymensingh,2,12/1/2018
CUST00688,1487,532.8,8,Rangpur,2,1/5/2015
CUST00689,1839,3033.91,12,Mymensingh,2,1/18/2014
CUST00690,717,306.02,8,Nilphamari,3,2/13/2017
CUST00691,338,1622.91,10,Mymensingh,4,2/27/2018
CUST00692,2481,673.1,10,Rangpur,4,4/16/2012
CUST00693,843,1721.79,17,Sylhet,2,10/10/2016
CUST00694,855,777.53,7,Sylhet,4,9/28/2016
CUST00695,295,474.09,7,Rangpur,4,4/11/2018
CUST00696,2019,1610.83,9,Mymensingh,4,7/22/2013
CUST00697,1850,2970.09,6,Mymensingh,2,1/7/2014
CUST00698,931,1322.64,13,Dhaka,4,7/14/2016
CUST00699,1093,2129.85,12,Dhaka,1,2/3/2016
CUST00700,523,621.8,6,Dinajpur,3,8/26/2017
CUST00701,2230,620.7,8,Sylhet,3,12/23/2012
CUST00702,991,1248.24,8,Chattogram,2,5/15/2016
CUST00703,284,1411.82,7,Dhaka,3,4/22/2018
CUST00704,1447,4246.51,9,Chattogram,3,2/14/2015
CUST00705,1880,324.78,12,Saidpur,3,12/8/2013
CUST00706,740,854.58,11,Mymensingh,3,1/21/2017
CUST00707,1957,2315.32,7,Mymensingh,3,9/22/2013
CUST00708,1146,2286.47,5,Rajshahi,1,12/12/2015
CUST00709,1027,309.45,5,Saidpur,2,4/9/2016
CUST00710,605,1409.29,12,Mymensingh,4,6/5/2017
CUST00711,265,5184.32,13,Dhaka,4,5/11/2018
CUST00712,2495,758.46,12,Chattogram,1,4/2/2012
CUST00713,591,951.98,9,Khulna,1,6/19/2017
CUST00714,2012,1533.67,6,Sylhet,2,7/29/2013
CUST00715,1910,752.5,8,Khulna,1,11/8/2013
CUST00716,655,2047.82,13,Rajshahi,4,4/16/2017
CUST00717,2265,527.78,9,Mymensingh,1,11/18/2012
CUST00718,1040,840.38,16,Khulna,3,3/27/2016
CUST00719,686,1681.64,9,Mymensingh,2,3/16/2017
CUST00720,2452,2416.71,10,Saidpur,3,5/15/2012
CUST00721,1985,411.56,6,Dinajpur,4,8/25/2013
CUST00722,1646,1982.77,11,Sylhet,4,7/30/2014
CUST00723,2173,1104.83,11,Khulna,3,2/18/2013
CUST00724,1296,2401.8,11,Mymensingh,2,7/15/2015
CUST00725,408,885.72,12,Dhaka,2,12/19/2017
CUST00726,1363,1228.03,6,Saidpur,1,5/9/2015
CUST00727,2332,1341.29,14,Dinajpur,3,9/12/2012
CUST00728,1941,696.34,14,Dinajpur,3,10/8/2013
CUST00729,979,662.92,10,Rangpur,2,5/27/2016
CUST00730,1615,983.79,11,Chattogram,4,8/30/2014
CUST00731,719,538.85,9,Khulna,2,2/11/2017
CUST00732,708,2063.92,7,Sylhet,2,2/22/2017
CUST00733,2491,1651.32,9,Sylhet,4,4/6/2012
CUST00734,1569,648.44,17,Dhaka,1,10/15/2014
CUST00735,460,2305.49,6,Saidpur,3,10/28/2017
CUST00736,395,2826.12,10,Dinajpur,1,1/1/2018
CUST00737,2218,524.27,7,Khulna,2,1/4/2013
CUST00738,1885,596.31,11,Rangpur,4,12/3/2013
CUST00739,439,4311.76,11,Rajshahi,1,11/18/2017
CUST00740,1895,937.93,14,Dhaka,1,11/23/2013
CUST00741,908,855.69,13,Nilphamari,1,8/6/2016
CUST00742,2027,738.06,7,Mymensingh,4,7/14/2013
CUST00743,1839,940.73,9,Dhaka,2,1/18/2014
CUST00744,2458,2187.5,7,Dhaka,4,5/9/2012
CUST00745,941,872.5,6,Khulna,2,7/4/2016
CUST00746,1204,1362.45,11,Sylhet,3,10/15/2015
CUST00747,1150,563.69,9,Rangpur,2,12/8/2015
CUST00748,2221,694.91,11,Mymensingh,2,1/1/2013
CUST00749,1607,1097.05,7,Saidpur,4,9/7/2014
CUST00750,1646,949.05,12,Chattogram,4,7/30/2014
CUST00751,675,774.91,6,Chattogram,2,3/27/2017
CUST00752,2422,3313.61,13,Rajshahi,3,6/14/2012
CUST00753,686,2898.57,6,Chattogram,1,3/16/2017
CUST00754,1490,666.1,7,Rangpur,3,1/2/2015
CUST00755,2460,1382.89,4,Chattogram,1,5/7/2012
CUST00756,930,1103.96,9,Sylhet,4,7/15/2016
CUST00757,80,1032.33,12,Rajshahi,1,11/12/2018
CUST00758,725,765.79,13,Sylhet,2,2/5/2017
CUST00759,1583,2296.5,7,Dinajpur,1,10/1/2014
CUST00760,2241,1024.8,6,Saidpur,1,12/12/2012
CUST00761,877,2435.89,6,Rangpur,4,9/6/2016
CUST00762,1462,2286.5,7,Nilphamari,2,1/30/2015
CUST00763,771,1290.5,10,Saidpur,2,12/21/2016
CUST00764,461,2820.22,10,Rajshahi,2,10/27/2017
CUST00765,2369,3206.75,6,Nilphamari,4,8/6/2012
CUST00766,1787,1778.68,9,Khulna,2,3/11/2014
CUST00767,1935,807.59,10,Rangpur,3,10/14/2013
CUST00768,1287,3085.79,13,Mymensingh,1,7/24/2015
CUST00769,2102,768.4,8,Chattogram,4,4/30/2013
CUST00770,944,1767.85,5,Chattogram,4,7/1/2016
CUST00771,968,1279.64,10,Nilphamari,3,6/7/2016
CUST00772,1612,4860.02,8,Rajshahi,2,9/2/2014
CUST00773,1743,1726.94,12,Rangpur,3,4/24/2014
CUST00774,174,3274.2,11,Khulna,4,8/10/2018
CUST00775,1106,589.46,7,Chattogram,1,1/21/2016
CUST00776,2328,7408.11,13,Saidpur,2,9/16/2012
CUST00777,2144,1190.3,12,Dinajpur,1,3/19/2013
CUST00778,744,1849.34,10,Dhaka,2,1/17/2017
CUST00779,1132,3173.5,8,Sylhet,4,12/26/2015
CUST00780,1902,1478.93,7,Dinajpur,4,11/16/2013
CUST00781,1662,607.47,9,Rajshahi,3,7/14/2014
CUST00782,199,751.56,6,Nilphamari,4,7/16/2018
CUST00783,143,635.29,7,Rajshahi,4,9/10/2018
CUST00784,1083,466.36,6,Saidpur,2,2/13/2016
CUST00785,1094,288.15,9,Chattogram,4,2/2/2016
CUST00786,1731,1173.86,5,Sylhet,3,5/6/2014
CUST00787,1211,684.7,12,Rangpur,1,10/8/2015
CUST00788,1816,2775.62,9,Dinajpur,3,2/10/2014
CUST00789,1651,1007.23,5,Khulna,4,7/25/2014
CUST00790,1399,2827.71,10,Rajshahi,3,4/3/2015
CUST00791,671,2957.71,8,Nilphamari,3,3/31/2017
CUST00792,1103,1054.22,9,Mymensingh,4,1/24/2016
CUST00793,970,2352.78,2,Chattogram,1,6/5/2016
CUST00794,543,3037.21,11,Rangpur,4,8/6/2017
CUST00795,190,1087,10,Rajshahi,2,7/25/2018
CUST00796,1191,1347.73,14,Nilphamari,1,10/28/2015
CUST00797,1571,706.26,11,Rajshahi,4,10/13/2014
CUST00798,2232,801.66,4,Dinajpur,1,12/21/2012
CUST00799,211,841.68,12,Chattogram,2,7/4/2018
CUST00800,850,2659.39,11,Chattogram,1,10/3/2016
CUST00801,1725,762.01,10,Rajshahi,4,5/12/2014
CUST00802,972,1390.09,5,Saidpur,4,6/3/2016
CUST00803,539,938.4,9,Sylhet,2,8/10/2017
CUST00804,1589,601.97,10,Sylhet,4,9/25/2014
CUST00805,1720,859.75,9,Rangpur,2,5/17/2014
CUST00806,2273,1186.74,12,Mymensingh,3,11/10/2012
CUST00807,1620,1546.28,10,Khulna,2,8/25/2014
CUST00808,2271,1094.21,10,Dinajpur,1,11/12/2012
CUST00809,2347,1255.1,12,Saidpur,3,8/28/2012
CUST00810,1453,1797.36,8,Sylhet,3,2/8/2015
CUST00811,1236,834.49,9,Rangpur,2,9/13/2015
CUST00812,41,1785.4,9,Dhaka,1,12/21/2018
CUST00813,359,2221.93,7,Nilphamari,1,2/6/2018
CUST00814,685,1279.61,7,Khulna,4,3/17/2017
CUST00815,2215,1374.27,5,Rajshahi,3,1/7/2013
CUST00816,1907,1016.86,8,Dinajpur,1,11/11/2013
CUST00817,888,4658.7,14,Rajshahi,4,8/26/2016
CUST00818,1980,1767,5,Rangpur,1,8/30/2013
CUST00819,987,4168.19,11,Sylhet,3,5/19/2016
CUST00820,2449,854.39,7,Chattogram,2,5/18/2012
CUST00821,944,633.03,10,Rajshahi,3,7/1/2016
CUST00822,816,775.45,7,Nilphamari,2,11/6/2016
CUST00823,2108,2638.23,10,Mymensingh,2,4/24/2013
CUST00824,786,974.18,6,Chattogram,1,12/6/2016
CUST00825,1414,1610.1,13,Nilphamari,4,3/19/2015
CUST00826,469,457.22,5,Saidpur,1,10/19/2017
CUST00827,384,1008.85,11,Rangpur,4,1/12/2018
CUST00828,198,1427.45,8,Nilphamari,1,7/17/2018
CUST00829,276,733.45,8,Khulna,2,4/30/2018
CUST00830,2117,736.62,12,Nilphamari,3,4/15/2013
CUST00831,2246,899.98,12,Rajshahi,3,12/7/2012
CUST00832,768,2962.77,7,Dinajpur,4,12/24/2016
CUST00833,1170,512.86,7,Nilphamari,4,11/18/2015
CUST00834,551,1175.97,8,Nilphamari,1,7/29/2017
CUST00835,1454,1259.73,4,Dinajpur,4,2/7/2015
CUST00836,1705,512.29,6,Nilphamari,4,6/1/2014
CUST00837,2102,601.36,13,Dhaka,1,4/30/2013
CUST00838,2241,1516.5,9,Sylhet,3,12/12/2012
CUST00839,826,967.32,10,Rangpur,3,10/27/2016
CUST00840,2281,1174.56,11,Nilphamari,1,11/2/2012
CUST00841,1904,1270.27,8,Rajshahi,1,11/14/2013
CUST00842,1642,544.62,9,Rangpur,1,8/3/2014
CUST00843,446,1033.41,5,Dinajpur,4,11/11/2017
CUST00844,1115,3283.27,12,Mymensingh,1,1/12/2016
CUST00845,1653,892.84,10,Dhaka,2,7/23/2014
CUST00846,2453,605.26,8,Dinajpur,1,5/14/2012
CUST00847,2073,1666.66,8,Sylhet,4,5/29/2013
CUST00848,1998,840.47,10,Mymensingh,3,8/12/2013
CUST00849,1949,2020.65,6,Rangpur,2,9/30/2013
CUST00850,2495,3361.63,9,Saidpur,4,4/2/2012
CUST00851,2295,2043.99,9,Khulna,3,10/19/2012
CUST00852,2140,3975.65,9,Nilphamari,1,3/23/2013
CUST00853,1347,274.14,6,Rajshahi,2,5/25/2015
CUST00854,1679,1496.73,6,Mymensingh,4,6/27/2014
CUST00855,493,891.07,7,Dhaka,1,9/25/2017
CUST00856,1139,3822.43,8,Dhaka,4,12/19/2015
CUST00857,1943,896.69,8,Sylhet,3,10/6/2013
CUST00858,2258,2391.75,7,Rajshahi,1,11/25/2012
CUST00859,242,958.93,9,Sylhet,1,6/3/2018
CUST00860,84,2090.31,17,Dinajpur,4,11/8/2018
CUST00861,288,927.36,11,Rajshahi,4,4/18/2018
CUST00862,1526,523.8,6,Khulna,3,11/27/2014
CUST00863,2085,2365.32,8,Sylhet,3,5/17/2013
CUST00864,316,1596.55,8,Rajshahi,2,3/21/2018
CUST00865,974,2224.51,9,Saidpur,4,6/1/2016
CUST00866,1583,711.25,12,Sylhet,3,10/1/2014
CUST00867,618,745.13,4,Rangpur,2,5/23/2017
CUST00868,137,278.52,7,Dhaka,3,9/16/2018
CUST00869,1862,998.68,4,Sylhet,1,12/26/2013
CUST00870,721,749.13,7,Saidpur,1,2/9/2017
CUST00871,1030,529.41,6,Mymensingh,4,4/6/2016
CUST00872,1204,1201.57,9,Dinajpur,2,10/15/2015
CUST00873,242,2526.72,7,Dinajpur,3,6/3/2018
CUST00874,971,2962.15,11,Rangpur,3,6/4/2016
CUST00875,2166,795.14,7,Dinajpur,4,2/25/2013
CUST00876,2101,758.93,9,Rangpur,3,5/1/2013
CUST00877,681,296.21,6,Khulna,4,3/21/2017
CUST00878,885,215.51,7,Khulna,2,8/29/2016
CUST00879,173,1387.69,7,Chattogram,3,8/11/2018
CUST00880,212,735.26,8,Nilphamari,1,7/3/2018
CUST00881,771,857.15,10,Nilphamari,4,12/21/2016
CUST00882,1632,1009.7,6,Saidpur,2,8/13/2014
CUST00883,772,1257.84,7,Rajshahi,1,12/20/2016
CUST00884,1480,1454.71,6,Chattogram,3,1/12/2015
CUST00885,956,1577.72,6,Saidpur,4,6/19/2016
CUST00886,1020,1339.97,6,Rajshahi,4,4/16/2016
CUST00887,922,1896.72,10,Rajshahi,1,7/23/2016
CUST00888,786,1433.39,10,Dhaka,4,12/6/2016
CUST00889,1410,1537.16,10,Mymensingh,4,3/23/2015
CUST00890,1885,1887.31,9,Khulna,1,12/3/2013
CUST00891,425,2366.19,11,Rajshahi,1,12/2/2017
CUST00892,2227,1841.55,11,Nilphamari,3,12/26/2012
CUST00893,373,1002.9,7,Chattogram,4,1/23/2018
CUST00894,101,1593.97,10,Rangpur,3,10/22/2018
CUST00895,956,864.95,13,Khulna,3,6/19/2016
CUST00896,1971,848.65,5,Khulna,1,9/8/2013
CUST00897,2432,1024.44,10,Saidpur,4,6/4/2012
CUST00898,404,585.66,12,Rajshahi,3,12/23/2017
CUST00899,2107,1677.8,10,Saidpur,3,4/25/2013
CUST00900,1946,537.22,6,Mymensingh,2,10/3/2013
CUST00901,1788,1423.59,11,Rajshahi,4,3/10/2014
CUST00902,1027,1288.76,11,Rajshahi,2,4/9/2016
CUST00903,1010,1305.25,6,Mymensingh,2,4/26/2016
CUST00904,262,971.43,14,Sylhet,4,5/14/2018
CUST00905,552,961.87,8,Rangpur,1,7/28/2017
CUST00906,100,855.09,12,Dhaka,2,10/23/2018
CUST00907,251,668.5,12,Dhaka,4,5/25/2018
CUST00908,1569,1668.09,6,Mymensingh,1,10/15/2014
CUST00909,102,1953.62,11,Rangpur,3,10/21/2018
CUST00910,2371,573.84,11,Rajshahi,3,8/4/2012
CUST00911,1835,3585.34,3,Rajshahi,3,1/22/2014
CUST00912,2321,466.42,4,Saidpur,3,9/23/2012
CUST00913,2138,4687.25,7,Rangpur,4,3/25/2013
CUST00914,1016,823.17,7,Sylhet,4,4/20/2016
CUST00915,1869,1992.62,14,Nilphamari,2,12/19/2013
CUST00916,2182,1104.34,14,Dhaka,4,2/9/2013
CUST00917,735,627.4,9,Nilphamari,3,1/26/2017
CUST00918,1022,2344.27,9,Dinajpur,4,4/14/2016
CUST00919,111,6060.8,9,Mymensingh,4,10/12/2018
CUST00920,596,489.25,11,Chattogram,1,6/14/2017
CUST00921,1505,631.06,13,Khulna,1,12/18/2014
CUST00922,880,3752.15,7,Saidpur,3,9/3/2016
CUST00923,2111,303.24,12,Dhaka,1,4/21/2013
CUST00924,2105,1005.99,6,Rajshahi,2,4/27/2013
CUST00925,79,1136.52,8,Dinajpur,3,11/13/2018
CUST00926,594,1748.92,7,Dinajpur,2,6/16/2017
CUST00927,340,1071.41,9,Sylhet,3,2/25/2018
CUST00928,992,2157.65,5,Saidpur,4,5/14/2016
CUST00929,2311,477.74,11,Khulna,1,10/3/2012
CUST00930,2222,1344.72,9,Dinajpur,4,12/31/2012
CUST00931,709,1391.28,15,Mymensingh,3,2/21/2017
CUST00932,1929,1296.92,7,Chattogram,2,10/20/2013
CUST00933,140,2855.29,13,Chattogram,4,9/13/2018
CUST00934,328,2299.82,7,Rangpur,1,3/9/2018
CUST00935,1402,2013.07,10,Mymensingh,3,3/31/2015
CUST00936,1534,3441.95,9,Dhaka,3,11/19/2014
CUST00937,1751,1874.36,9,Rajshahi,1,4/16/2014
CUST00938,844,1232.14,9,Chattogram,4,10/9/2016
CUST00939,1613,2602.27,11,Dhaka,3,9/1/2014
CUST00940,127,553.52,7,Nilphamari,1,9/26/2018
CUST00941,876,1343.57,13,Rajshahi,4,9/7/2016
CUST00942,187,1353.89,7,Saidpur,1,7/28/2018
CUST00943,1847,1217.53,9,Rangpur,2,1/10/2014
CUST00944,1931,1892.7,13,Khulna,1,10/18/2013
CUST00945,545,2814.24,7,Rajshahi,2,8/4/2017
CUST00946,218,1303.23,11,Saidpur,1,6/27/2018
CUST00947,371,399.65,10,Rajshahi,4,1/25/2018
CUST00948,1454,1131.39,9,Khulna,4,2/7/2015
CUST00949,158,1150.6,12,Sylhet,3,8/26/2018
CUST00950,2458,1847.23,10,Dhaka,3,5/9/2012
CUST00951,1056,1308,4,Saidpur,4,3/11/2016
CUST00952,1589,1250.56,12,Sylhet,4,9/25/2014
CUST00953,2297,10143.67,9,Khulna,3,10/17/2012
CUST00954,1168,788.6,6,Mymensingh,4,11/20/2015
CUST00955,1106,1958.56,5,Saidpur,4,1/21/2016
CUST00956,400,1364.83,4,Rangpur,2,12/27/2017
CUST00957,130,3040.67,10,Khulna,4,9/23/2018
CUST00958,1044,1075.29,15,Khulna,4,3/23/2016
CUST00959,2035,1432.1,10,Saidpur,4,7/6/2013
CUST00960,2056,1378.46,9,Rangpur,1,6/15/2013
CUST00961,1927,1390.28,7,Rangpur,4,10/22/2013
CUST00962,1127,1342.32,5,Mymensingh,4,12/31/2015
CUST00963,337,604.68,9,Dinajpur,1,2/28/2018
CUST00964,244,909.02,12,Sylhet,4,6/1/2018
CUST00965,1567,1122.48,13,Chattogram,2,10/17/2014
CUST00966,256,438.11,9,Sylhet,2,5/20/2018
CUST00967,849,868.66,4,Khulna,4,10/4/2016
CUST00968,393,1621.43,11,Nilphamari,2,1/3/2018
CUST00969,309,1994.4,8,Khulna,2,3/28/2018
CUST00970,1392,1917.47,9,Chattogram,1,4/10/2015
CUST00971,1888,755.68,6,Dhaka,1,11/30/2013
CUST00972,920,681.9,12,Saidpur,1,7/25/2016
CUST00973,2308,1279.61,12,Mymensingh,1,10/6/2012
CUST00974,134,4105.84,10,Sylhet,4,9/19/2018
CUST00975,1220,1616.83,5,Khulna,1,9/29/2015
CUST00976,680,2087.25,10,Dhaka,3,3/22/2017
CUST00977,2110,483.36,5,Khulna,1,4/22/2013
CUST00978,424,2212.96,14,Khulna,3,12/3/2017
CUST00979,393,1981.1,7,Rajshahi,3,1/3/2018
CUST00980,1328,849.98,12,Saidpur,3,6/13/2015
CUST00981,850,1509.14,10,Mymensingh,4,10/3/2016
CUST00982,1690,1169.92,10,Dhaka,4,6/16/2014
CUST00983,856,997.01,9,Khulna,1,9/27/2016
CUST00984,2315,1888.42,10,Mymensingh,2,9/29/2012
CUST00985,2000,798.95,6,Khulna,2,8/10/2013
CUST00986,519,469.52,7,Mymensingh,3,8/30/2017
CUST00987,1259,1598.17,12,Saidpur,1,8/21/2015
CUST00988,948,4276.64,13,Rangpur,1,6/27/2016
CUST00989,1077,1256.97,12,Khulna,1,2/19/2016
CUST00990,2442,1291.74,10,Nilphamari,2,5/25/2012
CUST00991,31,776.94,14,Chattogram,1,12/31/2018
CUST00992,1499,1448.66,11,Nilphamari,4,12/24/2014
CUST00993,2102,1176.19,8,Saidpur,2,4/30/2013
CUST00994,2215,2317.15,12,Nilphamari,2,1/7/2013
CUST00995,1828,1464.79,9,Sylhet,2,1/29/2014
CUST00996,280,1850.32,11,Khulna,3,4/26/2018
CUST00997,1836,3353.4,8,Khulna,3,1/21/2014
CUST00998,229,445.98,5,Khulna,1,6/16/2018
CUST00999,1551,1828.48,10,Chattogram,4,11/2/2014
CUST01000,539,1601.61,13,Chattogram,3,8/10/2017
CUST01001,1838,3107.09,8,Chattogram,2,1/19/2014
CUST01002,1207,1514.1,12,Sylhet,2,10/12/2015
CUST01003,1593,1678.21,9,Dinajpur,3,9/21/2014
CUST01004,143,933.68,8,Chattogram,3,9/10/2018
CUST01005,666,426.62,8,Rajshahi,2,4/5/2017
CUST01006,1599,3281.01,8,Dinajpur,1,9/15/2014
CUST01007,795,1629.13,11,Sylhet,1,11/27/2016
CUST01008,881,1692.72,8,Sylhet,3,9/2/2016
CUST01009,44,1363.33,9,Mymensingh,2,12/18/2018
CUST01010,1938,1557.98,9,Saidpur,3,10/11/2013
CUST01011,2341,474.07,8,Rajshahi,4,9/3/2012
CUST01012,297,1387.19,8,Mymensingh,4,4/9/2018
CUST01013,2025,1272.27,7,Mymensingh,2,7/16/2013
CUST01014,113,5138.96,10,Rajshahi,2,10/10/2018
CUST01015,1341,941.35,11,Rajshahi,2,5/31/2015
CUST01016,1812,843.36,8,Mymensingh,3,2/14/2014
CUST01017,1861,742.95,5,Saidpur,1,12/27/2013
CUST01018,611,768.47,9,Dinajpur,3,5/30/2017
CUST01019,1025,541.23,7,Khulna,3,4/11/2016
CUST01020,1438,1069.98,13,Khulna,3,2/23/2015
CUST01021,163,641.79,8,Saidpur,4,8/21/2018
CUST01022,50,1179.45,11,Rajshahi,3,12/12/2018
CUST01023,188,1812.92,4,Chattogram,1,7/27/2018
CUST01024,1727,662.35,12,Rajshahi,2,5/10/2014
CUST01025,767,996.72,13,Chattogram,2,12/25/2016
CUST01026,1181,2046.8,7,Rangpur,2,11/7/2015
CUST01027,1859,361.41,6,Nilphamari,4,12/29/2013
CUST01028,1306,3496.93,9,Sylhet,3,7/5/2015
CUST01029,2114,915.79,8,Sylhet,3,4/18/2013
CUST01030,1205,1628.68,9,Saidpur,3,10/14/2015
CUST01031,2158,916.86,7,Rajshahi,4,3/5/2013
CUST01032,828,1577.04,7,Dinajpur,3,10/25/2016
CUST01033,2330,796.08,7,Rangpur,4,9/14/2012
CUST01034,873,1043.02,10,Rangpur,2,9/10/2016
CUST01035,1997,3981.27,8,Sylhet,2,8/13/2013
CUST01036,332,912.69,7,Khulna,4,3/5/2018
CUST01037,1222,930.32,11,Sylhet,2,9/27/2015
CUST01038,1618,3905.05,8,Mymensingh,3,8/27/2014
CUST01039,45,773.55,12,Khulna,4,12/17/2018
CUST01040,525,1148.43,10,Saidpur,1,8/24/2017
CUST01041,1031,926.12,6,Dhaka,1,4/5/2016
CUST01042,1733,655.81,6,Khulna,1,5/4/2014
CUST01043,776,1520.24,14,Nilphamari,3,12/16/2016
CUST01044,270,1344.05,11,Chattogram,1,5/6/2018
CUST01045,1279,1004.93,3,Rangpur,2,8/1/2015
CUST01046,455,930.18,8,Mymensingh,4,11/2/2017
CUST01047,1458,724.1,7,Sylhet,2,2/3/2015
CUST01048,144,2298.96,12,Dhaka,2,9/9/2018
CUST01049,1612,902.78,11,Chattogram,1,9/2/2014
CUST01050,2043,1235.03,10,Saidpur,4,6/28/2013
CUST01051,1234,2763.36,11,Dinajpur,4,9/15/2015
CUST01052,1781,626.41,9,Rajshahi,2,3/17/2014
CUST01053,2208,3348.69,7,Nilphamari,2,1/14/2013
CUST01054,1873,2100.1,6,Nilphamari,4,12/15/2013
CUST01055,1689,763.42,13,Chattogram,2,6/17/2014
CUST01056,630,783.96,8,Khulna,4,5/11/2017
CUST01057,1926,726.19,9,Dinajpur,3,10/23/2013
CUST01058,762,1699.21,7,Khulna,3,12/30/2016
CUST01059,807,3178.85,5,Khulna,4,11/15/2016
CUST01060,1912,514.5,9,Dhaka,2,11/6/2013
CUST01061,1997,1223.09,8,Chattogram,2,8/13/2013
CUST01062,1054,1773.58,8,Mymensingh,4,3/13/2016
CUST01063,329,861.11,5,Dinajpur,4,3/8/2018
CUST01064,681,1193.47,6,Rajshahi,3,3/21/2017
CUST01065,1828,2010.26,10,Sylhet,3,1/29/2014
CUST01066,854,1313.08,11,Rangpur,3,9/29/2016
CUST01067,2336,1717.29,5,Khulna,3,9/8/2012
CUST01068,738,1234.21,8,Nilphamari,3,1/23/2017
CUST01069,1968,1485.78,10,Dhaka,4,9/11/2013
CUST01070,2183,3179.45,13,Chattogram,3,2/8/2013
CUST01071,2079,1735.24,9,Dinajpur,3,5/23/2013
CUST01072,1287,1198.42,12,Dinajpur,2,7/24/2015
CUST01073,1934,554.52,7,Mymensingh,3,10/15/2013
CUST01074,463,480.77,9,Khulna,1,10/25/2017
CUST01075,1888,536.11,10,Rajshahi,4,11/30/2013
CUST01076,1407,2098.47,8,Rajshahi,1,3/26/2015
CUST01077,990,1216.33,9,Khulna,4,5/16/2016
CUST01078,858,1295,7,Dhaka,4,9/25/2016
CUST01079,709,1575.23,12,Saidpur,4,2/21/2017
CUST01080,528,1034.5,8,Nilphamari,1,8/21/2017
CUST01081,1306,338.68,6,Rajshahi,2,7/5/2015
CUST01082,137,1284.44,9,Nilphamari,4,9/16/2018
CUST01083,361,959.15,3,Saidpur,1,2/4/2018
CUST01084,2049,469.61,6,Nilphamari,4,6/22/2013
CUST01085,1116,846.98,10,Nilphamari,2,1/11/2016
CUST01086,326,3937.1,16,Rajshahi,1,3/11/2018
CUST01087,745,836.36,15,Sylhet,4,1/16/2017
CUST01088,1066,2452.78,11,Rangpur,4,3/1/2016
CUST01089,2070,1373.89,15,Saidpur,4,6/1/2013
CUST01090,693,854.47,6,Saidpur,3,3/9/2017
CUST01091,1592,1479.28,7,Dhaka,1,9/22/2014
CUST01092,1818,1988.11,8,Mymensingh,2,2/8/2014
CUST01093,1067,473.54,3,Rangpur,4,2/29/2016
CUST01094,1520,1006.94,10,Saidpur,2,12/3/2014
CUST01095,1382,374.79,8,Saidpur,1,4/20/2015
CUST01096,777,452.82,8,Chattogram,2,12/15/2016
CUST01097,1984,946.11,6,Sylhet,1,8/26/2013
CUST01098,1858,805.89,6,Rangpur,2,12/30/2013
CUST01099,2256,659.41,9,Dhaka,2,11/27/2012
CUST01100,441,773.19,5,Mymensingh,2,11/16/2017
CUST01101,752,2211.26,13,Dinajpur,2,1/9/2017
CUST01102,144,1159.37,10,Chattogram,2,9/9/2018
CUST01103,330,1949.39,12,Nilphamari,4,3/7/2018
CUST01104,812,2738.04,9,Nilphamari,1,11/10/2016
CUST01105,235,832.96,9,Saidpur,2,6/10/2018
CUST01106,1525,1990.59,16,Dhaka,3,11/28/2014
CUST01107,965,1994.46,9,Khulna,1,6/10/2016
CUST01108,1874,1229.57,12,Nilphamari,2,12/14/2013
CUST01109,1988,3436.5,6,Rangpur,4,8/22/2013
CUST01110,1773,1075.57,7,Sylhet,2,3/25/2014
CUST01111,624,831.48,5,Dhaka,3,5/17/2017
CUST01112,792,899.65,11,Dinajpur,3,11/30/2016
CUST01113,2322,668.63,13,Dinajpur,3,9/22/2012
CUST01114,1779,1639.27,5,Khulna,1,3/19/2014
CUST01115,707,2605.26,10,Dinajpur,1,2/23/2017
CUST01116,1472,1234.91,11,Sylhet,2,1/20/2015
CUST01117,2495,805.88,10,Sylhet,3,4/2/2012
CUST01118,1056,2573.66,6,Dinajpur,1,3/11/2016
CUST01119,964,510.41,6,Mymensingh,2,6/11/2016
CUST01120,1388,1312.49,10,Khulna,4,4/14/2015
CUST01121,1108,913.05,15,Mymensingh,3,1/19/2016
CUST01122,2168,1782.72,12,Rajshahi,1,2/23/2013
CUST01123,1947,1140.61,12,Nilphamari,4,10/2/2013
CUST01124,1024,1157.74,12,Nilphamari,3,4/12/2016
CUST01125,107,624.45,9,Rajshahi,3,10/16/2018
CUST01126,2412,545.79,10,Mymensingh,1,6/24/2012
CUST01127,1327,2072.71,8,Sylhet,3,6/14/2015
CUST01128,688,1028.39,8,Dinajpur,2,3/14/2017
CUST01129,1819,3444.27,6,Sylhet,4,2/7/2014
CUST01130,183,749.2,5,Sylhet,4,8/1/2018
CUST01131,1317,811.89,4,Dinajpur,1,6/24/2015
CUST01132,1546,2064.69,7,Saidpur,3,11/7/2014
CUST01133,829,1227.89,10,Khulna,4,10/24/2016
CUST01134,1772,1088.5,7,Dhaka,1,3/26/2014
CUST01135,2175,2169.7,6,Sylhet,2,2/16/2013
CUST01136,313,1491.52,11,Dhaka,1,3/24/2018
CUST01137,561,784.99,9,Sylhet,4,7/19/2017
CUST01138,2110,1042.18,6,Rangpur,4,4/22/2013
CUST01139,895,489.45,5,Dinajpur,1,8/19/2016
CUST01140,122,1106.29,11,Khulna,1,10/1/2018
CUST01141,698,282.11,6,Chattogram,4,3/4/2017
CUST01142,454,1674.44,15,Rangpur,1,11/3/2017
CUST01143,1435,939.43,5,Mymensingh,1,2/26/2015
CUST01144,671,1512.44,8,Mymensingh,2,3/31/2017
CUST01145,868,2994.01,10,Chattogram,3,9/15/2016
CUST01146,1261,1632.81,11,Sylhet,4,8/19/2015
CUST01147,663,2946.24,7,Mymensingh,2,4/8/2017
CUST01148,1829,1196.69,8,Rangpur,4,1/28/2014
CUST01149,1724,1025.73,16,Rangpur,1,5/13/2014
CUST01150,486,1571.23,7,Rangpur,4,10/2/2017
CUST01151,1555,867.33,16,Dhaka,4,10/29/2014
CUST01152,2206,266.02,10,Rangpur,1,1/16/2013
CUST01153,1969,2837.41,7,Nilphamari,2,9/10/2013
CUST01154,189,1426.05,7,Nilphamari,4,7/26/2018
CUST01155,583,1374.66,14,Khulna,4,6/27/2017
CUST01156,811,1571.11,8,Dinajpur,3,11/11/2016
CUST01157,631,4446.64,5,Nilphamari,1,5/10/2017
CUST01158,362,2171.7,11,Khulna,2,2/3/2018
CUST01159,156,1364.7,8,Nilphamari,1,8/28/2018
CUST01160,722,566.12,7,Chattogram,4,2/8/2017
CUST01161,2366,3418.95,10,Sylhet,4,8/9/2012
CUST01162,849,2536.78,11,Rajshahi,3,10/4/2016
CUST01163,298,1035.99,6,Chattogram,2,4/8/2018
CUST01164,719,2451.58,8,Khulna,3,2/11/2017
CUST01165,443,636.4,7,Sylhet,4,11/14/2017
CUST01166,1557,1944.59,9,Sylhet,3,10/27/2014
CUST01167,1047,3792.31,6,Sylhet,4,3/20/2016
CUST01168,1212,2981.01,13,Mymensingh,2,10/7/2015
CUST01169,729,4879.75,9,Nilphamari,1,2/1/2017
CUST01170,1511,1037.26,17,Mymensingh,4,12/12/2014
CUST01171,1893,250.9,12,Dhaka,3,11/25/2013
CUST01172,726,1408.55,8,Rangpur,4,2/4/2017
CUST01173,507,620.26,6,Chattogram,2,9/11/2017
CUST01174,853,1315.94,12,Rajshahi,4,9/30/2016
CUST01175,183,552.31,16,Dinajpur,4,8/1/2018
CUST01176,1594,621.14,12,Mymensingh,2,9/20/2014
CUST01177,2389,531.24,7,Rangpur,3,7/17/2012
CUST01178,578,1409.04,8,Khulna,3,7/2/2017
CUST01179,1496,1200.54,8,Nilphamari,1,12/27/2014
CUST01180,67,891.16,7,Mymensingh,1,11/25/2018
CUST01181,60,1422.29,10,Saidpur,2,12/2/2018
CUST01182,58,1231.53,5,Mymensingh,4,12/4/2018
CUST01183,2340,1902.69,8,Nilphamari,2,9/4/2012
CUST01184,719,300.12,9,Rangpur,2,2/11/2017
CUST01185,1600,1011.15,9,Chattogram,1,9/14/2014
CUST01186,156,1750.29,9,Dinajpur,1,8/28/2018
CUST01187,512,1132.51,9,Khulna,2,9/6/2017
CUST01188,2200,416.49,7,Dhaka,2,1/22/2013
CUST01189,1427,2334.02,6,Chattogram,4,3/6/2015
CUST01190,897,1130.08,17,Mymensingh,2,8/17/2016
CUST01191,143,1271.68,8,Rajshahi,3,9/10/2018
CUST01192,612,1624.99,5,Sylhet,3,5/29/2017
CUST01193,927,1306.01,4,Sylhet,1,7/18/2016
CUST01194,1086,1331.82,5,Sylhet,2,2/10/2016
CUST01195,680,532.49,11,Dhaka,1,3/22/2017
CUST01196,1755,663.85,14,Chattogram,1,4/12/2014
CUST01197,578,707.75,10,Dhaka,4,7/2/2017
CUST01198,1335,1289.7,12,Sylhet,3,6/6/2015
CUST01199,1996,589.33,9,Sylhet,4,8/14/2013
CUST01200,872,1681.08,4,Rajshahi,3,9/11/2016
CUST01201,1640,2118.69,11,Dhaka,2,8/5/2014
CUST01202,1540,1284.23,8,Chattogram,1,11/13/2014
CUST01203,742,1379.39,7,Sylhet,3,1/19/2017
CUST01204,865,878.19,9,Dhaka,1,9/18/2016
CUST01205,1459,678.83,6,Rajshahi,2,2/2/2015
CUST01206,1954,1678.17,15,Rangpur,2,9/25/2013
CUST01207,587,6613.88,13,Dhaka,2,6/23/2017
CUST01208,1849,759.81,11,Saidpur,4,1/8/2014
CUST01209,773,548.35,8,Nilphamari,2,12/19/2016
CUST01210,394,1508.92,9,Mymensingh,4,1/2/2018
CUST01211,1141,1322.28,7,Sylhet,3,12/17/2015
CUST01212,1075,2819.3,12,Rajshahi,1,2/21/2016
CUST01213,1584,869.49,10,Saidpur,4,9/30/2014
CUST01214,1342,1720.97,4,Dinajpur,1,5/30/2015
CUST01215,1698,1325.68,8,Saidpur,2,6/8/2014
CUST01216,1099,2099.35,5,Chattogram,1,1/28/2016
CUST01217,1038,1280.38,7,Rajshahi,2,3/29/2016
CUST01218,1493,4344.05,8,Rajshahi,1,12/30/2014
CUST01219,445,895.32,5,Dhaka,3,11/12/2017
CUST01220,74,508.56,10,Rajshahi,3,11/18/2018
CUST01221,1895,1957.92,11,Rajshahi,2,11/23/2013
CUST01222,1141,1348.53,7,Dhaka,2,12/17/2015
CUST01223,2195,1001.22,7,Mymensingh,3,1/27/2013
CUST01224,825,576.96,8,Nilphamari,2,10/28/2016
CUST01225,2063,1446.71,8,Rangpur,1,6/8/2013
CUST01226,1337,1330.38,11,Rangpur,3,6/4/2015
CUST01227,1159,957.72,8,Nilphamari,4,11/29/2015
CUST01228,1890,576.47,7,Chattogram,2,11/28/2013
CUST01229,586,1578.3,8,Saidpur,1,6/24/2017
CUST01230,538,1380.48,7,Chattogram,3,8/11/2017
CUST01231,945,2400.01,9,Saidpur,1,6/30/2016
CUST01232,2400,725.93,9,Chattogram,3,7/6/2012
CUST01233,526,1912.59,2,Sylhet,3,8/23/2017
CUST01234,1323,572.78,10,Nilphamari,3,6/18/2015
CUST01235,271,817.15,11,Nilphamari,4,5/5/2018
CUST01236,332,1978.89,8,Mymensingh,2,3/5/2018
CUST01237,564,807,4,Rajshahi,2,7/16/2017
CUST01238,189,4090.63,9,Rajshahi,2,7/26/2018
CUST01239,2209,1709.37,9,Khulna,2,1/13/2013
CUST01240,492,1076.69,11,Chattogram,3,9/26/2017
CUST01241,764,1103.24,10,Chattogram,4,12/28/2016
CUST01242,656,559.88,8,Khulna,1,4/15/2017
CUST01243,596,3879.56,4,Sylhet,1,6/14/2017
CUST01244,772,1771.02,6,Mymensingh,4,12/20/2016
CUST01245,1586,353.13,6,Dinajpur,4,9/28/2014
CUST01246,719,1857.1,8,Khulna,2,2/11/2017
CUST01247,89,818.95,7,Sylhet,4,11/3/2018
CUST01248,288,417.73,6,Saidpur,3,4/18/2018
CUST01249,814,533.61,17,Rajshahi,2,11/8/2016
CUST01250,1270,418.49,12,Khulna,4,8/10/2015
CUST01251,1274,3763.9,14,Rajshahi,3,8/6/2015
CUST01252,1851,1554.96,7,Khulna,1,1/6/2014
CUST01253,664,1552.06,6,Mymensingh,2,4/7/2017
CUST01254,1064,2324.08,10,Chattogram,3,3/3/2016
CUST01255,1752,966.99,8,Chattogram,1,4/15/2014
CUST01256,818,699.75,15,Rangpur,3,11/4/2016
CUST01257,1801,871.75,8,Sylhet,1,2/25/2014
CUST01258,2083,1720.04,8,Sylhet,4,5/19/2013
CUST01259,1072,849.21,6,Rajshahi,4,2/24/2016
CUST01260,1338,1011.5,13,Mymensingh,4,6/3/2015
CUST01261,902,667.76,11,Rangpur,2,8/12/2016
CUST01262,195,1348.68,12,Rangpur,1,7/20/2018
CUST01263,2268,1110.94,6,Rangpur,1,11/15/2012
CUST01264,1385,1239.31,11,Khulna,2,4/17/2015
CUST01265,280,1210.55,9,Saidpur,2,4/26/2018
CUST01266,1584,1425.97,11,Nilphamari,2,9/30/2014
CUST01267,1131,1309.14,9,Saidpur,1,12/27/2015
CUST01268,883,1079.04,13,Rangpur,4,8/31/2016
CUST01269,834,885.44,14,Mymensingh,3,10/19/2016
CUST01270,2221,1338.39,11,Dinajpur,1,1/1/2013
CUST01271,2242,1098,9,Khulna,3,12/11/2012
CUST01272,493,2244.99,4,Dinajpur,1,9/25/2017
CUST01273,583,1584.77,6,Khulna,2,6/27/2017
CUST01274,1343,240.78,8,Saidpur,3,5/29/2015
CUST01275,1482,1033.09,11,Rajshahi,4,1/10/2015
CUST01276,1805,914.64,7,Saidpur,1,2/21/2014
CUST01277,964,1899.12,8,Rajshahi,3,6/11/2016
CUST01278,656,1256.41,8,Rajshahi,4,4/15/2017
CUST01279,679,1084.63,5,Nilphamari,2,3/23/2017
CUST01280,1599,1476.04,5,Dinajpur,4,9/15/2014
CUST01281,378,1625.47,12,Nilphamari,4,1/18/2018
CUST01282,68,1114.96,16,Dinajpur,2,11/24/2018
CUST01283,1916,766.17,9,Dinajpur,2,11/2/2013
CUST01284,416,1084.54,11,Nilphamari,2,12/11/2017
CUST01285,2366,1632.57,4,Nilphamari,1,8/9/2012
CUST01286,495,1263.39,9,Sylhet,2,9/23/2017
CUST01287,2407,968.67,10,Dinajpur,2,6/29/2012
CUST01288,2073,597.8,4,Dhaka,4,5/29/2013
CUST01289,105,1673.85,8,Dinajpur,4,10/18/2018
CUST01290,1472,363.66,12,Dinajpur,1,1/20/2015
CUST01291,1379,1546.16,9,Khulna,4,4/23/2015
CUST01292,562,1800.6,8,Sylhet,2,7/18/2017
CUST01293,1847,865.08,11,Chattogram,3,1/10/2014
CUST01294,2382,1861.7,14,Dinajpur,2,7/24/2012
CUST01295,1352,4027.22,10,Sylhet,3,5/20/2015
CUST01296,254,828.69,8,Rajshahi,1,5/22/2018
CUST01297,1160,1898.82,9,Chattogram,3,11/28/2015
CUST01298,1820,1392.05,12,Dinajpur,3,2/6/2014
CUST01299,2397,1790.93,11,Mymensingh,1,7/9/2012
CUST01300,1643,462.47,11,Khulna,3,8/2/2014
CUST01301,2455,3807.66,13,Saidpur,1,5/12/2012
CUST01302,1988,345.46,6,Nilphamari,3,8/22/2013
CUST01303,2318,954.05,12,Rajshahi,2,9/26/2012
CUST01304,692,2973.87,10,Mymensingh,2,3/10/2017
CUST01305,419,3097.96,12,Sylhet,4,12/8/2017
CUST01306,398,2331.69,6,Dinajpur,3,12/29/2017
CUST01307,2445,3714.02,8,Khulna,3,5/22/2012
CUST01308,923,2034.14,6,Saidpur,3,7/22/2016
CUST01309,1695,1168.67,9,Rajshahi,1,6/11/2014
CUST01310,1807,1478.43,7,Dinajpur,1,2/19/2014
CUST01311,424,3867.67,9,Rajshahi,1,12/3/2017
CUST01312,439,429.77,9,Sylhet,1,11/18/2017
CUST01313,1516,744.55,5,Saidpur,1,12/7/2014
CUST01314,2435,2305.53,6,Sylhet,4,6/1/2012
CUST01315,2476,1147.97,2,Rajshahi,4,4/21/2012
CUST01316,2217,1121.91,6,Saidpur,4,1/5/2013
CUST01317,2045,956.47,7,Khulna,1,6/26/2013
CUST01318,595,1055.71,11,Dhaka,3,6/15/2017
CUST01319,2449,773.08,8,Rajshahi,1,5/18/2012
CUST01320,2102,1162.69,10,Sylhet,1,4/30/2013
CUST01321,2333,661.91,10,Rajshahi,1,9/11/2012
CUST01322,1309,315.09,6,Rangpur,4,7/2/2015
CUST01323,1110,885.92,7,Rajshahi,2,1/17/2016
CUST01324,777,2946.48,6,Sylhet,3,12/15/2016
CUST01325,1803,1172.35,11,Rajshahi,1,2/23/2014
CUST01326,2296,1097.61,10,Sylhet,1,10/18/2012
CUST01327,2144,1349.22,10,Chattogram,1,3/19/2013
CUST01328,2369,1109.44,10,Sylhet,1,8/6/2012
CUST01329,2283,2371.54,13,Rajshahi,1,10/31/2012
CUST01330,1758,972.97,7,Khulna,2,4/9/2014
CUST01331,122,557.79,4,Khulna,1,10/1/2018
CUST01332,227,5638.6,8,Chattogram,2,6/18/2018
CUST01333,1497,4697.19,12,Dhaka,2,12/26/2014
CUST01334,610,588.36,7,Mymensingh,2,5/31/2017
CUST01335,623,817.09,9,Rangpur,1,5/18/2017
CUST01336,996,904.6,14,Dinajpur,3,5/10/2016
CUST01337,2149,1450.22,6,Chattogram,3,3/14/2013
CUST01338,745,1684.2,13,Rajshahi,1,1/16/2017
CUST01339,2305,1122.86,9,Rajshahi,1,10/9/2012
CUST01340,1180,2856.58,10,Rajshahi,1,11/8/2015
CUST01341,653,1205.83,8,Mymensingh,1,4/18/2017
CUST01342,1036,959.13,11,Khulna,1,3/31/2016
CUST01343,1759,487.35,8,Nilphamari,2,4/8/2014
CUST01344,462,1522.83,13,Rajshahi,4,10/26/2017
CUST01345,1685,1423.89,10,Khulna,1,6/21/2014
CUST01346,874,842.2,11,Mymensingh,3,9/9/2016
CUST01347,720,2461.4,10,Dinajpur,3,2/10/2017
CUST01348,2442,2241.74,4,Dinajpur,2,5/25/2012
CUST01349,2253,952.92,12,Mymensingh,1,11/30/2012
CUST01350,659,397.3,8,Rajshahi,1,4/12/2017
CUST01351,2488,506.18,12,Rajshahi,1,4/9/2012
CUST01352,385,812.36,10,Dhaka,3,1/11/2018
CUST01353,182,1111.68,6,Rajshahi,2,8/2/2018
CUST01354,747,2162.33,7,Saidpur,2,1/14/2017
CUST01355,1311,1386.51,8,Chattogram,2,6/30/2015
CUST01356,2102,3401.02,9,Saidpur,1,4/30/2013
CUST01357,815,871.34,12,Sylhet,1,11/7/2016
CUST01358,1246,3247.71,4,Rajshahi,2,9/3/2015
CUST01359,1492,989.09,7,Mymensingh,2,12/31/2014
CUST01360,461,987.27,7,Khulna,3,10/27/2017
CUST01361,1392,2870.14,8,Chattogram,1,4/10/2015
CUST01362,1006,1506.17,12,Saidpur,4,4/30/2016
CUST01363,1234,1564.24,11,Dinajpur,4,9/15/2015
CUST01364,286,2708.17,10,Nilphamari,2,4/20/2018
CUST01365,769,3827.35,12,Chattogram,2,12/23/2016
CUST01366,2468,1108.33,9,Rajshahi,2,4/29/2012
CUST01367,1158,1423.81,13,Rangpur,3,11/30/2015
CUST01368,88,2349.68,7,Saidpur,4,11/4/2018
CUST01369,157,1943.14,12,Nilphamari,1,8/27/2018
CUST01370,2389,489.32,3,Nilphamari,3,7/17/2012
CUST01371,644,1579.45,10,Rajshahi,4,4/27/2017
CUST01372,795,876.71,5,Sylhet,2,11/27/2016
CUST01373,722,1198.75,11,Khulna,1,2/8/2017
CUST01374,2285,1590.57,9,Mymensingh,2,10/29/2012
CUST01375,1805,2353.34,10,Saidpur,2,2/21/2014
CUST01376,2336,1703.53,12,Chattogram,2,9/8/2012
CUST01377,1449,1041.71,4,Chattogram,3,2/12/2015
CUST01378,2400,592.75,7,Saidpur,3,7/6/2012
CUST01379,2006,585.87,8,Mymensingh,3,8/4/2013
CUST01380,1045,1547.44,10,Rangpur,1,3/22/2016
CUST01381,410,723.08,7,Saidpur,3,12/17/2017
CUST01382,2356,1186.79,8,Rangpur,3,8/19/2012
CUST01383,1110,1838.58,15,Nilphamari,1,1/17/2016
CUST01384,1788,944.73,7,Rajshahi,4,3/10/2014
CUST01385,424,1690.74,11,Dinajpur,4,12/3/2017
CUST01386,329,254.43,10,Rangpur,3,3/8/2018
CUST01387,340,958.26,9,Dhaka,4,2/25/2018
CUST01388,1049,712.21,7,Rajshahi,4,3/18/2016
CUST01389,202,1484.08,9,Dinajpur,4,7/13/2018
CUST01390,1890,343.92,18,Nilphamari,4,11/28/2013
CUST01391,344,609.94,9,Sylhet,4,2/21/2018
CUST01392,611,629.88,15,Chattogram,4,5/30/2017
CUST01393,1024,2416.93,6,Saidpur,4,4/12/2016
CUST01394,1606,561.42,12,Khulna,4,9/8/2014
CUST01395,2257,1157.23,8,Dinajpur,2,11/26/2012
CUST01396,988,1237.35,4,Saidpur,1,5/18/2016
CUST01397,820,1096.5,8,Chattogram,4,11/2/2016
CUST01398,2336,1020.2,11,Chattogram,4,9/8/2012
CUST01399,347,1053.06,17,Sylhet,2,2/18/2018
CUST01400,1644,961.63,11,Nilphamari,1,8/1/2014
CUST01401,1481,421.26,8,Rangpur,4,1/11/2015
CUST01402,666,1225.42,9,Mymensingh,1,4/5/2017
CUST01403,2284,2027.79,6,Dhaka,1,10/30/2012
CUST01404,2270,320.49,8,Rajshahi,1,11/13/2012
CUST01405,998,2628.99,6,Rangpur,1,5/8/2016
CUST01406,1126,369.23,5,Mymensingh,2,1/1/2016
CUST01407,1633,705.05,10,Khulna,2,8/12/2014
CUST01408,867,849.4,10,Dinajpur,2,9/16/2016
CUST01409,409,1709.74,7,Chattogram,4,12/18/2017
CUST01410,1988,1720.48,5,Dinajpur,1,8/22/2013
CUST01411,1101,730.41,6,Mymensingh,3,1/26/2016
CUST01412,1296,1136.07,10,Dinajpur,3,7/15/2015
CUST01413,2044,1700.81,7,Dhaka,3,6/27/2013
CUST01414,1403,1518.63,12,Nilphamari,2,3/30/2015
CUST01415,1531,957.24,10,Sylhet,2,11/22/2014
CUST01416,1697,1578.83,9,Mymensingh,4,6/9/2014
CUST01417,612,1995.42,5,Khulna,3,5/29/2017
CUST01418,2384,1466.05,4,Dhaka,2,7/22/2012
CUST01419,2397,1362.09,10,Khulna,3,7/9/2012
CUST01420,1962,504.25,6,Mymensingh,1,9/17/2013
CUST01421,838,1563.7,9,Mymensingh,1,10/15/2016
CUST01422,2301,670.07,7,Khulna,4,10/13/2012
CUST01423,1717,750.92,9,Nilphamari,1,5/20/2014
CUST01424,2470,1938.61,8,Sylhet,2,4/27/2012
CUST01425,2206,1662.03,8,Chattogram,4,1/16/2013
CUST01426,760,889.41,9,Rajshahi,3,1/1/2017
CUST01427,304,1745.73,11,Nilphamari,3,4/2/2018
CUST01428,1166,921.25,7,Khulna,4,11/22/2015
CUST01429,1143,427.1,9,Saidpur,4,12/15/2015
CUST01430,544,999.77,8,Mymensingh,1,8/5/2017
CUST01431,517,4178.12,10,Rajshahi,2,9/1/2017
CUST01432,1366,2056.11,8,Chattogram,3,5/6/2015
CUST01433,762,792.29,8,Mymensingh,4,12/30/2016
CUST01434,267,806.88,17,Dhaka,2,5/9/2018
CUST01435,2064,835.03,12,Saidpur,4,6/7/2013
CUST01436,1217,1753.41,8,Rajshahi,4,10/2/2015
CUST01437,930,274.34,11,Rangpur,2,7/15/2016
CUST01438,1364,2430.55,8,Nilphamari,3,5/8/2015
CUST01439,2247,2874.3,6,Dinajpur,4,12/6/2012
CUST01440,2172,1134.21,6,Dhaka,1,2/19/2013
CUST01441,1651,1228.27,8,Saidpur,2,7/25/2014
CUST01442,1013,3081.67,9,Saidpur,3,4/23/2016
CUST01443,1355,1016.5,5,Rangpur,4,5/17/2015
CUST01444,2022,1711.17,10,Nilphamari,4,7/19/2013
CUST01445,2215,1755.77,11,Dinajpur,2,1/7/2013
CUST01446,808,2185.84,13,Rangpur,3,11/14/2016
CUST01447,1084,686.9,16,Rajshahi,4,2/12/2016
CUST01448,2103,607.97,13,Dhaka,2,4/29/2013
CUST01449,1963,1330.73,7,Nilphamari,3,9/16/2013
CUST01450,1839,922.36,7,Khulna,4,1/18/2014
CUST01451,1245,508.58,12,Nilphamari,3,9/4/2015
CUST01452,770,1896.53,11,Mymensingh,3,12/22/2016
CUST01453,44,508.85,11,Sylhet,2,12/18/2018
CUST01454,1794,1569.11,10,Dhaka,1,3/4/2014
CUST01455,1164,2599.95,6,Saidpur,4,11/24/2015
CUST01456,311,922.16,10,Dhaka,3,3/26/2018
CUST01457,172,1152.57,6,Dinajpur,1,8/12/2018
CUST01458,936,778.03,10,Nilphamari,4,7/9/2016
CUST01459,2483,890.96,4,Dinajpur,1,4/14/2012
CUST01460,2410,831.58,8,Chattogram,2,6/26/2012
CUST01461,1985,7612.75,9,Saidpur,4,8/25/2013
CUST01462,1443,1444.07,14,Nilphamari,2,2/18/2015
CUST01463,1520,925.59,7,Saidpur,2,12/3/2014
CUST01464,1252,1107.88,8,Sylhet,3,8/28/2015
CUST01465,1667,706.2,6,Sylhet,1,7/9/2014
CUST01466,1581,802.46,8,Rangpur,4,10/3/2014
CUST01467,2010,1378.86,14,Nilphamari,2,7/31/2013
CUST01468,1484,717.09,8,Chattogram,1,1/8/2015
CUST01469,112,1303.94,4,Mymensingh,2,10/11/2018
CUST01470,1670,1980.21,10,Rangpur,3,7/6/2014
CUST01471,2035,1408.57,9,Rangpur,4,7/6/2013
CUST01472,930,3973.43,9,Nilphamari,3,7/15/2016
CUST01473,1993,790.64,9,Dinajpur,4,8/17/2013
CUST01474,610,2922.92,12,Dinajpur,1,5/31/2017
CUST01475,1239,548.31,11,Rajshahi,2,9/10/2015
CUST01476,559,2304.92,5,Rajshahi,3,7/21/2017
CUST01477,900,479.74,7,Mymensingh,1,8/14/2016
CUST01478,2372,4720.15,7,Chattogram,3,8/3/2012
CUST01479,846,1617.73,11,Rajshahi,2,10/7/2016
CUST01480,1667,1845.18,11,Rajshahi,2,7/9/2014
CUST01481,2426,623.05,6,Dinajpur,1,6/10/2012
CUST01482,782,1003.38,15,Chattogram,4,12/10/2016
CUST01483,1083,907.88,7,Chattogram,2,2/13/2016
CUST01484,56,1135.34,8,Saidpur,3,12/6/2018
CUST01485,306,859.25,10,Rajshahi,1,3/31/2018
CUST01486,240,715.31,8,Rangpur,4,6/5/2018
CUST01487,1322,645.82,8,Rangpur,3,6/19/2015
CUST01488,2059,1193.61,8,Sylhet,3,6/12/2013
CUST01489,1849,3437.31,12,Nilphamari,3,1/8/2014
CUST01490,614,985.64,9,Rajshahi,1,5/27/2017
CUST01491,275,1117.7,8,Saidpur,4,5/1/2018
CUST01492,1373,1189.53,6,Nilphamari,3,4/29/2015
CUST01493,1057,1568.24,4,Sylhet,4,3/10/2016
CUST01494,1026,1389.98,3,Mymensingh,3,4/10/2016
CUST01495,922,2475.76,4,Nilphamari,2,7/23/2016
CUST01496,1239,2082.45,5,Dhaka,2,9/10/2015
CUST01497,2043,500.48,8,Rajshahi,3,6/28/2013
CUST01498,1238,1719.72,9,Chattogram,3,9/11/2015
CUST01499,490,485.25,9,Saidpur,2,9/28/2017
CUST01500,1293,509.49,7,Chattogram,4,7/18/2015
CUST01501,74,1000,15,Chattogram,1,11/18/2018
CUST01502,1865,924.94,8,Chattogram,2,12/23/2013
CUST01503,253,2056.4,9,Chattogram,4,5/23/2018
CUST01504,948,587.2,9,Rajshahi,1,6/27/2016
CUST01505,1206,2542.15,11,Nilphamari,2,10/13/2015
CUST01506,35,1739.47,6,Rajshahi,1,12/27/2018
CUST01507,2341,338.09,10,Sylhet,4,9/3/2012
CUST01508,645,1282.77,15,Rajshahi,1,4/26/2017
CUST01509,36,943.19,7,Rajshahi,1,12/26/2018
CUST01510,1024,2198.6,11,Rajshahi,4,4/12/2016
CUST01511,2009,1824.27,9,Mymensingh,3,8/1/2013
CUST01512,1152,1136.5,9,Nilphamari,2,12/6/2015
CUST01513,1780,760.21,13,Saidpur,3,3/18/2014
CUST01514,1752,979.4,11,Dinajpur,4,4/15/2014
CUST01515,1275,1268.26,7,Dinajpur,2,8/5/2015
CUST01516,73,1208.59,6,Chattogram,2,11/19/2018
CUST01517,2391,1939.94,10,Nilphamari,2,7/15/2012
CUST01518,1597,917.87,8,Mymensingh,1,9/17/2014
CUST01519,2422,4354.42,9,Saidpur,3,6/14/2012
CUST01520,497,1213.42,6,Khulna,3,9/21/2017
CUST01521,1674,890.06,11,Mymensingh,1,7/2/2014
CUST01522,353,1099.77,7,Mymensingh,2,2/12/2018
CUST01523,1581,1123.97,8,Rajshahi,1,10/3/2014
CUST01524,2315,2946.3,9,Sylhet,2,9/29/2012
CUST01525,2344,1790.87,7,Chattogram,4,8/31/2012
CUST01526,537,704.64,8,Chattogram,2,8/12/2017
CUST01527,533,263.14,9,Dhaka,4,8/16/2017
CUST01528,1095,398.27,6,Rangpur,1,2/1/2016
CUST01529,439,2611.71,12,Khulna,4,11/18/2017
CUST01530,592,1806.55,12,Nilphamari,4,6/18/2017
CUST01531,937,902.75,13,Chattogram,1,7/8/2016
CUST01532,2397,2051.2,7,Chattogram,2,7/9/2012
CUST01533,703,890.25,11,Rajshahi,3,2/27/2017
CUST01534,1998,1277.41,7,Khulna,1,8/12/2013
CUST01535,1928,992.52,6,Rajshahi,3,10/21/2013
CUST01536,221,1696.33,9,Rangpur,4,6/24/2018
CUST01537,2214,839.35,9,Sylhet,2,1/8/2013
CUST01538,2069,1573.15,8,Mymensingh,1,6/2/2013
CUST01539,1636,3902.37,12,Khulna,2,8/9/2014
CUST01540,1380,938.75,11,Dhaka,1,4/22/2015
CUST01541,1374,751.12,6,Sylhet,4,4/28/2015
CUST01542,729,5417.14,6,Sylhet,4,2/1/2017
CUST01543,1997,569.13,9,Rangpur,3,8/13/2013
CUST01544,1839,1908.51,11,Mymensingh,3,1/18/2014
CUST01545,777,1275.69,8,Khulna,3,12/15/2016
CUST01546,1907,2736.64,4,Chattogram,3,11/11/2013
CUST01547,338,2084.87,7,Dinajpur,2,2/27/2018
CUST01548,1644,2018.5,11,Sylhet,2,8/1/2014
CUST01549,191,1322.36,7,Khulna,1,7/24/2018
CUST01550,2124,397.19,8,Khulna,3,4/8/2013
CUST01551,1130,1255.04,8,Rajshahi,2,12/28/2015
CUST01552,611,954.23,7,Rajshahi,2,5/30/2017
CUST01553,609,2603.44,10,Khulna,3,6/1/2017
CUST01554,2028,793.61,6,Nilphamari,3,7/13/2013
CUST01555,1057,827.94,4,Mymensingh,3,3/10/2016
CUST01556,1092,465.73,8,Dinajpur,4,2/4/2016
CUST01557,1761,646.71,4,Rajshahi,4,4/6/2014
CUST01558,755,490.09,5,Dhaka,2,1/6/2017
CUST01559,1437,1618.36,13,Dinajpur,3,2/24/2015
CUST01560,2223,772.94,7,Khulna,2,12/30/2012
CUST01561,181,5813.93,7,Nilphamari,3,8/3/2018
CUST01562,2035,1515.77,10,Mymensingh,4,7/6/2013
CUST01563,1540,1955.13,12,Mymensingh,2,11/13/2014
CUST01564,2409,1682.58,8,Rangpur,1,6/27/2012
CUST01565,1199,1612.16,10,Chattogram,1,10/20/2015
CUST01566,440,1471.74,9,Chattogram,4,11/17/2017
CUST01567,1468,1127.22,9,Khulna,4,1/24/2015
CUST01568,1772,1239.38,11,Khulna,3,3/26/2014
CUST01569,2200,829.7,9,Sylhet,1,1/22/2013
CUST01570,1085,770.53,12,Saidpur,2,2/11/2016
CUST01571,2249,1358.08,8,Khulna,2,12/4/2012
CUST01572,680,282.91,11,Rajshahi,4,3/22/2017
CUST01573,2302,1475.84,9,Khulna,1,10/12/2012
CUST01574,1590,1504.14,7,Mymensingh,4,9/24/2014
CUST01575,407,766.02,6,Dhaka,1,12/20/2017
CUST01576,2222,1272.25,13,Rajshahi,3,12/31/2012
CUST01577,884,941.94,12,Dhaka,4,8/30/2016
CUST01578,2317,1691.48,7,Dinajpur,2,9/27/2012
CUST01579,1476,1474.39,14,Sylhet,3,1/16/2015
CUST01580,225,2212.31,12,Rangpur,3,6/20/2018
CUST01581,870,1549.04,10,Sylhet,4,9/13/2016
CUST01582,240,452.35,7,Nilphamari,4,6/5/2018
CUST01583,759,1924.97,9,Nilphamari,3,1/2/2017
CUST01584,1587,445.03,8,Khulna,4,9/27/2014
CUST01585,1558,1175.9,7,Dhaka,3,10/26/2014
CUST01586,1829,2947.14,17,Chattogram,2,1/28/2014
CUST01587,1423,1355.68,8,Chattogram,3,3/10/2015
CUST01588,673,3787.98,10,Khulna,4,3/29/2017
CUST01589,1241,619.02,8,Khulna,3,9/8/2015
CUST01590,2112,1704.75,10,Khulna,2,4/20/2013
CUST01591,1426,1341.5,11,Mymensingh,1,3/7/2015
CUST01592,63,1947.84,7,Khulna,3,11/29/2018
CUST01593,1295,4699.71,10,Dhaka,1,7/16/2015
CUST01594,2235,1261.64,8,Chattogram,1,12/18/2012
CUST01595,1946,764.43,5,Rangpur,2,10/3/2013
CUST01596,387,1368.67,8,Rangpur,1,1/9/2018
CUST01597,187,1153.73,14,Khulna,4,7/28/2018
CUST01598,1152,981.71,6,Khulna,4,12/6/2015
CUST01599,1352,1593.05,14,Saidpur,3,5/20/2015
CUST01600,1963,609.22,8,Nilphamari,4,9/16/2013
CUST01601,352,879.19,12,Mymensingh,2,2/13/2018
CUST01602,1907,1308.87,5,Dhaka,3,11/11/2013
CUST01603,716,939.79,8,Saidpur,4,2/14/2017
CUST01604,68,4552.66,8,Dhaka,2,11/24/2018
CUST01605,1007,995.5,13,Chattogram,3,4/29/2016
CUST01606,1687,807.06,8,Rangpur,2,6/19/2014
CUST01607,31,674.3,6,Rangpur,3,12/31/2018
CUST01608,945,598.18,10,Sylhet,3,6/30/2016
CUST01609,1914,828.21,16,Chattogram,2,11/4/2013
CUST01610,1418,1661.85,13,Nilphamari,4,3/15/2015
CUST01611,1803,1496.67,10,Rajshahi,1,2/23/2014
CUST01612,1522,909.1,10,Khulna,3,12/1/2014
CUST01613,56,1442.45,7,Dinajpur,4,12/6/2018
CUST01614,893,321.89,12,Dhaka,3,8/21/2016
CUST01615,1719,941.49,6,Chattogram,4,5/18/2014
CUST01616,1544,3681.59,8,Mymensingh,2,11/9/2014
CUST01617,623,792.65,9,Rajshahi,1,5/18/2017
CUST01618,1737,2302.11,10,Dhaka,1,4/30/2014
CUST01619,1012,2400.66,7,Khulna,1,4/24/2016
CUST01620,2386,638.52,7,Nilphamari,2,7/20/2012
CUST01621,537,1445.15,8,Chattogram,1,8/12/2017
CUST01622,1358,524.04,8,Rangpur,2,5/14/2015
CUST01623,434,2657.05,13,Khulna,3,11/23/2017
CUST01624,2037,573.34,12,Rajshahi,3,7/4/2013
CUST01625,1577,535.75,9,Dinajpur,2,10/7/2014
CUST01626,1979,605.92,9,Saidpur,4,8/31/2013
CUST01627,1815,1635.28,7,Dhaka,2,2/11/2014
CUST01628,1715,2592.74,12,Dhaka,1,5/22/2014
CUST01629,44,970.8,7,Khulna,3,12/18/2018
CUST01630,2105,5527.16,8,Nilphamari,3,4/27/2013
CUST01631,1306,5185.55,10,Dhaka,2,7/5/2015
CUST01632,1044,811.99,11,Dinajpur,1,3/23/2016
CUST01633,1696,4552.72,8,Nilphamari,2,6/10/2014
CUST01634,2303,947.62,9,Dhaka,1,10/11/2012
CUST01635,580,1029.97,8,Saidpur,2,6/30/2017
CUST01636,1136,2180.32,12,Khulna,1,12/22/2015
CUST01637,1175,1687.76,12,Khulna,4,11/13/2015
CUST01638,234,3308.67,7,Rangpur,1,6/11/2018
CUST01639,40,675.75,2,Nilphamari,2,12/22/2018
CUST01640,2152,997.29,12,Rangpur,4,3/11/2013
CUST01641,704,1613.91,9,Nilphamari,3,2/26/2017
CUST01642,199,2152.75,9,Chattogram,2,7/16/2018
CUST01643,990,1844.6,7,Mymensingh,3,5/16/2016
CUST01644,949,650.42,6,Rajshahi,1,6/26/2016
CUST01645,1763,1434.79,9,Nilphamari,1,4/4/2014
CUST01646,1685,515.51,9,Mymensingh,3,6/21/2014
CUST01647,2201,2234.22,5,Rajshahi,2,1/21/2013
CUST01648,301,1981.22,5,Dhaka,4,4/5/2018
CUST01649,1909,4737.48,12,Rangpur,2,11/9/2013
CUST01650,1012,913.99,9,Nilphamari,3,4/24/2016
CUST01651,920,2436.38,3,Nilphamari,4,7/25/2016
CUST01652,765,1167.98,8,Khulna,2,12/27/2016
CUST01653,287,1443.37,11,Rangpur,2,4/19/2018
CUST01654,398,4472.11,11,Dhaka,1,12/29/2017
CUST01655,1136,1211.37,12,Rajshahi,4,12/22/2015
CUST01656,99,1942.9,12,Nilphamari,2,10/24/2018
CUST01657,1724,1652.99,8,Mymensingh,2,5/13/2014
CUST01658,207,1710.38,9,Sylhet,1,7/8/2018
CUST01659,1739,1370.56,11,Saidpur,4,4/28/2014
CUST01660,1996,811.66,12,Dhaka,2,8/14/2013
CUST01661,1596,603.55,8,Chattogram,2,9/18/2014
CUST01662,580,2947.06,6,Saidpur,2,6/30/2017
CUST01663,2248,999.83,13,Dhaka,1,12/5/2012
CUST01664,1141,1619.41,11,Saidpur,4,12/17/2015
CUST01665,347,1320,9,Mymensingh,2,2/18/2018
CUST01666,949,1863.54,12,Dhaka,2,6/26/2016
CUST01667,175,794.8,5,Sylhet,2,8/9/2018
CUST01668,1990,3472.5,5,Chattogram,3,8/20/2013
CUST01669,2448,2507.36,5,Mymensingh,1,5/19/2012
CUST01670,1398,1870.28,8,Nilphamari,4,4/4/2015
CUST01671,2355,2524.53,9,Chattogram,4,8/20/2012
CUST01672,2331,1920.83,8,Saidpur,3,9/13/2012
CUST01673,1561,902.87,11,Sylhet,3,10/23/2014
CUST01674,2441,1778.1,5,Nilphamari,2,5/26/2012
CUST01675,1767,671.32,11,Chattogram,3,3/31/2014
CUST01676,1247,631.56,10,Rajshahi,3,9/2/2015
CUST01677,2146,1026.35,7,Dhaka,1,3/17/2013
CUST01678,639,721.58,9,Nilphamari,3,5/2/2017
CUST01679,155,1015.55,13,Dinajpur,1,8/29/2018
CUST01680,1384,1498.01,7,Dhaka,2,4/18/2015
CUST01681,1667,1876.83,11,Mymensingh,3,7/9/2014
CUST01682,240,1747.92,16,Sylhet,1,6/5/2018
CUST01683,608,1624.29,10,Sylhet,1,6/2/2017
CUST01684,1506,593.59,12,Sylhet,3,12/17/2014
CUST01685,1874,4255,13,Dinajpur,2,12/14/2013
CUST01686,594,1114.1,4,Rangpur,3,6/16/2017
CUST01687,2476,1589.22,8,Sylhet,3,4/21/2012
CUST01688,1091,236.65,20,Dinajpur,3,2/5/2016
CUST01689,950,481.64,8,Sylhet,3,6/25/2016
CUST01690,1023,2500.98,10,Dhaka,3,4/13/2016
CUST01691,1552,1719.21,9,Dhaka,3,11/1/2014
CUST01692,1012,1553.25,12,Mymensingh,2,4/24/2016
CUST01693,1793,766.58,10,Mymensingh,2,3/5/2014
CUST01694,290,1239.37,12,Rangpur,3,4/16/2018
CUST01695,2490,1981.87,10,Dinajpur,4,4/7/2012
CUST01696,1129,794.12,11,Dhaka,1,12/29/2015
CUST01697,1892,1685.05,6,Rajshahi,3,11/26/2013
CUST01698,945,554.99,8,Chattogram,1,6/30/2016
CUST01699,2201,706.76,9,Khulna,3,1/21/2013
CUST01700,69,1514.02,9,Sylhet,1,11/23/2018
CUST01701,1756,3628.08,9,Nilphamari,4,4/11/2014
CUST01702,1947,1198.96,10,Dinajpur,1,10/2/2013
CUST01703,947,1072.08,6,Dinajpur,4,6/28/2016
CUST01704,1983,2311,8,Rajshahi,4,8/27/2013
CUST01705,373,1279.91,11,Rajshahi,1,1/23/2018
CUST01706,1544,4073.23,8,Saidpur,1,11/9/2014
CUST01707,1601,2930.39,13,Rajshahi,2,9/13/2014
CUST01708,2117,5923.63,10,Sylhet,1,4/15/2013
CUST01709,1903,1356.01,13,Chattogram,1,11/15/2013
CUST01710,697,1496.43,7,Khulna,3,3/5/2017
CUST01711,845,1050.94,10,Rajshahi,3,10/8/2016
CUST01712,1698,1405.49,10,Khulna,2,6/8/2014
CUST01713,1105,2228.86,11,Khulna,2,1/22/2016
CUST01714,1631,1352.09,11,Nilphamari,1,8/14/2014
CUST01715,859,2784.09,8,Khulna,3,9/24/2016
CUST01716,240,1029.99,13,Sylhet,4,6/5/2018
CUST01717,870,690.94,7,Saidpur,2,9/13/2016
CUST01718,2246,776.5,12,Rangpur,1,12/7/2012
CUST01719,960,584.65,8,Rangpur,2,6/15/2016
CUST01720,1907,946.34,7,Dinajpur,4,11/11/2013
CUST01721,2464,1581.07,4,Sylhet,1,5/3/2012
CUST01722,127,1456.6,4,Sylhet,1,9/26/2018
CUST01723,379,3131.64,9,Khulna,4,1/17/2018
CUST01724,611,1293.78,16,Dinajpur,2,5/30/2017
CUST01725,1082,355.56,7,Mymensingh,1,2/14/2016
CUST01726,936,2886.52,7,Dhaka,1,7/9/2016
CUST01727,1273,1628.3,7,Rajshahi,2,8/7/2015
CUST01728,64,960.58,12,Mymensingh,2,11/28/2018
CUST01729,182,409.94,13,Rajshahi,4,8/2/2018
CUST01730,1995,3254.19,8,Saidpur,3,8/15/2013
CUST01731,1005,1363.17,6,Sylhet,4,5/1/2016
CUST01732,1130,704.86,7,Nilphamari,3,12/28/2015
CUST01733,1713,1186.32,6,Saidpur,2,5/24/2014
CUST01734,1291,1520.57,5,Nilphamari,2,7/20/2015
CUST01735,2395,1864.43,12,Rajshahi,4,7/11/2012
CUST01736,361,836.94,10,Rajshahi,1,2/4/2018
CUST01737,1107,1030.16,5,Rajshahi,1,1/20/2016
CUST01738,2046,1896.19,10,Khulna,3,6/25/2013
CUST01739,1231,417.88,8,Nilphamari,1,9/18/2015
CUST01740,1736,779.9,7,Rangpur,2,5/1/2014
CUST01741,2069,1266.21,7,Dinajpur,3,6/2/2013
CUST01742,1867,569.15,6,Dhaka,4,12/21/2013
CUST01743,587,816.15,6,Dinajpur,4,6/23/2017
CUST01744,614,1540.38,11,Chattogram,3,5/27/2017
CUST01745,1332,991.91,10,Khulna,4,6/9/2015
CUST01746,440,812.98,8,Rangpur,3,11/17/2017
CUST01747,854,1379.99,10,Sylhet,4,9/29/2016
CUST01748,657,2522.14,8,Chattogram,2,4/14/2017
CUST01749,872,1579.57,11,Chattogram,1,9/11/2016
CUST01750,1345,1358.95,6,Rangpur,2,5/27/2015
CUST01751,1817,1902.9,7,Mymensingh,4,2/9/2014
CUST01752,414,1166.35,13,Dinajpur,2,12/13/2017
CUST01753,2334,1478.96,9,Sylhet,3,9/10/2012
CUST01754,640,936.56,10,Nilphamari,1,5/1/2017
CUST01755,2193,3828.28,8,Rangpur,2,1/29/2013
CUST01756,2101,1623.59,12,Nilphamari,3,5/1/2013
CUST01757,1213,1090.4,6,Nilphamari,3,10/6/2015
CUST01758,2350,1509.03,5,Khulna,3,8/25/2012
CUST01759,1239,2332.79,4,Khulna,4,9/10/2015
CUST01760,158,2899.92,3,Rangpur,4,8/26/2018
CUST01761,2373,724.45,9,Saidpur,3,8/2/2012
CUST01762,1835,1729.35,10,Rajshahi,4,1/22/2014
CUST01763,2136,1024.66,8,Chattogram,4,3/27/2013
CUST01764,1734,965.53,10,Rangpur,1,5/3/2014
CUST01765,1396,565.51,15,Dinajpur,4,4/6/2015
CUST01766,1157,678.19,10,Mymensingh,4,12/1/2015
CUST01767,2390,1528.11,7,Sylhet,1,7/16/2012
CUST01768,2362,1669.18,4,Mymensingh,2,8/13/2012
CUST01769,2044,1890.03,7,Nilphamari,4,6/27/2013
CUST01770,2484,2482.37,5,Dhaka,4,4/13/2012
CUST01771,394,2860.39,10,Rajshahi,4,1/2/2018
CUST01772,252,1542.2,5,Rangpur,4,5/24/2018
CUST01773,763,729.59,7,Rangpur,3,12/29/2016
CUST01774,2108,720.23,10,Khulna,1,4/24/2013
CUST01775,508,613.11,13,Khulna,2,9/10/2017
CUST01776,2269,2260.64,12,Mymensingh,2,11/14/2012
CUST01777,50,829.63,6,Mymensingh,4,12/12/2018
CUST01778,1160,2533.46,7,Mymensingh,1,11/28/2015
CUST01779,2373,2635.76,6,Saidpur,2,8/2/2012
CUST01780,1026,1253.92,6,Khulna,3,4/10/2016
CUST01781,575,1775.06,10,Rajshahi,3,7/5/2017
CUST01782,456,824.34,8,Mymensingh,2,11/1/2017
CUST01783,1243,822.32,8,Dhaka,1,9/6/2015
CUST01784,144,1156.57,9,Sylhet,3,9/9/2018
CUST01785,445,2005.83,13,Nilphamari,2,11/12/2017
CUST01786,1507,2903.76,7,Sylhet,2,12/16/2014
CUST01787,975,712.54,8,Sylhet,1,5/31/2016
CUST01788,404,2591.73,6,Dinajpur,3,12/23/2017
CUST01789,1067,1504.75,8,Mymensingh,3,2/29/2016
CUST01790,1332,1603.23,9,Khulna,2,6/9/2015
CUST01791,1725,2492.72,4,Rangpur,1,5/12/2014
CUST01792,236,898.7,5,Rangpur,1,6/9/2018
CUST01793,1307,2125.87,9,Khulna,2,7/4/2015
CUST01794,972,590.9,7,Saidpur,3,6/3/2016
CUST01795,2135,1305.35,13,Saidpur,4,3/28/2013
CUST01796,173,1046.34,7,Saidpur,2,8/11/2018
CUST01797,463,1647.91,8,Nilphamari,1,10/25/2017
CUST01798,677,1449.71,9,Dinajpur,1,3/25/2017
CUST01799,1383,2140.18,6,Khulna,4,4/19/2015
CUST01800,174,4669.46,10,Dhaka,3,8/10/2018
CUST01801,1054,795.17,11,Nilphamari,2,3/13/2016
CUST01802,820,756.67,17,Sylhet,4,11/2/2016
CUST01803,1215,5171.98,7,Dinajpur,3,10/4/2015
CUST01804,601,1671.7,11,Sylhet,1,6/9/2017
CUST01805,970,1984.98,9,Rangpur,4,6/5/2016
CUST01806,1498,1468.32,8,Rangpur,3,12/25/2014
CUST01807,769,1745.18,13,Sylhet,3,12/23/2016
CUST01808,2246,822.27,10,Rajshahi,3,12/7/2012
CUST01809,1814,738.75,7,Dhaka,1,2/12/2014
CUST01810,2115,747.57,12,Saidpur,3,4/17/2013
CUST01811,165,1425.48,9,Sylhet,4,8/19/2018
CUST01812,323,448.64,12,Khulna,4,3/14/2018
CUST01813,172,989.08,11,Nilphamari,4,8/12/2018
CUST01814,1770,703.2,11,Rajshahi,1,3/28/2014
CUST01815,1492,208.43,8,Rangpur,4,12/31/2014
CUST01816,1052,1271.56,7,Dhaka,1,3/15/2016
CUST01817,365,474.04,11,Khulna,3,1/31/2018
CUST01818,1712,2986.28,11,Khulna,1,5/25/2014
CUST01819,1365,2491.7,10,Dhaka,2,5/7/2015
CUST01820,241,696.75,8,Rajshahi,1,6/4/2018
CUST01821,2025,1006.9,8,Chattogram,3,7/16/2013
CUST01822,2458,3813.95,7,Rangpur,1,5/9/2012
CUST01823,1122,1223.97,12,Saidpur,4,1/5/2016
CUST01824,1476,682.77,9,Saidpur,4,1/16/2015
CUST01825,2330,1190.58,9,Rangpur,2,9/14/2012
CUST01826,69,1528.16,10,Chattogram,2,11/23/2018
CUST01827,138,826.43,6,Khulna,2,9/15/2018
CUST01828,404,1541.01,6,Saidpur,4,12/23/2017
CUST01829,1808,1130.74,7,Mymensingh,4,2/18/2014
CUST01830,1430,617.8,15,Dhaka,2,3/3/2015
CUST01831,67,1428.72,7,Mymensingh,1,11/25/2018
CUST01832,924,1282.23,9,Dhaka,1,7/21/2016
CUST01833,1085,515.31,9,Rangpur,4,2/11/2016
CUST01834,1915,3393.35,5,Nilphamari,1,11/3/2013
CUST01835,1175,1518.01,11,Dinajpur,4,11/13/2015
CUST01836,919,2175.3,6,Sylhet,1,7/26/2016
CUST01837,1149,3009.21,11,Mymensingh,4,12/9/2015
CUST01838,300,2225.66,10,Saidpur,1,4/6/2018
CUST01839,245,1861.13,8,Saidpur,2,5/31/2018
CUST01840,756,739.73,10,Rangpur,3,1/5/2017
CUST01841,1050,875.32,11,Rangpur,2,3/17/2016
CUST01842,901,809.38,11,Chattogram,2,8/13/2016
CUST01843,1870,1408.76,13,Nilphamari,1,12/18/2013
CUST01844,1506,2183.3,9,Dinajpur,4,12/17/2014
CUST01845,1939,1070.05,12,Nilphamari,2,10/10/2013
CUST01846,1625,1481.56,7,Khulna,4,8/20/2014
CUST01847,1801,948.24,7,Rajshahi,3,2/25/2014
CUST01848,2170,1834.44,13,Saidpur,2,2/21/2013
CUST01849,1807,874.46,10,Sylhet,4,2/19/2014
CUST01850,2106,1958.42,9,Nilphamari,1,4/26/2013
CUST01851,316,742.94,9,Chattogram,3,3/21/2018
CUST01852,99,579.17,5,Dhaka,1,10/24/2018
CUST01853,1113,2831.38,9,Sylhet,1,1/14/2016
CUST01854,253,1093.08,14,Rajshahi,1,5/23/2018
CUST01855,328,1078.54,8,Nilphamari,3,3/9/2018
CUST01856,1714,256.73,12,Sylhet,4,5/23/2014
CUST01857,1663,1386.78,7,Nilphamari,2,7/13/2014
CUST01858,455,1331.61,2,Nilphamari,3,11/2/2017
CUST01859,920,338.24,10,Rangpur,2,7/25/2016
CUST01860,862,2186.73,6,Rangpur,2,9/21/2016
CUST01861,2217,2347.57,6,Dhaka,1,1/5/2013
CUST01862,475,3507.83,10,Saidpur,2,10/13/2017
CUST01863,2117,938.65,7,Sylhet,4,4/15/2013
CUST01864,1970,426.59,13,Dinajpur,4,9/9/2013
CUST01865,1159,1144.9,11,Rajshahi,1,11/29/2015
CUST01866,185,1041.69,11,Nilphamari,4,7/30/2018
CUST01867,2215,985.93,12,Chattogram,1,1/7/2013
CUST01868,1685,1945.92,9,Sylhet,2,6/21/2014
CUST01869,405,745.14,12,Chattogram,2,12/22/2017
CUST01870,1845,797.25,7,Mymensingh,4,1/12/2014
CUST01871,1414,1007.71,9,Saidpur,3,3/19/2015
CUST01872,711,751.96,8,Rangpur,1,2/19/2017
CUST01873,2324,1848.45,17,Dinajpur,4,9/20/2012
CUST01874,1158,698.67,6,Mymensingh,4,11/30/2015
CUST01875,1563,1296.34,5,Chattogram,3,10/21/2014
CUST01876,691,826.45,7,Sylhet,4,3/11/2017
CUST01877,547,1583.14,6,Nilphamari,3,8/2/2017
CUST01878,154,2873.88,2,Rangpur,2,8/30/2018
CUST01879,624,1413.29,11,Khulna,1,5/17/2017
CUST01880,575,1964.06,7,Sylhet,3,7/5/2017
CUST01881,1915,206.67,8,Sylhet,2,11/3/2013
CUST01882,1317,925.21,3,Sylhet,1,6/24/2015
CUST01883,1669,833.69,9,Rangpur,1,7/7/2014
CUST01884,2026,1410.41,4,Rangpur,3,7/15/2013
CUST01885,2460,918.79,8,Rajshahi,1,5/7/2012
CUST01886,1413,1828.76,3,Chattogram,2,3/20/2015
CUST01887,1892,1539.86,5,Chattogram,2,11/26/2013
CUST01888,1188,361.7,9,Nilphamari,3,10/31/2015
CUST01889,1283,962.62,8,Saidpur,4,7/28/2015
CUST01890,858,8166.37,3,Mymensingh,4,9/25/2016
CUST01891,1071,1323.37,12,Nilphamari,3,2/25/2016
CUST01892,1793,561.76,12,Dhaka,1,3/5/2014
CUST01893,1449,1466.12,13,Dhaka,2,2/12/2015
CUST01894,503,904.89,7,Dinajpur,2,9/15/2017
CUST01895,1318,1087.06,10,Nilphamari,2,6/23/2015
CUST01896,1449,1032.74,8,Dinajpur,4,2/12/2015
CUST01897,2455,1502.97,6,Rangpur,4,5/12/2012
CUST01898,1664,1200.52,9,Dhaka,1,7/12/2014
CUST01899,2344,1623.08,15,Dinajpur,2,8/31/2012
CUST01900,2360,1413.07,12,Khulna,1,8/15/2012
CUST01901,1834,2838.18,14,Chattogram,4,1/23/2014
CUST01902,1323,547,9,Rangpur,1,6/18/2015
CUST01903,528,1514,8,Mymensingh,1,8/21/2017
CUST01904,2138,376.62,10,Rangpur,1,3/25/2013
CUST01905,1687,4263.26,10,Chattogram,4,6/19/2014
CUST01906,547,2103.55,10,Chattogram,4,8/2/2017
CUST01907,1062,3338.51,7,Mymensingh,1,3/5/2016
CUST01908,1383,829.46,14,Nilphamari,4,4/19/2015
CUST01909,1849,1011.02,2,Mymensingh,1,1/8/2014
CUST01910,2208,1075.11,8,Sylhet,4,1/14/2013
CUST01911,2488,1749.54,10,Dhaka,2,4/9/2012
CUST01912,1901,785.22,9,Mymensingh,2,11/17/2013
CUST01913,1178,628.85,9,Khulna,2,11/10/2015
CUST01914,1638,882.93,11,Mymensingh,2,8/7/2014
CUST01915,1869,2284.97,15,Dhaka,4,12/19/2013
CUST01916,961,1615.57,7,Sylhet,4,6/14/2016
CUST01917,2207,1362.97,3,Nilphamari,4,1/15/2013
CUST01918,683,1798.07,12,Chattogram,2,3/19/2017
CUST01919,1419,2270.94,15,Nilphamari,4,3/14/2015
CUST01920,1892,900.34,8,Khulna,3,11/26/2013
CUST01921,293,452.67,10,Dinajpur,1,4/13/2018
CUST01922,709,2464.64,11,Dhaka,4,2/21/2017
CUST01923,1346,338.28,5,Mymensingh,3,5/26/2015
CUST01924,1137,556.28,9,Dhaka,1,12/21/2015
CUST01925,1023,2394.95,9,Saidpur,1,4/13/2016
CUST01926,1284,887.12,9,Nilphamari,3,7/27/2015
CUST01927,106,1243.29,11,Sylhet,4,10/17/2018
CUST01928,374,1113.41,7,Saidpur,1,1/22/2018
CUST01929,1131,2449.26,5,Dhaka,3,12/27/2015
CUST01930,1926,1721.36,10,Nilphamari,1,10/23/2013
CUST01931,1616,2465.13,23,Khulna,2,8/29/2014
CUST01932,307,1561.72,13,Dhaka,2,3/30/2018
CUST01933,739,553.82,4,Nilphamari,4,1/22/2017
CUST01934,1481,1393.78,15,Nilphamari,4,1/11/2015
CUST01935,959,745.77,12,Nilphamari,3,6/16/2016
CUST01936,91,3160.1,14,Nilphamari,1,11/1/2018
CUST01937,2114,994.98,10,Saidpur,2,4/18/2013
CUST01938,187,1632.53,9,Mymensingh,2,7/28/2018
CUST01939,1564,2684.81,9,Sylhet,4,10/20/2014
CUST01940,1554,2274,13,Sylhet,1,10/30/2014
CUST01941,2419,998.25,7,Dhaka,4,6/17/2012
CUST01942,491,382.57,4,Dinajpur,3,9/27/2017
CUST01943,2465,939.73,11,Dhaka,1,5/2/2012
CUST01944,231,2575.09,11,Mymensingh,2,6/14/2018
CUST01945,1304,1360.96,9,Mymensingh,1,7/7/2015
CUST01946,2376,2447.26,9,Rajshahi,2,7/30/2012
CUST01947,1032,409.11,7,Mymensingh,3,4/4/2016
CUST01948,2056,1675.17,15,Dhaka,4,6/15/2013
CUST01949,1273,1027.74,7,Nilphamari,3,8/7/2015
CUST01950,65,275.62,9,Sylhet,3,11/27/2018
CUST01951,48,1936.56,10,Rangpur,3,12/14/2018
CUST01952,798,1219.59,4,Rajshahi,3,11/24/2016
CUST01953,1955,4892.8,7,Nilphamari,4,9/24/2013
CUST01954,2280,510.41,10,Saidpur,3,11/3/2012
CUST01955,1884,769.27,11,Khulna,4,12/4/2013
CUST01956,2310,2997.93,8,Rangpur,4,10/4/2012
CUST01957,355,1141.7,6,Rajshahi,2,2/10/2018
CUST01958,74,4812.79,10,Rajshahi,4,11/18/2018
CUST01959,2303,1674.8,8,Chattogram,2,10/11/2012
CUST01960,1829,1979.75,8,Saidpur,1,1/28/2014
CUST01961,1315,2083.68,16,Nilphamari,4,6/26/2015
CUST01962,2025,2006.09,8,Saidpur,1,7/16/2013
CUST01963,625,1464.72,17,Dhaka,2,5/16/2017
CUST01964,722,2141.35,11,Saidpur,1,2/8/2017
CUST01965,1149,1713.38,9,Dinajpur,3,12/9/2015
CUST01966,2092,748.69,4,Mymensingh,4,5/10/2013
CUST01967,415,1176.1,9,Rangpur,2,12/12/2017
CUST01968,2161,802.81,11,Mymensingh,3,3/2/2013
CUST01969,165,883.98,9,Mymensingh,4,8/19/2018
CUST01970,2271,814.88,6,Dhaka,1,11/12/2012
CUST01971,541,3047.19,11,Khulna,4,8/8/2017
CUST01972,135,1288.35,14,Rangpur,4,9/18/2018
CUST01973,415,859.79,8,Dhaka,1,12/12/2017
CUST01974,1344,1551.12,10,Saidpur,1,5/28/2015
CUST01975,1197,1327.86,5,Mymensingh,3,10/22/2015
CUST01976,2462,1418.62,8,Dhaka,2,5/5/2012
CUST01977,1713,889.65,7,Dhaka,2,5/24/2014
CUST01978,756,1907.58,14,Sylhet,2,1/5/2017
CUST01979,1503,929.41,13,Khulna,3,12/20/2014
CUST01980,274,1029.5,10,Khulna,4,5/2/2018
CUST01981,171,732.47,4,Dinajpur,1,8/13/2018
CUST01982,395,849.93,6,Saidpur,1,1/1/2018
CUST01983,643,561.59,6,Mymensingh,4,4/28/2017
CUST01984,1977,629.8,7,Sylhet,2,9/2/2013
CUST01985,1869,1289.3,5,Dhaka,3,12/19/2013
CUST01986,2131,477.4,8,Dhaka,3,4/1/2013
CUST01987,1065,1570.04,6,Nilphamari,4,3/2/2016
CUST01988,178,956.14,7,Rajshahi,2,8/6/2018
CUST01989,1373,562.83,11,Mymensingh,1,4/29/2015
CUST01990,555,1460.53,6,Saidpur,1,7/25/2017
CUST01991,2335,1144.39,8,Rangpur,4,9/9/2012
CUST01992,623,610.86,10,Sylhet,2,5/18/2017
CUST01993,992,1893.32,6,Khulna,4,5/14/2016
CUST01994,1844,1084.34,12,Dinajpur,2,1/13/2014
CUST01995,1758,1783.4,13,Dinajpur,2,4/9/2014
CUST01996,2049,3024.7,5,Saidpur,2,6/22/2013
CUST01997,149,1337.85,8,Saidpur,3,9/4/2018
CUST01998,295,1028.46,10,Rangpur,3,4/11/2018
CUST01999,212,303.41,10,Dhaka,1,7/3/2018
CUST02000,2341,929.49,12,Nilphamari,1,9/3/2012
CUST02001,1393,1501.66,11,Rajshahi,2,4/9/2015
CUST02002,360,1784.27,6,Chattogram,1,2/5/2018
CUST02003,1927,1236.77,9,Dinajpur,3,10/22/2013
CUST02004,205,594.57,10,Dhaka,2,7/10/2018
CUST02005,1994,1219,10,Sylhet,3,8/16/2013
CUST02006,2067,1196.41,10,Nilphamari,1,6/4/2013
CUST02007,611,4411.87,7,Chattogram,2,5/30/2017
CUST02008,1659,605.55,9,Khulna,3,7/17/2014
CUST02009,1314,552.78,10,Sylhet,1,6/27/2015
CUST02010,725,2602.29,10,Chattogram,2,2/5/2017
CUST02011,1864,1356.36,16,Khulna,2,12/24/2013
CUST02012,1893,1798.21,9,Dinajpur,3,11/25/2013
CUST02013,495,1423.94,7,Saidpur,1,9/23/2017
CUST02014,255,677.84,9,Khulna,4,5/21/2018
CUST02015,1727,501.79,13,Mymensingh,1,5/10/2014
CUST02016,2075,4052.05,13,Rangpur,3,5/27/2013
CUST02017,2422,1139,9,Rangpur,1,6/14/2012
CUST02018,149,1639.38,8,Dinajpur,2,9/4/2018
CUST02019,778,2080.92,6,Sylhet,3,12/14/2016
CUST02020,832,789.39,7,Rajshahi,3,10/21/2016
CUST02021,280,1576.94,17,Mymensingh,4,4/26/2018
CUST02022,1037,1949.74,6,Khulna,1,3/30/2016
CUST02023,1136,1598.5,15,Dhaka,2,12/22/2015
CUST02024,832,1301.93,8,Sylhet,3,10/21/2016
CUST02025,2498,2110.1,4,Saidpur,3,3/30/2012
CUST02026,2339,2828.69,8,Mymensingh,2,9/5/2012
CUST02027,149,2073.38,13,Sylhet,1,9/4/2018
CUST02028,1452,1154.4,7,Rangpur,2,2/9/2015
CUST02029,2063,454.77,7,Dinajpur,1,6/8/2013
CUST02030,318,339.23,10,Chattogram,2,3/19/2018
CUST02031,1139,1718.07,8,Khulna,4,12/19/2015
CUST02032,765,801.29,11,Sylhet,4,12/27/2016
CUST02033,2018,1059.41,7,Dinajpur,3,7/23/2013
CUST02034,284,1099.19,12,Dhaka,3,4/22/2018
CUST02035,2173,436.06,6,Rangpur,1,2/18/2013
CUST02036,386,900.2,6,Chattogram,3,1/10/2018
CUST02037,1927,870.49,11,Mymensingh,1,10/22/2013
CUST02038,1167,678.44,8,Sylhet,2,11/21/2015
CUST02039,785,932.1,5,Khulna,4,12/7/2016
CUST02040,813,1836.74,13,Saidpur,2,11/9/2016
CUST02041,2423,1120.42,7,Mymensingh,1,6/13/2012
CUST02042,1461,1576.56,10,Sylhet,2,1/31/2015
CUST02043,2104,1152.32,5,Saidpur,2,4/28/2013
CUST02044,1091,1755.4,10,Dhaka,2,2/5/2016
CUST02045,1355,3549.9,6,Rajshahi,1,5/17/2015
CUST02046,1754,1297.8,9,Dinajpur,2,4/13/2014
CUST02047,546,1699.83,6,Nilphamari,3,8/3/2017
CUST02048,224,900.41,9,Dhaka,2,6/21/2018
CUST02049,1980,2039.8,3,Saidpur,3,8/30/2013
CUST02050,774,2223.02,7,Nilphamari,3,12/18/2016
CUST02051,1584,796.89,9,Dinajpur,2,9/30/2014
CUST02052,628,1998.69,16,Khulna,2,5/13/2017
CUST02053,467,529.41,13,Mymensingh,3,10/21/2017
CUST02054,74,990.49,11,Dinajpur,3,11/18/2018
CUST02055,70,1423.52,9,Rajshahi,3,11/22/2018
CUST02056,574,1273.44,8,Rajshahi,2,7/6/2017
CUST02057,2450,519.68,8,Mymensingh,1,5/17/2012
CUST02058,491,761.37,9,Dhaka,4,9/27/2017
CUST02059,2121,2379.69,8,Rajshahi,4,4/11/2013
CUST02060,1043,1080.51,8,Dhaka,3,3/24/2016
CUST02061,2049,1261.05,7,Saidpur,4,6/22/2013
CUST02062,2425,1337.12,14,Khulna,3,6/11/2012
CUST02063,192,865.61,12,Dinajpur,3,7/23/2018
CUST02064,637,676.21,5,Rangpur,3,5/4/2017
CUST02065,238,1324.2,10,Sylhet,2,6/7/2018
CUST02066,2321,717.18,8,Dinajpur,2,9/23/2012
CUST02067,359,843.31,9,Rangpur,1,2/6/2018
CUST02068,871,1327.79,6,Sylhet,3,9/12/2016
CUST02069,1537,1365.47,12,Mymensingh,4,11/16/2014
CUST02070,383,1071.23,10,Dinajpur,1,1/13/2018
CUST02071,720,992.91,5,Nilphamari,2,2/10/2017
CUST02072,269,1726.54,10,Dinajpur,2,5/7/2018
CUST02073,1988,933.23,14,Rangpur,4,8/22/2013
CUST02074,549,1393.61,8,Rangpur,2,7/31/2017
CUST02075,122,1445.71,12,Saidpur,3,10/1/2018
CUST02076,220,2655.35,7,Rajshahi,3,6/25/2018
CUST02077,1243,2698.95,7,Chattogram,2,9/6/2015
CUST02078,1348,975.25,8,Rajshahi,3,5/24/2015
CUST02079,440,360.39,6,Sylhet,4,11/17/2017
CUST02080,529,941.69,6,Khulna,2,8/20/2017
CUST02081,546,2717.98,12,Khulna,2,8/3/2017
CUST02082,1945,1477.49,8,Dhaka,4,10/4/2013
CUST02083,959,2953.44,8,Dhaka,3,6/16/2016
CUST02084,1281,1323.58,10,Saidpur,2,7/30/2015
CUST02085,699,1981.06,5,Rangpur,4,3/3/2017
CUST02086,392,1418.04,12,Sylhet,1,1/4/2018
CUST02087,2141,637.52,9,Saidpur,2,3/22/2013
CUST02088,1105,1169.14,7,Rangpur,1,1/22/2016
CUST02089,2115,3921.66,15,Dinajpur,4,4/17/2013
CUST02090,1896,375.61,13,Rangpur,1,11/22/2013
CUST02091,630,1419.07,8,Nilphamari,3,5/11/2017
CUST02092,2280,1767.82,9,Saidpur,2,11/3/2012
CUST02093,32,810.86,14,Chattogram,4,12/30/2018
CUST02094,794,2546.99,10,Dinajpur,3,11/28/2016
CUST02095,1847,728.79,11,Sylhet,3,1/10/2014
CUST02096,54,1855.72,14,Rangpur,3,12/8/2018
CUST02097,2328,1651.78,6,Chattogram,2,9/16/2012
CUST02098,2022,1381.91,7,Chattogram,4,7/19/2013
CUST02099,1470,653.7,5,Khulna,1,1/22/2015
CUST02100,2369,675,9,Nilphamari,4,8/6/2012
CUST02101,604,1342.78,7,Khulna,1,6/6/2017
CUST02102,427,642.24,16,Rajshahi,4,11/30/2017
CUST02103,553,894.95,9,Saidpur,2,7/27/2017
CUST02104,1027,4793.92,5,Mymensingh,3,4/9/2016
CUST02105,1666,777.93,5,Sylhet,1,7/10/2014
CUST02106,1577,597.39,12,Rajshahi,4,10/7/2014
CUST02107,2120,5435.32,8,Chattogram,1,4/12/2013
CUST02108,677,1936.9,6,Saidpur,3,3/25/2017
CUST02109,1131,960.79,6,Sylhet,1,12/27/2015
CUST02110,1318,843.27,12,Dhaka,1,6/23/2015
CUST02111,1558,367.99,14,Khulna,4,10/26/2014
CUST02112,1194,3301.87,12,Mymensingh,1,10/25/2015
CUST02113,1599,317.9,5,Dhaka,3,9/15/2014
CUST02114,2143,1080.89,15,Sylhet,3,3/20/2013
CUST02115,1987,633.04,13,Dinajpur,1,8/23/2013
CUST02116,597,1277.23,7,Sylhet,1,6/13/2017
CUST02117,1164,2553.61,9,Mymensingh,1,11/24/2015
CUST02118,251,1426.4,8,Chattogram,1,5/25/2018
CUST02119,564,859.83,6,Rajshahi,4,7/16/2017
CUST02120,790,823.53,10,Saidpur,2,12/2/2016
CUST02121,900,3189.37,12,Dhaka,3,8/14/2016
CUST02122,887,909.57,4,Nilphamari,4,8/27/2016
CUST02123,896,2097.85,4,Dhaka,3,8/18/2016
CUST02124,1480,1448.38,13,Chattogram,4,1/12/2015
CUST02125,770,1260.51,11,Saidpur,1,12/22/2016
CUST02126,816,640.4,8,Sylhet,4,11/6/2016
CUST02127,1667,2807.95,8,Mymensingh,1,7/9/2014
CUST02128,1932,3757.7,11,Mymensingh,2,10/17/2013
CUST02129,511,1864.97,12,Rangpur,3,9/7/2017
CUST02130,2238,648.61,11,Chattogram,2,12/15/2012
CUST02131,1950,1312.66,6,Nilphamari,3,9/29/2013
CUST02132,2362,1383.72,9,Sylhet,1,8/13/2012
CUST02133,1847,637.92,10,Saidpur,3,1/10/2014
CUST02134,271,1524.28,8,Dhaka,3,5/5/2018
CUST02135,1763,1841.13,8,Sylhet,4,4/4/2014
CUST02136,1021,1082.97,7,Nilphamari,3,4/15/2016
CUST02137,1693,1478.21,12,Khulna,4,6/13/2014
CUST02138,1068,1153.7,7,Rangpur,2,2/28/2016
CUST02139,1819,2070.9,9,Dhaka,3,2/7/2014
CUST02140,225,976.19,12,Mymensingh,3,6/20/2018
CUST02141,871,796.81,11,Nilphamari,4,9/12/2016
CUST02142,1071,751.36,9,Mymensingh,3,2/25/2016
CUST02143,1182,1144.4,10,Rangpur,4,11/6/2015
CUST02144,1055,1912.07,3,Dinajpur,4,3/12/2016
CUST02145,516,1804.23,13,Sylhet,1,9/2/2017
CUST02146,829,617.13,16,Khulna,1,10/24/2016
CUST02147,2226,1299.36,12,Sylhet,3,12/27/2012
CUST02148,2217,649.48,5,Rajshahi,3,1/5/2013
CUST02149,2351,517.58,13,Mymensingh,2,8/24/2012
CUST02150,2432,1100.69,13,Dinajpur,4,6/4/2012
CUST02151,2164,1342.39,10,Khulna,1,2/27/2013
CUST02152,2381,1269.69,8,Dinajpur,4,7/25/2012
CUST02153,2350,1472.1,10,Khulna,4,8/25/2012
CUST02154,2128,1157.61,12,Rajshahi,3,4/4/2013
CUST02155,2174,2270.53,7,Dinajpur,3,2/17/2013
CUST02156,1932,1558.28,7,Rajshahi,1,10/17/2013
CUST02157,2183,1765.78,9,Rajshahi,4,2/8/2013
CUST02158,2489,1117.75,5,Saidpur,4,4/8/2012
CUST02159,296,3603.4,8,Rajshahi,2,4/10/2018
CUST02160,1577,2101,4,Rajshahi,1,10/7/2014
CUST02161,44,1045.2,4,Mymensingh,4,12/18/2018
CUST02162,2081,2443.9,7,Saidpur,2,5/21/2013
CUST02163,1807,4778.81,8,Sylhet,4,2/19/2014
CUST02164,1149,2040.27,9,Rajshahi,3,12/9/2015
CUST02165,1472,1680.23,10,Dinajpur,1,1/20/2015
CUST02166,1016,1375.41,7,Khulna,2,4/20/2016
CUST02167,2389,1416.2,8,Mymensingh,2,7/17/2012
CUST02168,495,3277.51,2,Nilphamari,2,9/23/2017
CUST02169,172,958.57,6,Mymensingh,4,8/12/2018
CUST02170,103,811.94,10,Saidpur,1,10/20/2018
CUST02171,2224,1980.61,11,Sylhet,3,12/29/2012
CUST02172,411,3424.36,12,Nilphamari,1,12/16/2017
CUST02173,740,1218.61,10,Dinajpur,3,1/21/2017
CUST02174,211,8955.47,14,Chattogram,3,7/4/2018
CUST02175,509,297.88,12,Mymensingh,4,9/9/2017
CUST02176,684,1570.93,7,Rangpur,4,3/18/2017
CUST02177,1867,1163.03,8,Mymensingh,1,12/21/2013
CUST02178,1125,1215.81,6,Saidpur,1,1/2/2016
CUST02179,1906,3685.36,8,Rangpur,4,11/12/2013
CUST02180,1964,1496.01,10,Nilphamari,3,9/15/2013
CUST02181,1775,5380.13,12,Dinajpur,2,3/23/2014
CUST02182,126,826.07,5,Dinajpur,2,9/27/2018
CUST02183,1383,1473.49,9,Nilphamari,4,4/19/2015
CUST02184,959,2647.57,7,Rajshahi,3,6/16/2016
CUST02185,1887,567.57,10,Chattogram,1,12/1/2013
CUST02186,558,1758.72,8,Dinajpur,2,7/22/2017
CUST02187,1147,454.69,11,Chattogram,4,12/11/2015
CUST02188,2196,1591.04,5,Rangpur,3,1/26/2013
CUST02189,1251,2510.35,9,Khulna,3,8/29/2015
CUST02190,2303,2881.99,6,Chattogram,2,10/11/2012
CUST02191,1113,1214.54,9,Chattogram,3,1/14/2016
CUST02192,747,1354.77,10,Rangpur,4,1/14/2017
CUST02193,1096,713.3,14,Chattogram,2,1/31/2016
CUST02194,1569,436.97,7,Rangpur,4,10/15/2014
CUST02195,1945,1287.73,12,Dhaka,4,10/4/2013
CUST02196,811,353.82,7,Rajshahi,1,11/11/2016
CUST02197,2071,2931.9,10,Saidpur,4,5/31/2013
CUST02198,429,1617.45,10,Rajshahi,1,11/28/2017
CUST02199,800,992.13,6,Khulna,4,11/22/2016
CUST02200,1660,632.68,4,Rajshahi,3,7/16/2014
CUST02201,2116,1634.76,5,Chattogram,3,4/16/2013
CUST02202,505,1000.99,8,Khulna,4,9/13/2017
CUST02203,367,1774.29,11,Mymensingh,3,1/29/2018
CUST02204,384,1898.07,10,Dinajpur,4,1/12/2018
CUST02205,121,1214.44,10,Mymensingh,1,10/2/2018
CUST02206,328,1133.15,6,Dhaka,2,3/9/2018
CUST02207,1597,972.57,10,Rajshahi,3,9/17/2014
CUST02208,437,1422.96,10,Dinajpur,4,11/20/2017
CUST02209,258,789.33,10,Sylhet,2,5/18/2018
CUST02210,1793,1342.21,11,Dinajpur,2,3/5/2014
CUST02211,181,949.85,10,Chattogram,1,8/3/2018
CUST02212,547,2450.2,11,Chattogram,2,8/2/2017
CUST02213,1574,910.85,15,Nilphamari,1,10/10/2014
CUST02214,1223,1093.32,8,Dinajpur,1,9/26/2015
CUST02215,1248,1907.2,12,Chattogram,4,9/1/2015
CUST02216,225,856.43,8,Rajshahi,3,6/20/2018
CUST02217,1285,1670.39,6,Khulna,4,7/26/2015
CUST02218,626,504.5,12,Rajshahi,2,5/15/2017
CUST02219,886,639.04,9,Sylhet,1,8/28/2016
CUST02220,1527,850.82,6,Rajshahi,1,11/26/2014
CUST02221,1017,782.22,11,Mymensingh,2,4/19/2016
CUST02222,1290,549.43,9,Saidpur,4,7/21/2015
CUST02223,1834,1053.63,9,Sylhet,2,1/23/2014
CUST02224,973,741.61,6,Mymensingh,4,6/2/2016
CUST02225,2355,1078.3,11,Mymensingh,2,8/20/2012
CUST02226,1679,2715.63,7,Rajshahi,1,6/27/2014
CUST02227,1702,520.33,4,Rajshahi,3,6/4/2014
CUST02228,1433,1990.78,7,Mymensingh,3,2/28/2015
CUST02229,2377,2471.59,6,Rangpur,4,7/29/2012
CUST02230,1784,366.38,8,Nilphamari,3,3/14/2014
CUST02231,2465,1503.4,11,Chattogram,4,5/2/2012
CUST02232,1969,1030.5,11,Saidpur,4,9/10/2013
CUST02233,2491,469.45,7,Chattogram,1,4/6/2012
CUST02234,327,1198.14,9,Nilphamari,1,3/10/2018
CUST02235,1922,2489.57,4,Rangpur,2,10/27/2013
CUST02236,1615,1322.47,10,Rangpur,3,8/30/2014
CUST02237,1108,3189.59,10,Sylhet,4,1/19/2016
CUST02238,1315,1478.17,8,Khulna,3,6/26/2015
CUST02239,1231,1700.79,11,Rangpur,1,9/18/2015
CUST02240,520,1093.46,9,Khulna,3,8/29/2017
CUST02241,924,979.61,8,Rangpur,1,7/21/2016
CUST02242,95,583.18,14,Nilphamari,3,10/28/2018
CUST02243,586,1292.14,11,Rangpur,4,6/24/2017
CUST02244,70,313.35,12,Dhaka,4,11/22/2018
CUST02245,646,904,7,Saidpur,1,4/25/2017
CUST02246,1666,1017.73,5,Khulna,2,7/10/2014
CUST02247,1538,886.5,9,Mymensingh,4,11/15/2014
CUST02248,340,1987.61,9,Mymensingh,1,2/25/2018
CUST02249,317,1821.8,6,Saidpur,1,3/20/2018
CUST02250,677,1078.82,9,Rajshahi,4,3/25/2017
CUST02251,364,755.64,9,Saidpur,3,2/1/2018
CUST02252,905,2788.86,14,Dinajpur,2,8/9/2016
CUST02253,1981,1456.77,10,Nilphamari,2,8/29/2013
CUST02254,1377,1190.87,9,Nilphamari,1,4/25/2015
CUST02255,800,357.56,6,Rajshahi,3,11/22/2016
CUST02256,546,1079.5,9,Rajshahi,4,8/3/2017
CUST02257,2323,2063.45,7,Chattogram,3,9/21/2012
CUST02258,1473,469.54,10,Dinajpur,4,1/19/2015
CUST02259,2426,869.05,11,Dhaka,4,6/10/2012
CUST02260,127,2761.7,11,Khulna,3,9/26/2018
CUST02261,1872,869.61,9,Sylhet,3,12/16/2013
CUST02262,794,1409.8,11,Mymensingh,3,11/28/2016
CUST02263,454,2261.47,7,Rangpur,4,11/3/2017
CUST02264,172,1442.26,10,Nilphamari,3,8/12/2018
CUST02265,105,2205.36,4,Sylhet,1,10/18/2018
CUST02266,763,1349.09,11,Rangpur,2,12/29/2016
CUST02267,908,1162.06,7,Dhaka,2,8/6/2016
CUST02268,1751,465.54,7,Rangpur,3,4/16/2014
CUST02269,2012,423.8,12,Rangpur,1,7/29/2013
CUST02270,1511,784.94,7,Sylhet,1,12/12/2014
CUST02271,1113,853.04,9,Rajshahi,4,1/14/2016
CUST02272,2103,1040.33,9,Rajshahi,3,4/29/2013
CUST02273,292,577.66,7,Rajshahi,1,4/14/2018
CUST02274,206,1700.06,12,Rangpur,3,7/9/2018
CUST02275,1862,706.34,9,Nilphamari,3,12/26/2013
CUST02276,1030,922.81,9,Rangpur,2,4/6/2016
CUST02277,1900,349.77,7,Khulna,4,11/18/2013
CUST02278,1895,3830.4,9,Chattogram,2,11/23/2013
CUST02279,2257,1620.95,11,Dhaka,1,11/26/2012
CUST02280,1362,389.3,9,Mymensingh,3,5/10/2015
CUST02281,1370,1215.63,12,Nilphamari,3,5/2/2015
CUST02282,403,1553.3,8,Rangpur,4,12/24/2017
CUST02283,627,462.93,9,Rangpur,2,5/14/2017
CUST02284,106,1168.59,8,Mymensingh,3,10/17/2018
CUST02285,2093,1271.35,12,Chattogram,2,5/9/2013
CUST02286,505,502.3,9,Khulna,3,9/13/2017
CUST02287,532,1539.57,14,Sylhet,1,8/17/2017
CUST02288,2065,775.74,13,Sylhet,4,6/6/2013
CUST02289,537,284.54,7,Sylhet,4,8/12/2017
CUST02290,1655,649.48,7,Khulna,2,7/21/2014
CUST02291,393,684.76,10,Sylhet,2,1/3/2018
CUST02292,2335,3127.32,4,Dhaka,2,9/9/2012
CUST02293,1861,1562.92,10,Dinajpur,3,12/27/2013
CUST02294,2111,659.53,14,Saidpur,1,4/21/2013
CUST02295,1282,629.75,5,Khulna,4,7/29/2015
CUST02296,2062,2522.9,5,Khulna,2,6/9/2013
CUST02297,289,1503.04,8,Chattogram,3,4/17/2018
CUST02298,731,703.08,10,Nilphamari,1,1/30/2017
CUST02299,995,1330.89,5,Mymensingh,2,5/11/2016
CUST02300,1454,688.01,11,Chattogram,2,2/7/2015
CUST02301,390,2423.18,14,Dinajpur,3,1/6/2018
CUST02302,1454,936.84,9,Mymensingh,2,2/7/2015
CUST02303,2194,1476.96,7,Khulna,2,1/28/2013
CUST02304,2206,1840.54,14,Saidpur,4,1/16/2013
CUST02305,1482,890.04,7,Chattogram,4,1/10/2015
CUST02306,111,2549.46,9,Mymensingh,2,10/12/2018
CUST02307,1590,889.79,14,Rangpur,4,9/24/2014
CUST02308,730,768.93,10,Khulna,3,1/31/2017
CUST02309,2106,1128.81,11,Saidpur,4,4/26/2013
CUST02310,571,1316.07,6,Chattogram,3,7/9/2017
CUST02311,1249,1360.46,13,Rajshahi,2,8/31/2015
CUST02312,2298,1683.65,13,Rajshahi,2,10/16/2012
CUST02313,402,1343.34,4,Nilphamari,4,12/25/2017
CUST02314,40,1255.09,7,Dhaka,2,12/22/2018
CUST02315,140,747.48,9,Rangpur,4,9/13/2018
CUST02316,2211,922.19,5,Dinajpur,2,1/11/2013
CUST02317,1742,557.24,10,Rangpur,2,4/25/2014
CUST02318,1046,1385.14,11,Dhaka,1,3/21/2016
CUST02319,1486,1463.51,10,Sylhet,1,1/6/2015
CUST02320,1874,2572.14,13,Mymensingh,3,12/14/2013
CUST02321,1191,1058.68,6,Nilphamari,3,10/28/2015
CUST02322,1465,461.98,13,Mymensingh,2,1/27/2015
CUST02323,2203,1319.35,6,Dhaka,1,1/19/2013
CUST02324,1846,662.48,4,Sylhet,2,1/11/2014
CUST02325,2120,864.72,10,Nilphamari,3,4/12/2013
CUST02326,1314,2451.08,10,Chattogram,1,6/27/2015
CUST02327,109,295.27,13,Dhaka,1,10/14/2018
CUST02328,686,1542.48,10,Chattogram,1,3/16/2017
CUST02329,251,1346.05,11,Sylhet,2,5/25/2018
CUST02330,689,2455.06,9,Rajshahi,4,3/13/2017
CUST02331,498,463.62,12,Nilphamari,2,9/20/2017
CUST02332,735,1172.42,11,Sylhet,4,1/26/2017
CUST02333,1938,1047.34,10,Rajshahi,4,10/11/2013
CUST02334,2393,1715.84,7,Chattogram,3,7/13/2012
CUST02335,1144,1114.17,12,Mymensingh,2,12/14/2015
CUST02336,781,958.6,10,Nilphamari,1,12/11/2016
CUST02337,649,1028.2,10,Dhaka,4,4/22/2017
CUST02338,1694,636.96,9,Rangpur,3,6/12/2014
CUST02339,1169,798.68,9,Dhaka,4,11/19/2015
CUST02340,1308,2598.25,9,Mymensingh,1,7/3/2015
CUST02341,2384,439.67,10,Nilphamari,4,7/22/2012
CUST02342,1991,2515.22,13,Chattogram,2,8/19/2013
CUST02343,1602,597.17,10,Rajshahi,3,9/12/2014
CUST02344,388,2765.45,5,Saidpur,4,1/8/2018
CUST02345,2236,2631.43,11,Chattogram,2,12/17/2012
CUST02346,2080,816.02,10,Chattogram,4,5/22/2013
CUST02347,2134,585.47,5,Chattogram,2,3/29/2013
CUST02348,338,595.68,5,Mymensingh,4,2/27/2018
CUST02349,1342,1869.01,7,Nilphamari,3,5/30/2015
CUST02350,1481,1365.46,9,Dinajpur,3,1/11/2015
CUST02351,596,567.92,9,Saidpur,4,6/14/2017
CUST02352,932,1224.89,13,Rangpur,4,7/13/2016
CUST02353,2418,2835.74,10,Nilphamari,3,6/18/2012
CUST02354,1737,968.73,8,Dinajpur,1,4/30/2014
CUST02355,752,1327.28,10,Chattogram,3,1/9/2017
CUST02356,1033,1037.87,10,Khulna,1,4/3/2016
CUST02357,1954,2102.97,14,Chattogram,2,9/25/2013
CUST02358,952,2383.8,5,Dhaka,3,6/23/2016
CUST02359,2245,219.53,8,Saidpur,3,12/8/2012
CUST02360,353,2888.1,12,Rangpur,3,2/12/2018
CUST02361,1827,2264.6,10,Rajshahi,3,1/30/2014
CUST02362,2441,1850.36,12,Sylhet,4,5/26/2012
CUST02363,1540,1251.18,14,Dhaka,3,11/13/2014
CUST02364,1806,1684.35,9,Mymensingh,1,2/20/2014
CUST02365,1073,1635.37,10,Dhaka,2,2/23/2016
CUST02366,1675,1593.69,9,Nilphamari,1,7/1/2014
CUST02367,1958,632.78,12,Saidpur,3,9/21/2013
CUST02368,631,2984.53,10,Rajshahi,2,5/10/2017
CUST02369,543,1353.92,7,Rangpur,1,8/6/2017
CUST02370,1644,902.24,8,Khulna,2,8/1/2014
CUST02371,1882,1366.75,5,Chattogram,3,12/6/2013
CUST02372,802,1067.77,8,Mymensingh,4,11/20/2016
CUST02373,722,1955.1,8,Rangpur,3,2/8/2017
CUST02374,2484,1316.41,7,Mymensingh,4,4/13/2012
CUST02375,2135,860.12,11,Saidpur,3,3/28/2013
CUST02376,730,1310.83,8,Rangpur,2,1/31/2017
CUST02377,2077,1622.14,9,Sylhet,3,5/25/2013
CUST02378,1025,2542.31,10,Saidpur,2,4/11/2016
CUST02379,1421,3603.28,10,Dhaka,2,3/12/2015
CUST02380,2089,2098.23,10,Rangpur,2,5/13/2013
CUST02381,460,1750.52,6,Chattogram,1,10/28/2017
CUST02382,722,1222.69,9,Nilphamari,4,2/8/2017
CUST02383,401,590.12,6,Saidpur,3,12/26/2017
CUST02384,1746,1285.22,6,Dhaka,4,4/21/2014
CUST02385,2138,470.21,14,Dinajpur,3,3/25/2013
CUST02386,988,716.23,10,Saidpur,3,5/18/2016
CUST02387,2080,878.62,10,Nilphamari,1,5/22/2013
CUST02388,35,1006.13,6,Rajshahi,3,12/27/2018
CUST02389,505,2988.85,9,Khulna,3,9/13/2017
CUST02390,140,867.06,6,Rangpur,4,9/13/2018
CUST02391,1466,2136.08,10,Dhaka,2,1/26/2015
CUST02392,1896,227.05,9,Mymensingh,3,11/22/2013
CUST02393,966,491.79,9,Mymensingh,1,6/9/2016
CUST02394,1713,1052.9,8,Dhaka,2,5/24/2014
CUST02395,805,1572.39,7,Rangpur,1,11/17/2016
CUST02396,1074,1497.87,10,Dhaka,1,2/22/2016
CUST02397,713,416.4,6,Nilphamari,2,2/17/2017
CUST02398,781,802.14,6,Dhaka,3,12/11/2016
CUST02399,1635,1895.23,12,Dhaka,2,8/10/2014
CUST02400,1346,996.84,7,Dinajpur,3,5/26/2015
CUST02401,1614,756.54,8,Dhaka,4,8/31/2014
CUST02402,134,3518.47,11,Sylhet,3,9/19/2018
CUST02403,1650,1056.1,8,Sylhet,3,7/26/2014
CUST02404,385,1188.62,6,Dhaka,4,1/11/2018
CUST02405,1579,2579.12,10,Dhaka,4,10/5/2014
CUST02406,900,1320.8,7,Chattogram,2,8/14/2016
CUST02407,2073,1543.47,10,Mymensingh,1,5/29/2013
CUST02408,1997,955.09,7,Sylhet,3,8/13/2013
CUST02409,1679,1000.04,13,Sylhet,4,6/27/2014
CUST02410,852,657.12,12,Dinajpur,3,10/1/2016
CUST02411,701,488.21,5,Chattogram,4,3/1/2017
CUST02412,134,297.3,10,Rangpur,2,9/19/2018
CUST02413,1874,1770.43,10,Mymensingh,3,12/14/2013
CUST02414,1053,729.11,10,Saidpur,2,3/14/2016
CUST02415,1789,891.58,8,Rangpur,2,3/9/2014
CUST02416,379,1816.47,9,Mymensingh,1,1/17/2018
CUST02417,538,504.32,13,Mymensingh,1,8/11/2017
CUST02418,975,460.77,10,Nilphamari,1,5/31/2016
CUST02419,1880,2319.61,8,Dhaka,2,12/8/2013
CUST02420,558,922.48,10,Mymensingh,1,7/22/2017
CUST02421,484,1518.78,10,Khulna,2,10/4/2017
CUST02422,86,1035.5,10,Rangpur,3,11/6/2018
CUST02423,2262,2615.47,10,Rangpur,3,11/21/2012
CUST02424,1582,3193.25,12,Rajshahi,3,10/2/2014
CUST02425,1599,4532.48,2,Saidpur,4,9/15/2014
CUST02426,1154,785.76,9,Sylhet,3,12/4/2015
CUST02427,651,680.03,7,Rangpur,1,4/20/2017
CUST02428,463,932.92,7,Dhaka,1,10/25/2017
CUST02429,2404,2144.53,12,Rangpur,2,7/2/2012
CUST02430,2048,1342.81,5,Dinajpur,4,6/23/2013
CUST02431,776,913.46,11,Chattogram,3,12/16/2016
CUST02432,657,1785.22,13,Nilphamari,3,4/14/2017
CUST02433,2177,1129.37,7,Sylhet,1,2/14/2013
CUST02434,551,2920.5,7,Khulna,4,7/29/2017
CUST02435,1848,1448.86,11,Sylhet,3,1/9/2014
CUST02436,1170,668.97,9,Chattogram,4,11/18/2015
CUST02437,1277,378.82,7,Mymensingh,2,8/3/2015
CUST02438,2489,738.77,11,Mymensingh,2,4/8/2012
CUST02439,1985,1211.46,10,Nilphamari,4,8/25/2013
CUST02440,993,2678.18,9,Dhaka,4,5/13/2016
CUST02441,1502,710,11,Rajshahi,1,12/21/2014
CUST02442,191,1158.15,11,Rangpur,4,7/24/2018
CUST02443,2411,781.93,9,Saidpur,2,6/25/2012
CUST02444,362,966.23,16,Dhaka,4,2/3/2018
CUST02445,1900,1124.13,7,Dinajpur,2,11/18/2013
CUST02446,313,918.97,12,Mymensingh,2,3/24/2018
CUST02447,673,3863.49,3,Rangpur,4,3/29/2017
CUST02448,206,719.24,9,Chattogram,2,7/9/2018
CUST02449,106,3364.36,5,Khulna,4,10/17/2018
CUST02450,452,1057.9,10,Dinajpur,3,11/5/2017
CUST02451,1106,1126.33,9,Mymensingh,3,1/21/2016
CUST02452,886,1120.49,13,Sylhet,4,8/28/2016
CUST02453,1474,258.81,7,Saidpur,3,1/18/2015
CUST02454,334,901.08,11,Saidpur,4,3/3/2018
CUST02455,1114,175.54,9,Mymensingh,2,1/13/2016
CUST02456,1758,533.65,6,Dinajpur,1,4/9/2014
CUST02457,660,1193.98,11,Khulna,2,4/11/2017
CUST02458,1865,4129.77,7,Dhaka,3,12/23/2013
CUST02459,2360,1984.97,6,Saidpur,1,8/15/2012
CUST02460,2229,2497.14,11,Khulna,1,12/24/2012
CUST02461,1876,1876.23,5,Dhaka,3,12/12/2013
CUST02462,418,1170.65,10,Sylhet,2,12/9/2017
CUST02463,1977,1422.5,12,Sylhet,4,9/2/2013
CUST02464,1701,1196.32,6,Sylhet,2,6/5/2014
CUST02465,31,461.33,11,Dinajpur,2,12/31/2018
CUST02466,1694,2072.14,14,Saidpur,4,6/12/2014
CUST02467,1396,2337.21,11,Rajshahi,1,4/6/2015
CUST02468,2191,572.69,10,Sylhet,1,1/31/2013
CUST02469,2211,5151.96,8,Sylhet,1,1/11/2013
CUST02470,666,3351.85,10,Khulna,2,4/5/2017
CUST02471,1054,438.13,9,Dhaka,3,3/13/2016
CUST02472,935,3767.46,11,Sylhet,1,7/10/2016
CUST02473,2464,2434.98,11,Sylhet,1,5/3/2012
CUST02474,530,1173.22,12,Dinajpur,2,8/19/2017
CUST02475,1829,699.71,11,Rajshahi,1,1/28/2014
CUST02476,1370,503.66,11,Dhaka,4,5/2/2015
CUST02477,928,1571.96,12,Chattogram,2,7/17/2016
CUST02478,415,2700.25,14,Saidpur,4,12/12/2017
CUST02479,147,1095.12,7,Rangpur,4,9/6/2018
CUST02480,419,1061,5,Chattogram,2,12/8/2017
CUST02481,806,697.39,7,Sylhet,4,11/16/2016
CUST02482,1185,520.49,7,Mymensingh,4,11/3/2015
CUST02483,935,1631.81,7,Khulna,1,7/10/2016
CUST02484,1864,1742.85,9,Rangpur,3,12/24/2013
CUST02485,1141,1686.93,9,Mymensingh,3,12/17/2015
CUST02486,225,1432.57,8,Dinajpur,2,6/20/2018
CUST02487,843,416.18,12,Rajshahi,1,10/10/2016
CUST02488,2232,764.79,10,Nilphamari,3,12/21/2012
CUST02489,2367,1204.94,8,Mymensingh,3,8/8/2012
CUST02490,1351,1828.48,11,Khulna,2,5/21/2015
CUST02491,1206,1214.23,9,Khulna,2,10/13/2015
CUST02492,2418,3558.26,9,Chattogram,3,6/18/2012
CUST02493,1746,403.74,7,Sylhet,3,4/21/2014
CUST02494,963,700.95,13,Mymensingh,4,6/12/2016
CUST02495,1427,935.5,11,Rajshahi,2,3/6/2015
CUST02496,1922,1037.58,9,Rangpur,3,10/27/2013
CUST02497,1648,4361.86,3,Saidpur,1,7/28/2014
CUST02498,38,846.01,12,Dhaka,4,12/24/2018
CUST02499,2476,1081.57,8,Rangpur,2,4/21/2012
CUST02500,1766,2074.31,5,Saidpur,1,4/1/2014
CUST02501,1528,2625.07,8,Saidpur,2,11/25/2014
CUST02502,1827,796.38,6,Nilphamari,2,1/30/2014
CUST02503,1633,1660.32,8,Mymensingh,1,8/12/2014
CUST02504,273,1435.81,3,Chattogram,1,5/3/2018
CUST02505,1752,1548.48,9,Chattogram,1,4/15/2014
CUST02506,324,1802.72,9,Dhaka,3,3/13/2018
CUST02507,222,1926.48,12,Chattogram,2,6/23/2018
CUST02508,318,1251.49,11,Sylhet,1,3/19/2018
CUST02509,2369,405.66,10,Mymensingh,3,8/6/2012
CUST02510,1647,684.78,6,Khulna,1,7/29/2014
CUST02511,1354,2643.1,5,Sylhet,3,5/18/2015
CUST02512,1392,1367.86,9,Mymensingh,2,4/10/2015
CUST02513,718,1472.11,11,Rajshahi,3,2/12/2017
CUST02514,2236,392.04,5,Dinajpur,4,12/17/2012
CUST02515,1489,227.63,14,Nilphamari,4,1/3/2015
CUST02516,330,2708.39,9,Dinajpur,4,3/7/2018
CUST02517,1250,655.78,3,Saidpur,2,8/30/2015
CUST02518,722,1191.25,12,Rangpur,2,2/8/2017
CUST02519,194,1108.75,7,Mymensingh,2,7/21/2018
CUST02520,1094,301.8,14,Chattogram,4,2/2/2016
CUST02521,167,443.47,11,Nilphamari,4,8/17/2018
CUST02522,106,2190.17,11,Dinajpur,3,10/17/2018
CUST02523,548,845.19,9,Saidpur,4,8/1/2017
CUST02524,2177,217.77,11,Saidpur,3,2/14/2013
CUST02525,311,2316.02,14,Dinajpur,2,3/26/2018
CUST02526,2044,2061.56,12,Nilphamari,2,6/27/2013
CUST02527,570,2703.93,8,Dinajpur,1,7/10/2017
CUST02528,459,1554.49,7,Dinajpur,2,10/29/2017
CUST02529,1771,1844.62,11,Rangpur,4,3/27/2014
CUST02530,934,888,11,Khulna,1,7/11/2016
CUST02531,208,2932.1,8,Nilphamari,2,7/7/2018
CUST02532,1810,2694.86,9,Sylhet,3,2/16/2014
CUST02533,638,1248.59,11,Saidpur,2,5/3/2017
CUST02534,241,833.74,5,Chattogram,4,6/4/2018
CUST02535,1715,1791.88,9,Dinajpur,4,5/22/2014
CUST02536,319,987.11,5,Saidpur,4,3/18/2018
CUST02537,272,1243.35,11,Dinajpur,2,5/4/2018
CUST02538,821,2780.59,9,Rangpur,3,11/1/2016
CUST02539,2257,1765.46,6,Nilphamari,3,11/26/2012
CUST02540,2036,490.7,7,Mymensingh,3,7/5/2013
CUST02541,2461,3173.06,7,Rangpur,2,5/6/2012
CUST02542,2488,1134.55,4,Dhaka,2,4/9/2012
CUST02543,1108,985.61,7,Dinajpur,4,1/19/2016
CUST02544,841,394.29,4,Mymensingh,4,10/12/2016
CUST02545,1436,5312.8,7,Rangpur,3,2/25/2015
CUST02546,714,461.88,10,Saidpur,1,2/16/2017
CUST02547,923,2244.66,7,Khulna,4,7/22/2016
CUST02548,2099,2223.17,8,Dinajpur,3,5/3/2013
CUST02549,66,912.04,5,Saidpur,3,11/26/2018
CUST02550,1991,942.86,9,Nilphamari,2,8/19/2013
CUST02551,1124,924.2,11,Saidpur,3,1/3/2016
CUST02552,1055,1211.57,4,Mymensingh,1,3/12/2016
CUST02553,1461,467.22,8,Khulna,4,1/31/2015
CUST02554,249,1115.13,14,Saidpur,4,5/27/2018
CUST02555,1752,891.89,6,Dhaka,2,4/15/2014
CUST02556,648,1674.3,6,Dhaka,3,4/23/2017
CUST02557,1574,506.7,8,Sylhet,1,10/10/2014
CUST02558,1164,609.36,7,Rangpur,4,11/24/2015
CUST02559,1763,1460.7,11,Mymensingh,2,4/4/2014
CUST02560,1860,768.8,12,Saidpur,4,12/28/2013
CUST02561,1963,1459.89,8,Rajshahi,2,9/16/2013
CUST02562,892,1003.02,7,Saidpur,4,8/22/2016
CUST02563,1698,1658.32,11,Chattogram,2,6/8/2014
CUST02564,1272,1063.22,7,Saidpur,2,8/8/2015
CUST02565,1466,971.67,12,Nilphamari,4,1/26/2015
CUST02566,2058,1026.84,9,Mymensingh,1,6/13/2013
CUST02567,1311,906.05,8,Nilphamari,1,6/30/2015
CUST02568,881,489.89,14,Nilphamari,3,9/2/2016
CUST02569,2228,1342.96,5,Rangpur,2,12/25/2012
CUST02570,168,1390.96,11,Rajshahi,4,8/16/2018
CUST02571,1966,2399.38,8,Rajshahi,2,9/13/2013
CUST02572,554,1014.31,13,Mymensingh,4,7/26/2017
CUST02573,1763,207.9,3,Nilphamari,2,4/4/2014
CUST02574,682,927.16,10,Saidpur,2,3/20/2017
CUST02575,2202,720.42,9,Nilphamari,1,1/20/2013
CUST02576,1822,1342.96,3,Dhaka,4,2/4/2014
CUST02577,411,822,10,Chattogram,1,12/16/2017
CUST02578,553,2345.87,12,Sylhet,1,7/27/2017
CUST02579,1090,3961.09,8,Khulna,1,2/6/2016
CUST02580,1098,759.32,10,Nilphamari,1,1/29/2016
CUST02581,1051,882.75,10,Khulna,2,3/16/2016
CUST02582,1598,1726.03,7,Nilphamari,4,9/16/2014
CUST02583,199,1688.53,12,Rajshahi,3,7/16/2018
CUST02584,2244,1929.29,8,Sylhet,2,12/9/2012
CUST02585,278,738.51,5,Saidpur,4,4/28/2018
CUST02586,2098,594.71,12,Khulna,1,5/4/2013
CUST02587,2367,2918.8,11,Rajshahi,2,8/8/2012
CUST02588,994,1713.31,7,Rajshahi,4,5/12/2016
CUST02589,1011,820.26,7,Rajshahi,1,4/25/2016
CUST02590,2195,1202.46,12,Rangpur,1,1/27/2013
CUST02591,2382,1292.26,13,Dhaka,3,7/24/2012
CUST02592,211,1875.48,17,Khulna,3,7/4/2018
CUST02593,2043,1836.3,7,Dhaka,4,6/28/2013
CUST02594,2481,850.89,6,Rangpur,3,4/16/2012
CUST02595,997,4503.05,6,Dinajpur,2,5/9/2016
CUST02596,1730,674.53,8,Nilphamari,1,5/7/2014
CUST02597,723,488.89,12,Saidpur,3,2/7/2017
CUST02598,470,447.43,10,Chattogram,1,10/18/2017
CUST02599,1806,2665.55,9,Khulna,4,2/20/2014
CUST02600,208,1777.64,6,Dinajpur,4,7/7/2018
CUST02601,423,788.15,6,Saidpur,2,12/4/2017
CUST02602,1898,1457.71,9,Rajshahi,1,11/20/2013
CUST02603,1729,499.62,14,Saidpur,1,5/8/2014
CUST02604,301,613.47,6,Sylhet,4,4/5/2018
CUST02605,1582,7100.01,8,Rajshahi,4,10/2/2014
CUST02606,202,1377.14,7,Rajshahi,4,7/13/2018
CUST02607,1358,3230.77,10,Saidpur,3,5/14/2015
CUST02608,2161,2820.59,10,Rajshahi,2,3/2/2013
CUST02609,2447,1254.26,8,Rajshahi,4,5/20/2012
CUST02610,648,664.75,10,Khulna,2,4/23/2017
CUST02611,479,2182.56,16,Sylhet,1,10/9/2017
CUST02612,747,1369.73,15,Rangpur,4,1/14/2017
CUST02613,2449,1611.46,5,Khulna,3,5/18/2012
CUST02614,575,1455.26,6,Dhaka,3,7/5/2017
CUST02615,1342,456.95,13,Mymensingh,4,5/30/2015
CUST02616,747,2795.53,6,Dinajpur,2,1/14/2017
CUST02617,1021,984.97,12,Khulna,4,4/15/2016
CUST02618,1974,1098.1,7,Khulna,4,9/5/2013
CUST02619,643,1915.64,4,Rangpur,4,4/28/2017
CUST02620,386,2578.31,9,Saidpur,4,1/10/2018
CUST02621,952,2072.54,9,Rajshahi,4,6/23/2016
CUST02622,1117,891.59,11,Rajshahi,2,1/10/2016
CUST02623,1584,558.61,12,Sylhet,2,9/30/2014
CUST02624,193,1380.24,6,Khulna,2,7/22/2018
CUST02625,90,1805.34,14,Chattogram,4,11/2/2018
CUST02626,149,1448.31,7,Dinajpur,4,9/4/2018
CUST02627,719,1244.96,6,Dhaka,4,2/11/2017
CUST02628,1593,465.55,9,Rangpur,4,9/21/2014
CUST02629,1507,506.72,8,Rangpur,2,12/16/2014
CUST02630,1453,1710.63,6,Nilphamari,3,2/8/2015
CUST02631,1128,1465.35,10,Nilphamari,1,12/30/2015
CUST02632,1266,1448.53,11,Dinajpur,2,8/14/2015
CUST02633,415,853.8,8,Mymensingh,1,12/12/2017
CUST02634,464,739.14,11,Nilphamari,2,10/24/2017
CUST02635,228,1027.82,7,Mymensingh,3,6/17/2018
CUST02636,1620,1635.21,6,Saidpur,1,8/25/2014
CUST02637,497,3392.96,9,Rangpur,4,9/21/2017
CUST02638,836,1575.26,11,Nilphamari,3,10/17/2016
CUST02639,2224,1081.99,8,Khulna,3,12/29/2012
CUST02640,864,1332.39,5,Chattogram,3,9/19/2016
CUST02641,439,2524.9,12,Chattogram,4,11/18/2017
CUST02642,1720,567.5,9,Dinajpur,1,5/17/2014
CUST02643,2469,2177.9,8,Sylhet,1,4/28/2012
CUST02644,2019,1794.53,7,Khulna,1,7/22/2013
CUST02645,498,1037.41,14,Dhaka,2,9/20/2017
CUST02646,1773,3602.21,10,Rajshahi,4,3/25/2014
CUST02647,703,1179.09,15,Saidpur,4,2/27/2017
CUST02648,2421,1343.79,14,Chattogram,1,6/15/2012
CUST02649,940,2912.44,8,Khulna,2,7/5/2016
CUST02650,1381,1233.95,7,Dinajpur,4,4/21/2015
CUST02651,1191,1499.86,12,Rajshahi,1,10/28/2015
CUST02652,1885,326.72,7,Rangpur,2,12/3/2013
CUST02653,1672,1137.11,7,Rangpur,3,7/4/2014
CUST02654,766,1624.07,8,Khulna,4,12/26/2016
CUST02655,1346,370.38,9,Khulna,2,5/26/2015
CUST02656,434,653.21,4,Mymensingh,3,11/23/2017
CUST02657,373,1846.97,8,Saidpur,2,1/23/2018
CUST02658,1722,1217.15,9,Mymensingh,4,5/15/2014
CUST02659,841,484.72,13,Nilphamari,1,10/12/2016
CUST02660,228,3345.91,7,Saidpur,4,6/17/2018
CUST02661,1448,514.46,9,Nilphamari,1,2/13/2015
CUST02662,2495,1071.78,11,Sylhet,4,4/2/2012
CUST02663,782,490.4,4,Nilphamari,1,12/10/2016
CUST02664,2365,950.99,13,Rangpur,2,8/10/2012
CUST02665,1562,1209.1,8,Khulna,4,10/22/2014
CUST02666,696,1693.33,10,Chattogram,1,3/6/2017
CUST02667,2380,1318.17,11,Dhaka,3,7/26/2012
CUST02668,2058,1161.46,13,Nilphamari,1,6/13/2013
CUST02669,861,2004.66,8,Rangpur,4,9/22/2016
CUST02670,1203,2882.98,11,Khulna,2,10/16/2015
CUST02671,1497,481.83,9,Rajshahi,1,12/26/2014
CUST02672,1989,3218.44,11,Chattogram,3,8/21/2013
CUST02673,1124,2005.21,2,Saidpur,4,1/3/2016
CUST02674,1621,3654.78,10,Mymensingh,2,8/24/2014
CUST02675,1354,2120.23,9,Chattogram,3,5/18/2015
CUST02676,2088,414.68,3,Chattogram,3,5/14/2013
CUST02677,2111,663.19,10,Mymensingh,2,4/21/2013
CUST02678,1821,334.83,4,Mymensingh,2,2/5/2014
CUST02679,1854,776.65,13,Dinajpur,3,1/3/2014
CUST02680,217,1886.11,11,Khulna,2,6/28/2018
CUST02681,2161,1684.67,12,Saidpur,1,3/2/2013
CUST02682,806,1456.82,9,Dhaka,2,11/16/2016
CUST02683,2169,2126.68,11,Sylhet,3,2/22/2013
CUST02684,1765,1930.67,7,Chattogram,1,4/2/2014
CUST02685,248,4282.33,10,Mymensingh,1,5/28/2018
CUST02686,1047,1659.89,9,Saidpur,1,3/20/2016
CUST02687,1543,2138.18,7,Nilphamari,1,11/10/2014
CUST02688,1153,684.15,8,Khulna,2,12/5/2015
CUST02689,123,622.84,14,Rajshahi,2,9/30/2018
CUST02690,2048,405.67,13,Mymensingh,4,6/23/2013
CUST02691,2174,1297.94,7,Rangpur,4,2/17/2013
CUST02692,1342,1083.05,8,Rajshahi,1,5/30/2015
CUST02693,1269,1313.67,8,Sylhet,4,8/11/2015
CUST02694,843,544.87,8,Khulna,2,10/10/2016
CUST02695,389,2260.97,10,Dhaka,1,1/7/2018
CUST02696,1581,2459.2,9,Sylhet,2,10/3/2014
CUST02697,426,1238.54,6,Nilphamari,2,12/1/2017
CUST02698,275,1628.47,8,Rangpur,1,5/1/2018
CUST02699,1966,2321.94,9,Khulna,1,9/13/2013
CUST02700,1810,2789.28,11,Khulna,3,2/16/2014
CUST02701,1034,1543.34,10,Saidpur,1,4/2/2016
CUST02702,1971,1545.85,15,Chattogram,2,9/8/2013
CUST02703,1700,649.5,9,Saidpur,3,6/6/2014
CUST02704,943,1169.38,5,Sylhet,4,7/2/2016
CUST02705,1461,1852.4,10,Dhaka,1,1/31/2015
CUST02706,549,3501.8,7,Rangpur,2,7/31/2017
CUST02707,71,678.73,9,Dhaka,3,11/21/2018
CUST02708,81,1575.88,10,Nilphamari,2,11/11/2018
CUST02709,949,2467.52,7,Chattogram,1,6/26/2016
CUST02710,853,1243.22,13,Nilphamari,4,9/30/2016
CUST02711,2077,859.6,9,Mymensingh,1,5/25/2013
CUST02712,1424,1056.71,12,Dinajpur,4,3/9/2015
CUST02713,1219,1345.17,2,Dhaka,2,9/30/2015
CUST02714,860,671.37,7,Dhaka,1,9/23/2016
CUST02715,729,345.18,7,Rangpur,1,2/1/2017
CUST02716,486,689.63,6,Saidpur,1,10/2/2017
CUST02717,308,811.98,8,Dinajpur,2,3/29/2018
CUST02718,1724,1336.83,14,Mymensingh,2,5/13/2014
CUST02719,1435,445.95,9,Dhaka,1,2/26/2015
CUST02720,1278,373.66,12,Rajshahi,3,8/2/2015
CUST02721,1112,3692.32,9,Khulna,4,1/15/2016
CUST02722,1350,886.93,10,Mymensingh,2,5/22/2015
CUST02723,2406,566.62,11,Dinajpur,3,6/30/2012
CUST02724,888,1089.81,11,Khulna,3,8/26/2016
CUST02725,37,876.95,9,Rangpur,4,12/25/2018
CUST02726,1489,436.59,8,Mymensingh,3,1/3/2015
CUST02727,1191,1360.63,7,Chattogram,4,10/28/2015
CUST02728,1020,601.88,14,Saidpur,1,4/16/2016
CUST02729,1156,558.28,6,Sylhet,3,12/2/2015
CUST02730,1442,3129.35,8,Rajshahi,3,2/19/2015
CUST02731,1805,1628.49,12,Saidpur,3,2/21/2014
CUST02732,1845,1301.37,4,Saidpur,2,1/12/2014
CUST02733,596,1845.84,9,Chattogram,1,6/14/2017
CUST02734,75,2383,15,Chattogram,4,11/17/2018
CUST02735,2022,3442.17,7,Mymensingh,3,7/19/2013
CUST02736,1212,646.18,6,Mymensingh,3,10/7/2015
CUST02737,2460,2151.32,14,Dinajpur,2,5/7/2012
CUST02738,410,2162.81,13,Nilphamari,3,12/17/2017
CUST02739,374,535.94,4,Dhaka,2,1/22/2018
CUST02740,1240,1374.95,10,Sylhet,3,9/9/2015
CUST02741,814,1491.89,7,Khulna,3,11/8/2016
CUST02742,1862,852.59,7,Dhaka,1,12/26/2013
CUST02743,2336,741.49,8,Dinajpur,3,9/8/2012
CUST02744,1922,1378.96,8,Dinajpur,1,10/27/2013
CUST02745,2445,1180.34,8,Nilphamari,2,5/22/2012
CUST02746,175,1596.62,12,Rajshahi,4,8/9/2018
CUST02747,917,944.08,5,Dhaka,2,7/28/2016
CUST02748,2442,1454.64,6,Nilphamari,1,5/25/2012
CUST02749,697,3159.79,10,Rajshahi,2,3/5/2017
CUST02750,812,588.02,9,Dhaka,1,11/10/2016
CUST02751,209,854.94,7,Khulna,3,7/6/2018
CUST02752,2167,2670.52,11,Chattogram,4,2/24/2013
CUST02753,2066,997.26,3,Khulna,2,6/5/2013
CUST02754,2242,327.32,9,Rajshahi,1,12/11/2012
CUST02755,775,1374.34,8,Chattogram,4,12/17/2016
CUST02756,1730,2258.98,11,Rajshahi,4,5/7/2014
CUST02757,597,6505.88,12,Sylhet,1,6/13/2017
CUST02758,917,853.32,12,Saidpur,4,7/28/2016
CUST02759,325,1087.05,9,Khulna,3,3/12/2018
CUST02760,1089,1184.4,5,Sylhet,1,2/7/2016
CUST02761,146,2343.43,12,Rangpur,3,9/7/2018
CUST02762,144,1357.37,16,Dinajpur,1,9/9/2018
CUST02763,1234,1246.07,7,Mymensingh,3,9/15/2015
CUST02764,2294,639.4,7,Sylhet,3,10/20/2012
CUST02765,1767,780.22,7,Rangpur,1,3/31/2014
CUST02766,1042,720.7,11,Nilphamari,2,3/25/2016
CUST02767,2057,1253.02,8,Sylhet,2,6/14/2013
CUST02768,589,1710.56,10,Saidpur,2,6/21/2017
CUST02769,666,1419.99,11,Saidpur,4,4/5/2017
CUST02770,1797,718.13,8,Nilphamari,3,3/1/2014
CUST02771,1596,535.44,11,Chattogram,1,9/18/2014
CUST02772,2109,842.53,10,Khulna,2,4/23/2013
CUST02773,1352,1330.33,11,Mymensingh,2,5/20/2015
CUST02774,529,484.47,8,Rajshahi,1,8/20/2017
CUST02775,357,4737.88,13,Dinajpur,1,2/8/2018
CUST02776,495,392.38,7,Nilphamari,1,9/23/2017
CUST02777,2043,1960.89,10,Sylhet,2,6/28/2013
CUST02778,1795,1554.6,6,Rajshahi,4,3/3/2014
CUST02779,167,1320.91,5,Rangpur,2,8/17/2018
CUST02780,672,3331.55,8,Rangpur,4,3/30/2017
CUST02781,1648,2513.52,9,Khulna,3,7/28/2014
CUST02782,1195,865.43,5,Saidpur,1,10/24/2015
CUST02783,414,1428.58,7,Chattogram,4,12/13/2017
CUST02784,488,2696.34,8,Chattogram,1,9/30/2017
CUST02785,2043,1141.29,8,Sylhet,4,6/28/2013
CUST02786,1046,2023.85,9,Rajshahi,2,3/21/2016
CUST02787,1293,447.12,6,Saidpur,3,7/18/2015
CUST02788,2318,626.32,6,Khulna,2,9/26/2012
CUST02789,1687,1003.45,11,Chattogram,2,6/19/2014
CUST02790,1323,2427.23,6,Chattogram,4,6/18/2015
CUST02791,1453,594.41,7,Rajshahi,4,2/8/2015
CUST02792,880,553.79,8,Nilphamari,3,9/3/2016
CUST02793,90,500.74,10,Chattogram,1,11/2/2018
CUST02794,1141,856.79,10,Nilphamari,4,12/17/2015
CUST02795,793,1699.67,5,Rangpur,4,11/29/2016
CUST02796,1080,1274.6,11,Sylhet,4,2/16/2016
CUST02797,2165,1765.19,5,Saidpur,3,2/26/2013
CUST02798,656,1396.96,10,Mymensingh,3,4/15/2017
CUST02799,697,1351.04,13,Rangpur,1,3/5/2017
CUST02800,1773,1095.95,9,Saidpur,2,3/25/2014
CUST02801,1333,930.33,10,Saidpur,1,6/8/2015
CUST02802,1560,1405.38,9,Chattogram,3,10/24/2014
CUST02803,2362,1225.19,9,Chattogram,3,8/13/2012
CUST02804,2240,409.37,10,Chattogram,2,12/13/2012
CUST02805,1052,4406.45,10,Nilphamari,1,3/15/2016
CUST02806,444,2768,6,Chattogram,4,11/13/2017
CUST02807,943,440.27,9,Rangpur,1,7/2/2016
CUST02808,1453,1250.78,13,Sylhet,3,2/8/2015
CUST02809,722,1093.18,12,Nilphamari,2,2/8/2017
CUST02810,773,896.96,8,Dinajpur,4,12/19/2016
CUST02811,141,1404.26,8,Dinajpur,4,9/12/2018
CUST02812,935,2984.86,9,Khulna,1,7/10/2016
CUST02813,1496,3178.02,6,Rangpur,2,12/27/2014
CUST02814,2080,1907.29,9,Chattogram,2,5/22/2013
CUST02815,273,2075.69,9,Khulna,4,5/3/2018
CUST02816,961,5632.37,12,Rajshahi,1,6/14/2016
CUST02817,267,1154.19,10,Saidpur,1,5/9/2018
CUST02818,1897,1532.08,12,Rajshahi,1,11/21/2013
CUST02819,1861,797.13,4,Chattogram,4,12/27/2013
CUST02820,990,712.82,12,Dinajpur,2,5/16/2016
CUST02821,2318,642.64,6,Rangpur,1,9/26/2012
CUST02822,224,2280.52,17,Dinajpur,2,6/21/2018
CUST02823,875,1538.76,13,Dinajpur,2,9/8/2016
CUST02824,1400,2335.8,5,Rajshahi,2,4/2/2015
CUST02825,1966,4086.88,17,Rajshahi,2,9/13/2013
CUST02826,2331,4000.47,9,Sylhet,2,9/13/2012
CUST02827,198,158.91,6,Mymensingh,3,7/17/2018
CUST02828,1467,1018.17,11,Chattogram,1,1/25/2015
CUST02829,2175,1395.34,16,Mymensingh,4,2/16/2013
CUST02830,258,642.38,5,Chattogram,3,5/18/2018
CUST02831,2274,1575.56,12,Saidpur,3,11/9/2012
CUST02832,532,1761.21,10,Chattogram,4,8/17/2017
CUST02833,92,1323.06,9,Rangpur,2,10/31/2018
CUST02834,1957,2061.99,18,Sylhet,4,9/22/2013
CUST02835,1337,1135.02,11,Rajshahi,4,6/4/2015
CUST02836,879,3491.98,11,Dinajpur,1,9/4/2016
CUST02837,676,1295.19,7,Chattogram,1,3/26/2017
CUST02838,1343,699.77,8,Mymensingh,4,5/29/2015
CUST02839,481,3125.42,8,Dinajpur,4,10/7/2017
CUST02840,448,2425.06,8,Saidpur,1,11/9/2017
CUST02841,2243,2013.68,9,Dhaka,4,12/10/2012
CUST02842,1668,2754.59,11,Saidpur,2,7/8/2014
CUST02843,128,807.61,10,Dhaka,3,9/25/2018
CUST02844,1360,643.98,8,Khulna,1,5/12/2015
CUST02845,847,681.69,12,Nilphamari,1,10/6/2016
CUST02846,1056,521.87,9,Chattogram,2,3/11/2016
CUST02847,1026,1232.43,9,Mymensingh,3,4/10/2016
CUST02848,2129,1092.61,7,Rangpur,3,4/3/2013
CUST02849,1528,793.37,7,Dhaka,1,11/25/2014
CUST02850,435,822.65,9,Khulna,2,11/22/2017
CUST02851,1697,871.84,5,Mymensingh,2,6/9/2014
CUST02852,590,1185.95,9,Rangpur,2,6/20/2017
CUST02853,1429,494.98,9,Khulna,1,3/4/2015
CUST02854,2020,1795.99,13,Dhaka,3,7/21/2013
CUST02855,2480,1214.88,7,Nilphamari,2,4/17/2012
CUST02856,2487,960.52,12,Saidpur,4,4/10/2012
CUST02857,1008,572.15,8,Sylhet,4,4/28/2016
CUST02858,2031,992.08,19,Dinajpur,3,7/10/2013
CUST02859,979,1448.73,5,Dinajpur,1,5/27/2016
CUST02860,1331,620.19,6,Dhaka,3,6/10/2015
CUST02861,1551,1268.5,5,Dinajpur,3,11/2/2014
CUST02862,1268,757.62,7,Saidpur,3,8/12/2015
CUST02863,1536,908.21,11,Nilphamari,4,11/17/2014
CUST02864,427,438.89,12,Rangpur,3,11/30/2017
CUST02865,117,519,8,Rangpur,3,10/6/2018
CUST02866,1307,972.98,16,Khulna,4,7/4/2015
CUST02867,945,1818.83,6,Chattogram,3,6/30/2016
CUST02868,1428,2197.3,13,Mymensingh,3,3/5/2015
CUST02869,922,3566.71,4,Rangpur,3,7/23/2016
CUST02870,1360,2627.53,7,Chattogram,4,5/12/2015
CUST02871,295,877.81,3,Sylhet,4,4/11/2018
CUST02872,1016,760.76,12,Saidpur,1,4/20/2016
CUST02873,1733,2491.45,6,Khulna,2,5/4/2014
CUST02874,1926,1017.6,10,Chattogram,3,10/23/2013
CUST02875,1882,1992.11,14,Khulna,3,12/6/2013
CUST02876,669,2992.23,10,Khulna,4,4/2/2017
CUST02877,1367,3178.11,8,Dinajpur,4,5/5/2015
CUST02878,182,715.38,5,Mymensingh,2,8/2/2018
CUST02879,694,857.02,5,Sylhet,3,3/8/2017
CUST02880,1762,1828.07,7,Rajshahi,1,4/5/2014
CUST02881,2076,704.27,17,Chattogram,1,5/26/2013
CUST02882,326,618.3,9,Khulna,2,3/11/2018
CUST02883,1561,2913.94,7,Nilphamari,3,10/23/2014
CUST02884,682,1034.69,7,Nilphamari,1,3/20/2017
CUST02885,937,1885.03,3,Chattogram,1,7/8/2016
CUST02886,2328,980.24,13,Rajshahi,3,9/16/2012
CUST02887,956,1488.08,11,Sylhet,2,6/19/2016
CUST02888,2382,980.55,10,Nilphamari,4,7/24/2012
CUST02889,1128,691.95,9,Nilphamari,3,12/30/2015
CUST02890,2096,819.29,7,Rajshahi,2,5/6/2013
CUST02891,2050,3484.48,7,Dhaka,2,6/21/2013
CUST02892,2143,5331.67,5,Dinajpur,2,3/20/2013
CUST02893,233,1296.54,7,Chattogram,4,6/12/2018
CUST02894,2402,1286.99,10,Saidpur,1,7/4/2012
CUST02895,879,1864.96,13,Dhaka,4,9/4/2016
CUST02896,1460,6681.19,8,Saidpur,4,2/1/2015
CUST02897,1326,2214.99,8,Dhaka,1,6/15/2015
CUST02898,2297,1889.71,9,Dhaka,2,10/17/2012
CUST02899,1023,479.03,13,Nilphamari,1,4/13/2016
CUST02900,1180,3999.61,6,Nilphamari,1,11/8/2015
CUST02901,1209,916.23,9,Dinajpur,2,10/10/2015
CUST02902,1689,964.36,11,Khulna,2,6/17/2014
CUST02903,2314,1846.15,8,Dinajpur,2,9/30/2012
CUST02904,1208,620.79,12,Dhaka,4,10/11/2015
CUST02905,460,1837.44,8,Khulna,2,10/28/2017
CUST02906,1181,540.6,8,Rangpur,4,11/7/2015
CUST02907,2008,1119.83,12,Chattogram,1,8/2/2013
CUST02908,2155,2016.18,11,Dinajpur,2,3/8/2013
CUST02909,1026,2035.66,9,Mymensingh,3,4/10/2016
CUST02910,2085,2323.6,12,Dinajpur,3,5/17/2013
CUST02911,1049,584.31,11,Saidpur,4,3/18/2016
CUST02912,1778,970.36,11,Rajshahi,2,3/20/2014
CUST02913,1405,699.7,10,Sylhet,2,3/28/2015
CUST02914,905,1239.63,5,Rangpur,1,8/9/2016
CUST02915,1967,2736.18,10,Dinajpur,1,9/12/2013
CUST02916,2330,5745.46,11,Dhaka,1,9/14/2012
CUST02917,2453,455.19,9,Dhaka,4,5/14/2012
CUST02918,785,550.63,14,Dinajpur,4,12/7/2016
CUST02919,1618,2485.63,9,Rajshahi,2,8/27/2014
CUST02920,120,2293.38,7,Saidpur,2,10/3/2018
CUST02921,1582,790.63,7,Rangpur,4,10/2/2014
CUST02922,2361,1795.2,7,Nilphamari,2,8/14/2012
CUST02923,512,2282.54,11,Chattogram,3,9/6/2017
CUST02924,424,950.21,6,Khulna,4,12/3/2017
CUST02925,1068,709.51,9,Saidpur,3,2/28/2016
CUST02926,199,2014.13,9,Rangpur,3,7/16/2018
CUST02927,706,3615.68,6,Rangpur,4,2/24/2017
CUST02928,282,560.73,9,Saidpur,4,4/24/2018
CUST02929,918,1302.36,17,Saidpur,3,7/27/2016
CUST02930,709,4830.97,10,Mymensingh,2,2/21/2017
CUST02931,1250,3042.56,10,Mymensingh,2,8/30/2015
CUST02932,1932,1924.79,7,Khulna,1,10/17/2013
CUST02933,1825,1275.28,7,Mymensingh,4,2/1/2014
CUST02934,247,762.2,7,Dhaka,4,5/29/2018
CUST02935,417,1505.32,11,Saidpur,1,12/10/2017
CUST02936,1491,1575.35,7,Chattogram,3,1/1/2015
CUST02937,933,2150.22,11,Sylhet,4,7/12/2016
CUST02938,886,1059.5,11,Rangpur,2,8/28/2016
CUST02939,304,733.39,10,Saidpur,4,4/2/2018
CUST02940,752,2615.48,8,Dhaka,1,1/9/2017
CUST02941,1523,1402.6,10,Dhaka,2,11/30/2014
CUST02942,1128,576.3,6,Rangpur,2,12/30/2015
CUST02943,675,421.94,8,Chattogram,1,3/27/2017
CUST02944,282,1197.39,7,Mymensingh,1,4/24/2018
CUST02945,690,1067.85,7,Saidpur,1,3/12/2017
CUST02946,372,1483.27,7,Dhaka,4,1/24/2018
CUST02947,259,633.85,11,Dhaka,3,5/17/2018
CUST02948,777,1970.12,7,Saidpur,4,12/15/2016
CUST02949,505,603.03,10,Dhaka,2,9/13/2017
CUST02950,1257,2455.9,5,Chattogram,2,8/23/2015
CUST02951,265,1169.15,13,Rajshahi,2,5/11/2018
CUST02952,2457,1675.82,3,Sylhet,3,5/10/2012
CUST02953,340,2344.61,7,Chattogram,2,2/25/2018
CUST02954,49,1009.83,9,Rajshahi,4,12/13/2018
CUST02955,598,915.38,9,Dhaka,2,6/12/2017
CUST02956,96,2135.49,12,Sylhet,1,10/27/2018
CUST02957,1998,7003.17,9,Dhaka,1,8/12/2013
CUST02958,861,1095.81,12,Dhaka,2,9/22/2016
CUST02959,865,2838.47,9,Rajshahi,1,9/18/2016
CUST02960,1870,2010.31,6,Dhaka,3,12/18/2013
CUST02961,1528,1429.87,8,Rangpur,2,11/25/2014
CUST02962,2471,1020.61,12,Chattogram,2,4/26/2012
CUST02963,486,1063.96,7,Chattogram,1,10/2/2017
CUST02964,2472,782.93,14,Khulna,1,4/25/2012
CUST02965,1235,797.74,5,Rangpur,2,9/14/2015
CUST02966,1464,3561.39,8,Rangpur,1,1/28/2015
CUST02967,2182,2082.37,12,Dinajpur,4,2/9/2013
CUST02968,805,454.74,11,Saidpur,3,11/17/2016
CUST02969,1441,541.01,10,Saidpur,4,2/20/2015
CUST02970,425,696.58,9,Mymensingh,3,12/2/2017
CUST02971,2331,939.28,8,Mymensingh,1,9/13/2012
CUST02972,1000,769.65,8,Sylhet,4,5/6/2016
CUST02973,167,1248.15,3,Sylhet,1,8/17/2018
CUST02974,780,1476.35,10,Sylhet,4,12/12/2016
CUST02975,1566,608.18,7,Saidpur,3,10/18/2014
CUST02976,1845,1501.29,9,Rajshahi,1,1/12/2014
CUST02977,153,5916.27,8,Dhaka,1,8/31/2018
CUST02978,1549,1680.68,8,Mymensingh,2,11/4/2014
CUST02979,2151,1876.17,10,Dinajpur,3,3/12/2013
CUST02980,235,726.41,8,Rajshahi,1,6/10/2018
CUST02981,2072,1405.85,8,Saidpur,2,5/30/2013
CUST02982,1854,934.97,9,Mymensingh,4,1/3/2014
CUST02983,853,1543.78,7,Sylhet,3,9/30/2016
CUST02984,667,4262.66,9,Rajshahi,1,4/4/2017
CUST02985,341,1267.64,6,Sylhet,4,2/24/2018
CUST02986,558,1342.75,7,Saidpur,1,7/22/2017
CUST02987,143,811.84,4,Dinajpur,2,9/10/2018
CUST02988,2347,1699.91,9,Dhaka,3,8/28/2012
CUST02989,35,461.81,9,Mymensingh,1,12/27/2018
CUST02990,629,1036.65,8,Mymensingh,3,5/12/2017
CUST02991,2275,1426.88,13,Rajshahi,4,11/8/2012
CUST02992,668,1279.62,5,Khulna,4,4/3/2017
CUST02993,1480,1669.98,7,Saidpur,1,1/12/2015
CUST02994,1151,1151.22,7,Mymensingh,4,12/7/2015
CUST02995,1780,2833.53,10,Mymensingh,3,3/18/2014
CUST02996,794,508.62,7,Saidpur,4,11/28/2016
CUST02997,1162,2172.24,10,Mymensingh,2,11/26/2015
CUST02998,1432,1134.77,7,Saidpur,3,3/1/2015
CUST02999,353,589.42,4,Khulna,1,2/12/2018
CUST03000,101,1279.33,3,Dinajpur,1,10/22/2018
CUST03001,1556,1490.77,11,Chattogram,4,10/28/2014
CUST03002,812,4276.01,8,Rangpur,2,11/10/2016
CUST03003,999,2215.26,6,Dinajpur,3,5/7/2016
CUST03004,1278,648.26,6,Rajshahi,4,8/2/2015
CUST03005,670,785.75,10,Mymensingh,2,4/1/2017
CUST03006,258,1473.46,8,Mymensingh,1,5/18/2018
CUST03007,528,1315.84,9,Dinajpur,4,8/21/2017
CUST03008,1245,3400.05,8,Chattogram,1,9/4/2015
CUST03009,2337,737.76,8,Rajshahi,3,9/7/2012
CUST03010,750,406.75,8,Mymensingh,4,1/11/2017
CUST03011,2146,3050.63,10,Dinajpur,1,3/17/2013
CUST03012,683,2298.02,10,Chattogram,3,3/19/2017
CUST03013,1538,655.22,8,Chattogram,4,11/15/2014
CUST03014,1211,1449.94,7,Dhaka,3,10/8/2015
CUST03015,1726,2165.43,4,Dinajpur,1,5/11/2014
CUST03016,1594,1449.81,5,Chattogram,2,9/20/2014
CUST03017,1967,1099.57,10,Dinajpur,3,9/12/2013
CUST03018,74,1768.8,9,Nilphamari,2,11/18/2018
CUST03019,230,1195.16,9,Rangpur,4,6/15/2018
CUST03020,229,1185.9,8,Saidpur,3,6/16/2018
CUST03021,1654,858.87,13,Rajshahi,1,7/22/2014
CUST03022,1357,854.41,6,Sylhet,4,5/15/2015
CUST03023,2171,510.69,12,Saidpur,4,2/20/2013
CUST03024,1085,1389.3,5,Nilphamari,2,2/11/2016
CUST03025,918,843.08,8,Khulna,1,7/27/2016
CUST03026,71,1131.96,7,Dhaka,4,11/21/2018
CUST03027,52,1362.24,5,Rajshahi,4,12/10/2018
CUST03028,2484,583.78,11,Dhaka,2,4/13/2012
CUST03029,2309,696.79,10,Nilphamari,4,10/5/2012
CUST03030,68,463.84,8,Nilphamari,4,11/24/2018
CUST03031,1771,495.56,10,Rajshahi,3,3/27/2014
CUST03032,130,1011.33,14,Dinajpur,3,9/23/2018
CUST03033,1631,1030.1,8,Dhaka,3,8/14/2014
CUST03034,1585,1214.49,9,Mymensingh,3,9/29/2014
CUST03035,1994,716.18,7,Sylhet,3,8/16/2013
CUST03036,940,1645.45,11,Rajshahi,1,7/5/2016
CUST03037,1759,1171.22,13,Rajshahi,4,4/8/2014
CUST03038,573,2396.41,6,Sylhet,3,7/7/2017
CUST03039,1598,1718.55,9,Dhaka,3,9/16/2014
CUST03040,1645,953.15,8,Chattogram,1,7/31/2014
CUST03041,2056,1283.11,8,Khulna,2,6/15/2013
CUST03042,1930,1272.55,4,Rangpur,1,10/19/2013
CUST03043,2123,939.23,6,Dinajpur,2,4/9/2013
CUST03044,920,765.62,8,Rajshahi,4,7/25/2016
CUST03045,1026,1087.78,10,Rajshahi,2,4/10/2016
CUST03046,963,2132.48,5,Khulna,3,6/12/2016
CUST03047,1533,2606.78,10,Dhaka,1,11/20/2014
CUST03048,1364,992.09,10,Chattogram,3,5/8/2015
CUST03049,1959,3656.58,8,Sylhet,3,9/20/2013
CUST03050,53,1335.85,14,Dhaka,4,12/9/2018
CUST03051,366,1011.83,9,Nilphamari,2,1/30/2018
CUST03052,1700,1081.7,5,Khulna,1,6/6/2014
CUST03053,1052,1340.58,9,Rajshahi,2,3/15/2016
CUST03054,1399,2202.21,5,Rangpur,2,4/3/2015
CUST03055,407,1643.6,8,Sylhet,1,12/20/2017
CUST03056,919,837.73,2,Mymensingh,3,7/26/2016
CUST03057,429,627.9,12,Rangpur,1,11/28/2017
CUST03058,2461,1874.3,9,Nilphamari,4,5/6/2012
CUST03059,1088,2145.89,8,Mymensingh,2,2/8/2016
CUST03060,2152,1543.84,10,Sylhet,1,3/11/2013
CUST03061,865,1548.18,9,Mymensingh,4,9/18/2016
CUST03062,1704,749.93,10,Khulna,4,6/2/2014
CUST03063,152,1862.3,7,Mymensingh,4,9/1/2018
CUST03064,966,1267.29,11,Chattogram,1,6/9/2016
CUST03065,182,639.92,12,Chattogram,2,8/2/2018
CUST03066,1835,1553.46,6,Saidpur,4,1/22/2014
CUST03067,1158,480.95,7,Dinajpur,4,11/30/2015
CUST03068,2174,849.39,6,Sylhet,3,2/17/2013
CUST03069,1125,1088.75,13,Mymensingh,2,1/2/2016
CUST03070,1410,693.47,6,Rajshahi,4,3/23/2015
CUST03071,2497,1555.54,9,Dinajpur,3,3/31/2012
CUST03072,2032,727.06,9,Rajshahi,4,7/9/2013
CUST03073,1068,2605.89,8,Saidpur,3,2/28/2016
CUST03074,1183,719.91,18,Rajshahi,4,11/5/2015
CUST03075,1051,1263.32,12,Khulna,3,3/16/2016
CUST03076,1352,2365.98,9,Sylhet,3,5/20/2015
CUST03077,1460,1449.45,6,Rajshahi,2,2/1/2015
CUST03078,1352,1912.99,15,Sylhet,4,5/20/2015
CUST03079,2266,1616.01,9,Sylhet,3,11/17/2012
CUST03080,563,2021.23,12,Chattogram,1,7/17/2017
CUST03081,297,543.35,4,Saidpur,1,4/9/2018
CUST03082,504,849.82,7,Rangpur,4,9/14/2017
CUST03083,58,351.98,9,Mymensingh,2,12/4/2018
CUST03084,471,474.52,9,Saidpur,1,10/17/2017
CUST03085,1504,490.84,6,Sylhet,3,12/19/2014
CUST03086,2341,1845.84,12,Khulna,3,9/3/2012
CUST03087,1442,1990.13,8,Dhaka,2,2/19/2015
CUST03088,1378,1266.2,13,Chattogram,2,4/24/2015
CUST03089,1521,1121.04,11,Rangpur,3,12/2/2014
CUST03090,1421,1720.47,9,Sylhet,2,3/12/2015
CUST03091,708,878.12,12,Dinajpur,2,2/22/2017
CUST03092,1919,393.32,7,Dinajpur,2,10/30/2013
CUST03093,1904,329.83,14,Mymensingh,2,11/14/2013
CUST03094,2466,2844.76,4,Chattogram,4,5/1/2012
CUST03095,1802,1479.14,17,Chattogram,4,2/24/2014
CUST03096,522,1831.87,8,Mymensingh,2,8/27/2017
CUST03097,2171,1173.3,7,Dhaka,4,2/20/2013
CUST03098,2482,675.06,8,Dinajpur,4,4/15/2012
CUST03099,1058,1814.69,8,Chattogram,3,3/9/2016
CUST03100,1525,782.12,16,Nilphamari,2,11/28/2014
CUST03101,445,1513.96,15,Nilphamari,1,11/12/2017
CUST03102,1134,639.1,7,Chattogram,1,12/24/2015
CUST03103,2430,1446.67,9,Saidpur,2,6/6/2012
CUST03104,699,1652.81,14,Dhaka,2,3/3/2017
CUST03105,1292,856.26,14,Dhaka,1,7/19/2015
CUST03106,1553,1340.23,3,Saidpur,4,10/31/2014
CUST03107,2414,2321.8,10,Chattogram,1,6/22/2012
CUST03108,801,2716.22,12,Rajshahi,4,11/21/2016
CUST03109,1583,636.62,8,Nilphamari,1,10/1/2014
CUST03110,2167,991.57,8,Nilphamari,1,2/24/2013
CUST03111,1124,1262,6,Dinajpur,1,1/3/2016
CUST03112,2424,1857.51,9,Nilphamari,2,6/12/2012
CUST03113,201,910.61,11,Chattogram,4,7/14/2018
CUST03114,1358,2123.24,11,Rajshahi,3,5/14/2015
CUST03115,1071,3094.55,8,Dhaka,4,2/25/2016
CUST03116,428,2080.37,12,Mymensingh,3,11/29/2017
CUST03117,1359,1009.32,11,Saidpur,2,5/13/2015
CUST03118,89,951.35,9,Nilphamari,1,11/3/2018
CUST03119,69,100,6,Khulna,1,11/23/2018
CUST03120,1511,1608.16,7,Sylhet,4,12/12/2014
CUST03121,2259,881.59,10,Nilphamari,1,11/24/2012
CUST03122,2337,2077.34,10,Rajshahi,2,9/7/2012
CUST03123,239,932.55,9,Dinajpur,2,6/6/2018
CUST03124,165,1916.82,9,Sylhet,1,8/19/2018
CUST03125,1130,1825.32,7,Dhaka,4,12/28/2015
CUST03126,532,1150,6,Nilphamari,3,8/17/2017
CUST03127,1967,432.37,7,Nilphamari,2,9/12/2013
CUST03128,1885,3448.61,11,Rajshahi,2,12/3/2013
CUST03129,2144,505.84,9,Nilphamari,1,3/19/2013
CUST03130,2365,3123.69,11,Rajshahi,1,8/10/2012
CUST03131,1492,1003.84,8,Khulna,4,12/31/2014
CUST03132,259,910.83,9,Sylhet,1,5/17/2018
CUST03133,1186,2242.34,12,Nilphamari,2,11/2/2015
CUST03134,1494,2824.67,8,Rangpur,3,12/29/2014
CUST03135,1159,1079.3,13,Dhaka,3,11/29/2015
CUST03136,1625,337.44,8,Khulna,2,8/20/2014
CUST03137,1479,1137.13,6,Rangpur,2,1/13/2015
CUST03138,1385,987.29,9,Mymensingh,3,4/17/2015
CUST03139,1469,1114.17,15,Chattogram,4,1/23/2015
CUST03140,1318,593.17,6,Dhaka,4,6/23/2015
CUST03141,1940,932.73,11,Khulna,4,10/9/2013
CUST03142,557,2528.99,5,Rajshahi,1,7/23/2017
CUST03143,1498,1444.33,13,Dinajpur,1,12/25/2014
CUST03144,1875,1121.62,8,Nilphamari,4,12/13/2013
CUST03145,1772,591.59,11,Dinajpur,4,3/26/2014
CUST03146,447,1999.67,9,Rajshahi,3,11/10/2017
CUST03147,175,793.44,8,Rangpur,3,8/9/2018
CUST03148,2462,1774.18,15,Rangpur,3,5/5/2012
CUST03149,426,1522.54,5,Khulna,1,12/1/2017
CUST03150,571,397.39,10,Nilphamari,2,7/9/2017
CUST03151,1331,710.26,5,Dhaka,2,6/10/2015
CUST03152,1640,822.86,8,Saidpur,4,8/5/2014
CUST03153,2456,1165.18,15,Chattogram,4,5/11/2012
CUST03154,1559,1178.41,10,Rangpur,4,10/25/2014
CUST03155,1068,2865.26,11,Dhaka,2,2/28/2016
CUST03156,479,1125.48,12,Rangpur,1,10/9/2017
CUST03157,75,1038.67,7,Chattogram,1,11/17/2018
CUST03158,2289,830.75,6,Khulna,2,10/25/2012
CUST03159,949,1080.86,11,Chattogram,1,6/26/2016
CUST03160,2344,2000.53,9,Saidpur,1,8/31/2012
CUST03161,467,732.6,10,Rajshahi,4,10/21/2017
CUST03162,1776,664.19,11,Nilphamari,1,3/22/2014
CUST03163,397,664.96,8,Mymensingh,4,12/30/2017
CUST03164,677,958.43,8,Saidpur,2,3/25/2017
CUST03165,1014,481.99,10,Chattogram,4,4/22/2016
CUST03166,60,2819.61,8,Mymensingh,2,12/2/2018
CUST03167,691,1177.23,8,Chattogram,2,3/11/2017
CUST03168,69,930.96,14,Rajshahi,4,11/23/2018
CUST03169,37,4888.74,10,Saidpur,3,12/25/2018
CUST03170,939,2137.97,8,Chattogram,1,7/6/2016
CUST03171,791,1638.33,8,Khulna,1,12/1/2016
CUST03172,1125,1442.39,7,Mymensingh,3,1/2/2016
CUST03173,694,664.44,10,Dhaka,4,3/8/2017
CUST03174,2420,482.21,4,Sylhet,3,6/16/2012
CUST03175,1304,1788.72,10,Dinajpur,4,7/7/2015
CUST03176,2124,281.14,9,Rajshahi,4,4/8/2013
CUST03177,1429,1722.26,8,Rajshahi,4,3/4/2015
CUST03178,1352,699.79,10,Khulna,2,5/20/2015
CUST03179,902,1081.76,10,Chattogram,4,8/12/2016
CUST03180,525,788.11,11,Dinajpur,1,8/24/2017
CUST03181,580,885.38,9,Chattogram,2,6/30/2017
CUST03182,909,1069.9,6,Rangpur,4,8/5/2016
CUST03183,1793,1192.49,14,Rangpur,4,3/5/2014
CUST03184,1389,933.31,12,Mymensingh,4,4/13/2015
CUST03185,889,1097.29,8,Chattogram,4,8/25/2016
CUST03186,261,1097.8,6,Dhaka,1,5/15/2018
CUST03187,1286,950.13,11,Dhaka,4,7/25/2015
CUST03188,1731,2253.14,4,Saidpur,4,5/6/2014
CUST03189,1879,1602.9,10,Rangpur,2,12/9/2013
CUST03190,1065,2653.55,6,Nilphamari,2,3/2/2016
CUST03191,801,2113.59,6,Dhaka,2,11/21/2016
CUST03192,2118,668.41,13,Dinajpur,3,4/14/2013
CUST03193,2135,835.61,9,Dhaka,2,3/28/2013
CUST03194,1167,1402.31,9,Dhaka,3,11/21/2015
CUST03195,1426,922.79,9,Dinajpur,4,3/7/2015
CUST03196,1349,1651.82,9,Dinajpur,3,5/23/2015
CUST03197,1086,1199.69,10,Sylhet,4,2/10/2016
CUST03198,382,1690.18,8,Rajshahi,2,1/14/2018
CUST03199,125,919.69,11,Khulna,1,9/28/2018
CUST03200,118,2012.76,5,Rangpur,3,10/5/2018
CUST03201,156,1543.65,6,Saidpur,2,8/28/2018
CUST03202,2447,5040.02,16,Chattogram,3,5/20/2012
CUST03203,1197,1049.95,8,Dhaka,3,10/22/2015
CUST03204,1798,725.55,9,Khulna,4,2/28/2014
CUST03205,514,750.49,6,Khulna,2,9/4/2017
CUST03206,1963,2970.44,9,Rangpur,2,9/16/2013
CUST03207,1290,621.27,11,Nilphamari,4,7/21/2015
CUST03208,1712,1026.43,5,Nilphamari,1,5/25/2014
CUST03209,2267,4440.71,7,Nilphamari,3,11/16/2012
CUST03210,910,3464.68,9,Dinajpur,2,8/4/2016
CUST03211,1103,1720.56,8,Nilphamari,2,1/24/2016
CUST03212,1513,860.5,9,Rangpur,2,12/10/2014
CUST03213,390,1445.64,9,Dinajpur,3,1/6/2018
CUST03214,2428,915.28,8,Saidpur,4,6/8/2012
CUST03215,448,1898.3,13,Saidpur,1,11/9/2017
CUST03216,1779,1243.31,3,Rajshahi,3,3/19/2014
CUST03217,1419,1257.39,8,Rajshahi,2,3/14/2015
CUST03218,123,1369.2,8,Dinajpur,1,9/30/2018
CUST03219,1173,313.35,9,Nilphamari,4,11/15/2015
CUST03220,2009,892.7,10,Chattogram,1,8/1/2013
CUST03221,900,2397.16,7,Rangpur,3,8/14/2016
CUST03222,1843,598.32,14,Rangpur,1,1/14/2014
CUST03223,373,2763,8,Khulna,3,1/23/2018
CUST03224,1758,965.02,9,Chattogram,2,4/9/2014
CUST03225,1891,1560.32,14,Khulna,3,11/27/2013
CUST03226,858,1690.91,8,Sylhet,4,9/25/2016
CUST03227,1749,1528.8,11,Dinajpur,1,4/18/2014
CUST03228,489,1307.55,11,Sylhet,3,9/29/2017
CUST03229,1182,1563.43,11,Dhaka,1,11/6/2015
CUST03230,2174,584.7,7,Rangpur,1,2/17/2013
CUST03231,1392,1706.57,11,Nilphamari,1,4/10/2015
CUST03232,850,2280.56,10,Khulna,2,10/3/2016
CUST03233,1891,2814.08,8,Dinajpur,1,11/27/2013
CUST03234,1770,2275.18,11,Khulna,1,3/28/2014
CUST03235,1188,557.3,14,Dhaka,1,10/31/2015
CUST03236,2127,1767.91,9,Rangpur,1,4/5/2013
CUST03237,961,854.55,7,Dhaka,2,6/14/2016
CUST03238,1972,2258.22,12,Sylhet,1,9/7/2013
CUST03239,1300,371.65,8,Rangpur,2,7/11/2015
CUST03240,1221,1283.78,7,Khulna,1,9/28/2015
CUST03241,35,498.51,8,Dhaka,2,12/27/2018
CUST03242,2006,1207.52,13,Dinajpur,4,8/4/2013
CUST03243,1369,661.17,6,Sylhet,1,5/3/2015
CUST03244,1635,1813.59,11,Mymensingh,2,8/10/2014
CUST03245,1026,798.11,11,Khulna,1,4/10/2016
CUST03246,1704,1117.04,9,Mymensingh,1,6/2/2014
CUST03247,1780,2514.32,7,Mymensingh,3,3/18/2014
CUST03248,1918,3027.08,6,Dhaka,4,10/31/2013
CUST03249,252,874.72,8,Mymensingh,2,5/24/2018
CUST03250,1096,1920.42,11,Dhaka,1,1/31/2016
CUST03251,37,1049.42,12,Khulna,2,12/25/2018
CUST03252,657,1548.82,8,Rajshahi,1,4/14/2017
CUST03253,1689,3652.47,7,Rajshahi,3,6/17/2014
CUST03254,1682,4266.85,10,Chattogram,2,6/24/2014
CUST03255,927,929.52,7,Mymensingh,4,7/18/2016
CUST03256,1241,3793.61,9,Sylhet,2,9/8/2015
CUST03257,1476,2073.71,13,Khulna,1,1/16/2015
CUST03258,387,1273.99,11,Nilphamari,4,1/9/2018
CUST03259,364,814.37,12,Dinajpur,4,2/1/2018
CUST03260,1958,587.72,20,Chattogram,1,9/21/2013
CUST03261,315,940.52,12,Rangpur,1,3/22/2018
CUST03262,61,738.73,10,Mymensingh,3,12/1/2018
CUST03263,1449,2451.66,10,Chattogram,4,2/12/2015
CUST03264,201,1326.29,9,Dinajpur,4,7/14/2018
CUST03265,818,452.92,7,Saidpur,3,11/4/2016
CUST03266,2163,715.71,13,Dhaka,3,2/28/2013
CUST03267,2210,2030.26,13,Rajshahi,4,1/12/2013
CUST03268,1578,1148.28,15,Sylhet,3,10/6/2014
CUST03269,1931,236.58,9,Saidpur,4,10/18/2013
CUST03270,426,1968.85,7,Dhaka,2,12/1/2017
CUST03271,1329,1500.33,8,Rangpur,4,6/12/2015
CUST03272,2012,869.09,12,Nilphamari,4,7/29/2013
CUST03273,2179,2268.45,8,Mymensingh,3,2/12/2013
CUST03274,1174,337.97,11,Dinajpur,4,11/14/2015
CUST03275,1900,1163.61,4,Sylhet,3,11/18/2013
CUST03276,1175,3228.5,16,Dinajpur,2,11/13/2015
CUST03277,110,1152.52,8,Chattogram,2,10/13/2018
CUST03278,121,1171.37,10,Mymensingh,3,10/2/2018
CUST03279,1262,1077.84,7,Dinajpur,1,8/18/2015
CUST03280,1155,1106.59,7,Sylhet,2,12/3/2015
CUST03281,1855,1766.26,8,Dhaka,1,1/2/2014
CUST03282,225,273.16,4,Dinajpur,1,6/20/2018
CUST03283,2327,7298.08,7,Rajshahi,3,9/17/2012
CUST03284,818,1642.61,5,Saidpur,2,11/4/2016
CUST03285,1662,1155.26,8,Sylhet,2,7/14/2014
CUST03286,667,2006.71,7,Rajshahi,3,4/4/2017
CUST03287,1491,2096.49,5,Khulna,3,1/1/2015
CUST03288,1025,1990.25,7,Khulna,1,4/11/2016
CUST03289,2014,374.33,6,Sylhet,2,7/27/2013
CUST03290,381,879.38,8,Saidpur,4,1/15/2018
CUST03291,516,1251.42,7,Khulna,4,9/2/2017
CUST03292,773,803.36,11,Nilphamari,1,12/19/2016
CUST03293,192,1506.59,10,Chattogram,2,7/23/2018
CUST03294,107,2372.86,7,Mymensingh,3,10/16/2018
CUST03295,724,1052.69,3,Saidpur,1,2/6/2017
CUST03296,909,1106.8,9,Saidpur,1,8/5/2016
CUST03297,2396,684.71,11,Rajshahi,4,7/10/2012
CUST03298,369,342.14,8,Nilphamari,1,1/27/2018
CUST03299,1629,1345.9,13,Khulna,3,8/16/2014
CUST03300,602,969.77,9,Saidpur,2,6/8/2017
CUST03301,1826,595.02,12,Nilphamari,1,1/31/2014
CUST03302,438,1159.36,16,Rajshahi,4,11/19/2017
CUST03303,624,635.18,8,Dhaka,4,5/17/2017
CUST03304,456,798.07,6,Dhaka,2,11/1/2017
CUST03305,1639,2322.26,11,Khulna,3,8/6/2014
CUST03306,1155,595.66,9,Khulna,3,12/3/2015
CUST03307,2314,2159.98,12,Rangpur,2,9/30/2012
CUST03308,457,768.73,10,Rangpur,4,10/31/2017
CUST03309,1932,776.21,7,Rangpur,3,10/17/2013
CUST03310,1730,2399.04,9,Chattogram,3,5/7/2014
CUST03311,1112,884.33,13,Sylhet,1,1/15/2016
CUST03312,2380,372.07,2,Dinajpur,2,7/26/2012
CUST03313,2072,987.55,12,Dinajpur,4,5/30/2013
CUST03314,1716,1474.52,5,Dinajpur,3,5/21/2014
CUST03315,1013,1269.81,7,Dinajpur,4,4/23/2016
CUST03316,387,1550.34,7,Rajshahi,4,1/9/2018
CUST03317,1581,1713.84,3,Chattogram,2,10/3/2014
CUST03318,1936,566.11,9,Chattogram,2,10/13/2013
CUST03319,1309,808.36,12,Saidpur,2,7/2/2015
CUST03320,2094,835.56,8,Dinajpur,2,5/8/2013
CUST03321,1429,623.45,9,Chattogram,1,3/4/2015
CUST03322,1964,2659.43,6,Dinajpur,4,9/15/2013
CUST03323,444,2350.85,9,Sylhet,1,11/13/2017
CUST03324,418,961.9,11,Chattogram,2,12/9/2017
CUST03325,2383,835.6,11,Khulna,4,7/23/2012
CUST03326,305,480.45,10,Nilphamari,1,4/1/2018
CUST03327,1134,1022.06,8,Nilphamari,3,12/24/2015
CUST03328,634,2765.66,10,Chattogram,1,5/7/2017
CUST03329,1282,1266.96,12,Saidpur,3,7/29/2015
CUST03330,2323,478.06,10,Khulna,3,9/21/2012
CUST03331,1096,1293.49,14,Sylhet,1,1/31/2016
CUST03332,1446,3573.67,17,Dinajpur,4,2/15/2015
CUST03333,1318,1566.05,11,Chattogram,3,6/23/2015
CUST03334,1452,2591.41,11,Sylhet,4,2/9/2015
CUST03335,819,1366.39,10,Rangpur,4,11/3/2016
CUST03336,1130,3585.65,8,Dhaka,4,12/28/2015
CUST03337,323,804.65,9,Dhaka,1,3/14/2018
CUST03338,1754,1694.54,5,Nilphamari,4,4/13/2014
CUST03339,882,1168.18,6,Nilphamari,3,9/1/2016
CUST03340,219,654.61,15,Dinajpur,1,6/26/2018
CUST03341,1128,925.96,7,Dinajpur,1,12/30/2015
CUST03342,1219,1041.11,10,Saidpur,3,9/30/2015
CUST03343,2196,4026.45,10,Rangpur,1,1/26/2013
CUST03344,1552,767.45,9,Saidpur,3,11/1/2014
CUST03345,1082,5751.51,9,Rangpur,3,2/14/2016
CUST03346,1946,2502.83,10,Dinajpur,2,10/3/2013
CUST03347,1937,706.53,10,Saidpur,2,10/12/2013
CUST03348,516,1062.28,9,Mymensingh,4,9/2/2017
CUST03349,1180,1752.81,8,Dinajpur,3,11/8/2015
CUST03350,1842,1448.98,12,Chattogram,4,1/15/2014
CUST03351,1103,1371.57,10,Rajshahi,4,1/24/2016
CUST03352,440,1622.75,12,Dinajpur,3,11/17/2017
CUST03353,161,998.38,8,Chattogram,4,8/23/2018
CUST03354,285,1919.75,9,Khulna,3,4/21/2018
CUST03355,576,1328.24,12,Chattogram,3,7/4/2017
CUST03356,389,1850.36,10,Nilphamari,3,1/7/2018
CUST03357,1016,919.92,7,Nilphamari,3,4/20/2016
CUST03358,341,618.63,8,Chattogram,4,2/24/2018
CUST03359,798,1878.16,6,Nilphamari,1,11/24/2016
CUST03360,1684,745.07,9,Saidpur,2,6/22/2014
CUST03361,1243,1016.5,11,Rangpur,2,9/6/2015
CUST03362,1910,1493.85,7,Mymensingh,4,11/8/2013
CUST03363,1513,846.77,8,Dinajpur,4,12/10/2014
CUST03364,229,7404.56,8,Dhaka,3,6/16/2018
CUST03365,1598,2414.45,10,Nilphamari,1,9/16/2014
CUST03366,2497,829.54,15,Nilphamari,4,3/31/2012
CUST03367,1147,1344.05,10,Rajshahi,1,12/11/2015
CUST03368,1735,1128.39,13,Khulna,4,5/2/2014
CUST03369,2027,512.71,5,Dhaka,3,7/14/2013
CUST03370,1428,3386.59,14,Rajshahi,3,3/5/2015
CUST03371,755,350.31,11,Khulna,2,1/6/2017
CUST03372,433,836.7,9,Mymensingh,4,11/24/2017
CUST03373,557,1996.79,8,Khulna,3,7/23/2017
CUST03374,615,1426.84,4,Rajshahi,1,5/26/2017
CUST03375,1701,759.38,12,Mymensingh,1,6/5/2014
CUST03376,589,1076.99,6,Nilphamari,3,6/21/2017
CUST03377,1743,874.68,14,Mymensingh,4,4/24/2014
CUST03378,681,2601.61,10,Nilphamari,3,3/21/2017
CUST03379,918,753.56,11,Nilphamari,4,7/27/2016
CUST03380,447,433.91,13,Rangpur,4,11/10/2017
CUST03381,2152,2286.34,13,Rajshahi,1,3/11/2013
CUST03382,850,1696.91,8,Rajshahi,3,10/3/2016
CUST03383,106,933.47,10,Khulna,2,10/17/2018
CUST03384,1897,2044.95,2,Sylhet,4,11/21/2013
CUST03385,2121,1584.56,8,Khulna,2,4/11/2013
CUST03386,1413,1528.22,8,Rangpur,4,3/20/2015
CUST03387,627,326.35,8,Dinajpur,4,5/14/2017
CUST03388,1712,1749.51,9,Dhaka,3,5/25/2014
CUST03389,2197,711.09,8,Dinajpur,4,1/25/2013
CUST03390,1052,749.67,8,Mymensingh,1,3/15/2016
CUST03391,1829,870.46,7,Saidpur,3,1/28/2014
CUST03392,2498,939.3,10,Rajshahi,1,3/30/2012
CUST03393,2286,2372.05,9,Dinajpur,3,10/28/2012
CUST03394,419,461.62,11,Rajshahi,2,12/8/2017
CUST03395,2459,1306.64,5,Rajshahi,4,5/8/2012
CUST03396,333,1184.41,7,Rangpur,3,3/4/2018
CUST03397,2008,1732.03,7,Saidpur,2,8/2/2013
CUST03398,1043,3209.16,10,Dinajpur,2,3/24/2016
CUST03399,2422,552.44,8,Mymensingh,3,6/14/2012
CUST03400,225,698.9,10,Mymensingh,2,6/20/2018
CUST03401,342,1027.96,11,Chattogram,2,2/23/2018
CUST03402,1845,855.13,12,Khulna,4,1/12/2014
CUST03403,1956,350,6,Dinajpur,3,9/23/2013
CUST03404,374,2185.15,10,Chattogram,4,1/22/2018
CUST03405,1619,1528.01,7,Dinajpur,4,8/26/2014
CUST03406,1277,3137.48,4,Rajshahi,2,8/3/2015
CUST03407,1606,631.88,13,Dinajpur,4,9/8/2014
CUST03408,695,1094.2,11,Rangpur,4,3/7/2017
CUST03409,1994,1997.37,11,Dinajpur,2,8/16/2013
CUST03410,2042,1408.67,5,Nilphamari,4,6/29/2013
CUST03411,2353,351.25,10,Saidpur,2,8/22/2012
CUST03412,411,1049.12,8,Nilphamari,3,12/16/2017
CUST03413,556,2864.83,10,Sylhet,3,7/24/2017
CUST03414,53,1768.99,8,Nilphamari,4,12/9/2018
CUST03415,139,7474.43,8,Chattogram,3,9/14/2018
CUST03416,99,1599.83,9,Saidpur,3,10/24/2018
CUST03417,1453,670.34,10,Rangpur,2,2/8/2015
CUST03418,2205,343.05,12,Dinajpur,2,1/17/2013
CUST03419,1996,1923.83,8,Dinajpur,2,8/14/2013
CUST03420,1597,969.33,13,Rangpur,2,9/17/2014
CUST03421,730,2683.7,8,Chattogram,2,1/31/2017
CUST03422,2060,3380.69,7,Saidpur,4,6/11/2013
CUST03423,340,1107.57,11,Saidpur,4,2/25/2018
CUST03424,656,2127.54,8,Saidpur,3,4/15/2017
CUST03425,2076,742.81,7,Mymensingh,3,5/26/2013
CUST03426,1431,1764.52,15,Nilphamari,4,3/2/2015
CUST03427,1583,1972.62,9,Dinajpur,4,10/1/2014
CUST03428,1301,3639.44,10,Nilphamari,1,7/10/2015
CUST03429,1347,756.39,8,Rajshahi,1,5/25/2015
CUST03430,1495,1521.74,2,Dhaka,4,12/28/2014
CUST03431,1416,1361.58,12,Chattogram,4,3/17/2015
CUST03432,1567,1381.01,5,Rajshahi,2,10/17/2014
CUST03433,1815,978.06,9,Dhaka,2,2/11/2014
CUST03434,1555,1820.98,9,Mymensingh,3,10/29/2014
CUST03435,1125,930.95,13,Sylhet,3,1/2/2016
CUST03436,1095,1361.36,8,Dinajpur,2,2/1/2016
CUST03437,80,829.98,9,Chattogram,2,11/12/2018
CUST03438,519,1537.2,13,Rangpur,3,8/30/2017
CUST03439,998,1122.36,6,Chattogram,4,5/8/2016
CUST03440,2466,720.26,10,Rajshahi,4,5/1/2012
CUST03441,1027,851.74,7,Dhaka,4,4/9/2016
CUST03442,2309,1461.69,9,Chattogram,4,10/5/2012
CUST03443,471,703.65,7,Rajshahi,4,10/17/2017
CUST03444,1207,1876.47,11,Rajshahi,1,10/12/2015
CUST03445,51,926.99,7,Nilphamari,3,12/11/2018
CUST03446,409,1498,8,Nilphamari,2,12/18/2017
CUST03447,1364,806.78,7,Mymensingh,1,5/8/2015
CUST03448,729,1145.16,7,Rajshahi,3,2/1/2017
CUST03449,414,1119.78,7,Rajshahi,1,12/13/2017
CUST03450,1017,814.94,5,Dhaka,3,4/19/2016
CUST03451,66,1319.24,4,Mymensingh,2,11/26/2018
CUST03452,1235,3567.12,13,Saidpur,3,9/14/2015
CUST03453,37,1276.01,10,Dinajpur,4,12/25/2018
CUST03454,1692,864.79,8,Dhaka,3,6/14/2014
CUST03455,893,752.26,10,Saidpur,2,8/21/2016
CUST03456,1611,680.17,7,Dhaka,4,9/3/2014
CUST03457,1485,1188.18,11,Rajshahi,1,1/7/2015
CUST03458,888,1378.2,8,Saidpur,2,8/26/2016
CUST03459,1825,1008.57,11,Dinajpur,1,2/1/2014
CUST03460,890,1311.7,7,Chattogram,3,8/24/2016
CUST03461,995,610.99,10,Rajshahi,1,5/11/2016
CUST03462,422,2703.01,3,Mymensingh,2,12/5/2017
CUST03463,855,446.19,4,Rajshahi,4,9/28/2016
CUST03464,380,2548.71,9,Dhaka,4,1/16/2018
CUST03465,166,1086.19,8,Chattogram,2,8/18/2018
CUST03466,1560,635.42,6,Khulna,3,10/24/2014
CUST03467,1334,1415.85,10,Rangpur,2,6/7/2015
CUST03468,447,1420.58,12,Dinajpur,2,11/10/2017
CUST03469,153,916.12,12,Rangpur,4,8/31/2018
CUST03470,1577,2162.07,10,Saidpur,3,10/7/2014
CUST03471,2034,1147.33,8,Mymensingh,2,7/7/2013
CUST03472,815,1104.95,7,Dinajpur,4,11/7/2016
CUST03473,1193,1287.03,10,Sylhet,3,10/26/2015
CUST03474,196,1400.34,11,Nilphamari,3,7/19/2018
CUST03475,2241,650.18,9,Nilphamari,4,12/12/2012
CUST03476,111,1028.06,8,Sylhet,3,10/12/2018
CUST03477,2461,2691.47,8,Nilphamari,4,5/6/2012
CUST03478,187,1610.54,7,Rangpur,1,7/28/2018
CUST03479,1812,1790.27,9,Rajshahi,1,2/14/2014
CUST03480,2143,596.34,8,Sylhet,2,3/20/2013
CUST03481,1117,1295.82,5,Dinajpur,1,1/10/2016
CUST03482,2250,442.37,12,Mymensingh,1,12/3/2012
CUST03483,1051,1756.55,4,Rangpur,4,3/16/2016
CUST03484,1093,1282.73,13,Dhaka,1,2/3/2016
CUST03485,2148,1115.98,7,Saidpur,2,3/15/2013
CUST03486,2054,650.88,9,Chattogram,4,6/17/2013
CUST03487,686,1046.58,5,Dinajpur,3,3/16/2017
CUST03488,593,810.84,8,Saidpur,1,6/17/2017
CUST03489,2132,5213.68,12,Rangpur,1,3/31/2013
CUST03490,1140,3399.52,11,Chattogram,1,12/18/2015
CUST03491,2293,1841.86,9,Sylhet,3,10/21/2012
CUST03492,2179,1352.56,5,Rajshahi,1,2/12/2013
CUST03493,1600,2798.3,7,Saidpur,3,9/14/2014
CUST03494,591,1431.98,7,Rajshahi,3,6/19/2017
CUST03495,506,2358.66,7,Mymensingh,4,9/12/2017
CUST03496,1288,1239.82,7,Rajshahi,3,7/23/2015
CUST03497,328,1142.58,7,Khulna,1,3/9/2018
CUST03498,1807,2878.7,8,Dinajpur,2,2/19/2014
CUST03499,2190,2158.82,11,Nilphamari,2,2/1/2013
CUST03500,1612,1001.55,10,Rajshahi,2,9/2/2014
CUST03501,2437,2122.2,9,Sylhet,4,5/30/2012
CUST03502,1837,1581.93,13,Rajshahi,3,1/20/2014
CUST03503,2459,2130.25,4,Saidpur,1,5/8/2012
CUST03504,1961,952.42,12,Rangpur,4,9/18/2013
CUST03505,2066,1523.94,7,Chattogram,4,6/5/2013
CUST03506,99,896.86,7,Sylhet,2,10/24/2018
CUST03507,675,1126.58,9,Sylhet,1,3/27/2017
CUST03508,1953,502.41,10,Dinajpur,2,9/26/2013
CUST03509,169,1041.78,12,Nilphamari,4,8/15/2018
CUST03510,963,1370.86,11,Sylhet,2,6/12/2016
CUST03511,1194,3030.63,5,Dinajpur,3,10/25/2015
CUST03512,2452,434.22,8,Saidpur,2,5/15/2012
CUST03513,2299,4163.13,7,Rangpur,4,10/15/2012
CUST03514,1312,595.18,9,Rajshahi,1,6/29/2015
CUST03515,590,1186.43,7,Khulna,3,6/20/2017
CUST03516,1286,1766.53,7,Saidpur,3,7/25/2015
CUST03517,679,1383.12,11,Dinajpur,2,3/23/2017
CUST03518,1646,1039.75,5,Khulna,3,7/30/2014
CUST03519,1041,2277.6,16,Dhaka,4,3/26/2016
CUST03520,628,2109.84,5,Nilphamari,2,5/13/2017
CUST03521,937,1638.82,2,Nilphamari,1,7/8/2016
CUST03522,510,544.53,10,Nilphamari,2,9/8/2017
CUST03523,719,2854.13,7,Mymensingh,1,2/11/2017
CUST03524,259,629.12,7,Dhaka,4,5/17/2018
CUST03525,1050,496.77,6,Rajshahi,2,3/17/2016
CUST03526,1050,1759.74,4,Nilphamari,1,3/17/2016
CUST03527,2155,1077.41,10,Rangpur,4,3/8/2013
CUST03528,1935,3939.91,5,Dhaka,2,10/14/2013
CUST03529,1156,880.58,13,Rangpur,2,12/2/2015
CUST03530,357,3177.57,10,Rangpur,3,2/8/2018
CUST03531,1889,1537.92,9,Sylhet,3,11/29/2013
CUST03532,431,2246.84,11,Sylhet,3,11/26/2017
CUST03533,1275,1218.28,9,Khulna,2,8/5/2015
CUST03534,1377,3151.92,10,Chattogram,1,4/25/2015
CUST03535,811,862.15,10,Saidpur,3,11/11/2016
CUST03536,1767,535.3,8,Rangpur,2,3/31/2014
CUST03537,731,1070.47,10,Dhaka,4,1/30/2017
CUST03538,522,1201.08,7,Sylhet,2,8/27/2017
CUST03539,1672,913.67,7,Nilphamari,2,7/4/2014
CUST03540,1650,2584.05,6,Chattogram,2,7/26/2014
CUST03541,1608,761.21,7,Chattogram,3,9/6/2014
CUST03542,1175,582.76,9,Dinajpur,1,11/13/2015
CUST03543,1695,1461.64,7,Mymensingh,1,6/11/2014
CUST03544,1266,619.11,6,Saidpur,1,8/14/2015
CUST03545,318,3084.71,13,Rangpur,3,3/19/2018
CUST03546,34,925.47,9,Nilphamari,4,12/28/2018
CUST03547,1194,469.63,10,Chattogram,3,10/25/2015
CUST03548,788,1079.56,5,Khulna,4,12/4/2016
CUST03549,706,658.43,13,Khulna,1,2/24/2017
CUST03550,2113,2141.88,11,Mymensingh,1,4/19/2013
CUST03551,1308,2073.57,7,Nilphamari,2,7/3/2015
CUST03552,1540,709.55,7,Sylhet,4,11/13/2014
CUST03553,923,1921.68,9,Mymensingh,1,7/22/2016
CUST03554,1097,819.95,10,Khulna,4,1/30/2016
CUST03555,183,2447.75,6,Rangpur,1,8/1/2018
CUST03556,592,444.83,7,Saidpur,3,6/18/2017
CUST03557,922,1466.32,13,Mymensingh,2,7/23/2016
CUST03558,720,1712.49,13,Dinajpur,3,2/10/2017
CUST03559,701,1060.47,9,Dhaka,4,3/1/2017
CUST03560,2056,1024.99,5,Rangpur,1,6/15/2013
CUST03561,2380,2398.25,9,Sylhet,2,7/26/2012
CUST03562,1373,3127.5,10,Khulna,4,4/29/2015
CUST03563,504,544.38,13,Sylhet,1,9/14/2017
CUST03564,779,5170.6,13,Dhaka,2,12/13/2016
CUST03565,980,1986.76,7,Nilphamari,1,5/26/2016
CUST03566,529,861.02,10,Saidpur,2,8/20/2017
CUST03567,1798,1650.31,8,Rangpur,3,2/28/2014
CUST03568,1785,1581.19,10,Mymensingh,2,3/13/2014
CUST03569,1636,2609.11,6,Chattogram,1,8/9/2014
CUST03570,628,1685.14,7,Rangpur,1,5/13/2017
CUST03571,285,396.69,8,Dhaka,4,4/21/2018
CUST03572,435,1432.38,15,Nilphamari,2,11/22/2017
CUST03573,1021,1154.78,10,Dhaka,1,4/15/2016
CUST03574,992,1084.39,6,Sylhet,4,5/14/2016
CUST03575,690,4163.31,8,Mymensingh,4,3/12/2017
CUST03576,2004,1957.41,10,Nilphamari,1,8/6/2013
CUST03577,469,1578.26,4,Chattogram,2,10/19/2017
CUST03578,932,1221.74,5,Dhaka,3,7/13/2016
CUST03579,183,894.43,11,Chattogram,2,8/1/2018
CUST03580,388,1394.74,13,Khulna,3,1/8/2018
CUST03581,905,1309.97,8,Rajshahi,2,8/9/2016
CUST03582,2328,1009.97,11,Sylhet,4,9/16/2012
CUST03583,1964,2835.78,7,Mymensingh,1,9/15/2013
CUST03584,870,970.1,13,Dhaka,3,9/13/2016
CUST03585,1357,964.77,10,Saidpur,2,5/15/2015
CUST03586,113,2810.4,7,Saidpur,1,10/10/2018
CUST03587,518,645.89,4,Chattogram,3,8/31/2017
CUST03588,1012,981.11,9,Khulna,4,4/24/2016
CUST03589,675,556.8,8,Dhaka,4,3/27/2017
CUST03590,508,744.63,11,Khulna,1,9/10/2017
CUST03591,1853,1271.94,9,Mymensingh,4,1/4/2014
CUST03592,1070,794.18,14,Mymensingh,1,2/26/2016
CUST03593,2184,995.47,14,Chattogram,4,2/7/2013
CUST03594,945,1305.28,11,Mymensingh,3,6/30/2016
CUST03595,391,826.74,7,Khulna,3,1/5/2018
CUST03596,925,2399.73,12,Sylhet,3,7/20/2016
CUST03597,2405,723.34,8,Dinajpur,4,7/1/2012
CUST03598,897,306.59,8,Rajshahi,4,8/17/2016
CUST03599,169,736.65,11,Nilphamari,2,8/15/2018
CUST03600,60,1028.46,9,Khulna,2,12/2/2018
CUST03601,661,1044.97,8,Dhaka,1,4/10/2017
CUST03602,526,1086.33,13,Sylhet,4,8/23/2017
CUST03603,1166,1670.04,10,Dinajpur,1,11/22/2015
CUST03604,1642,2475.67,6,Sylhet,4,8/3/2014
CUST03605,2184,791.55,8,Khulna,2,2/7/2013
CUST03606,33,824.75,10,Rajshahi,1,12/29/2018
CUST03607,509,886.61,10,Khulna,1,9/9/2017
CUST03608,281,2540.31,6,Khulna,2,4/25/2018
CUST03609,1047,419.75,15,Dinajpur,3,3/20/2016
CUST03610,1878,1749.37,6,Nilphamari,2,12/10/2013
CUST03611,1865,1033.37,10,Saidpur,4,12/23/2013
CUST03612,790,1482.13,7,Khulna,3,12/2/2016
CUST03613,1793,3245.88,9,Dhaka,3,3/5/2014
CUST03614,1809,844.98,8,Nilphamari,4,2/17/2014
CUST03615,116,1287.66,7,Mymensingh,4,10/7/2018
CUST03616,1614,1943.15,13,Dinajpur,4,8/31/2014
CUST03617,1512,992.51,12,Khulna,2,12/11/2014
CUST03618,1904,1156.14,7,Mymensingh,3,11/14/2013
CUST03619,1010,976.57,16,Rangpur,4,4/26/2016
CUST03620,1351,2376.48,6,Nilphamari,2,5/21/2015
CUST03621,487,834.72,14,Khulna,3,10/1/2017
CUST03622,2059,1963.48,9,Dhaka,4,6/12/2013
CUST03623,708,2551.45,9,Rajshahi,3,2/22/2017
CUST03624,412,367.31,11,Khulna,4,12/15/2017
CUST03625,948,865.82,13,Rajshahi,1,6/27/2016
CUST03626,357,1502.35,10,Chattogram,4,2/8/2018
CUST03627,378,619.46,11,Mymensingh,4,1/18/2018
CUST03628,1732,3066.75,6,Dhaka,2,5/5/2014
CUST03629,530,582.44,9,Rangpur,3,8/19/2017
CUST03630,1647,2854.81,7,Chattogram,1,7/29/2014
CUST03631,912,707.71,6,Nilphamari,4,8/2/2016
CUST03632,271,948.92,8,Khulna,3,5/5/2018
CUST03633,1240,1676.34,7,Rangpur,1,9/9/2015
CUST03634,2356,1226.13,12,Nilphamari,4,8/19/2012
CUST03635,2360,1475.32,12,Sylhet,4,8/15/2012
CUST03636,641,1131.76,5,Sylhet,1,4/30/2017
CUST03637,2130,985.63,12,Dhaka,4,4/2/2013
CUST03638,1170,1119.29,6,Chattogram,2,11/18/2015
CUST03639,819,2694.83,7,Rajshahi,1,11/3/2016
CUST03640,1927,3488.97,5,Dhaka,2,10/22/2013
CUST03641,1774,786.3,7,Sylhet,3,3/24/2014
CUST03642,904,3427.99,14,Sylhet,3,8/10/2016
CUST03643,515,870.54,9,Rangpur,2,9/3/2017
CUST03644,1012,942.21,6,Chattogram,3,4/24/2016
CUST03645,978,347.48,10,Dhaka,1,5/28/2016
CUST03646,228,922.37,12,Saidpur,4,6/17/2018
CUST03647,782,796.92,11,Sylhet,3,12/10/2016
CUST03648,2042,1465.89,11,Nilphamari,3,6/29/2013
CUST03649,1921,819.95,9,Chattogram,2,10/28/2013
CUST03650,1702,307.52,8,Khulna,4,6/4/2014
CUST03651,363,1053.08,6,Nilphamari,1,2/2/2018
CUST03652,885,1094.91,10,Rangpur,4,8/29/2016
CUST03653,1539,605.14,6,Khulna,3,11/14/2014
CUST03654,95,683.63,10,Dinajpur,4,10/28/2018
CUST03655,251,1351.23,12,Rangpur,4,5/25/2018
CUST03656,2457,1059.19,10,Rangpur,3,5/10/2012
CUST03657,541,1135.97,7,Chattogram,3,8/8/2017
CUST03658,1906,695.97,9,Saidpur,4,11/12/2013
CUST03659,1645,3480.98,8,Saidpur,4,7/31/2014
CUST03660,95,576.12,13,Dinajpur,4,10/28/2018
CUST03661,1787,1571.76,9,Dhaka,4,3/11/2014
CUST03662,260,1783.53,8,Sylhet,1,5/16/2018
CUST03663,973,1715.48,7,Chattogram,1,6/2/2016
CUST03664,1659,1121.55,8,Nilphamari,1,7/17/2014
CUST03665,1315,1691.82,9,Mymensingh,4,6/26/2015
CUST03666,768,706.76,7,Rajshahi,3,12/24/2016
CUST03667,2082,2747.99,10,Sylhet,3,5/20/2013
CUST03668,1522,664.3,9,Rangpur,4,12/1/2014
CUST03669,628,1660.65,9,Rajshahi,2,5/13/2017
CUST03670,1101,1210.12,7,Saidpur,2,1/26/2016
CUST03671,542,2160.46,11,Dhaka,4,8/7/2017
CUST03672,2079,2283.69,9,Sylhet,3,5/23/2013
CUST03673,1093,1796.09,11,Chattogram,2,2/3/2016
CUST03674,1622,962.94,9,Rajshahi,3,8/23/2014
CUST03675,1254,4395.69,6,Rangpur,3,8/26/2015
CUST03676,833,2286.09,7,Sylhet,4,10/20/2016
CUST03677,180,3057.89,10,Sylhet,1,8/4/2018
CUST03678,1756,492.13,9,Saidpur,3,4/11/2014
CUST03679,2253,772.26,10,Nilphamari,1,11/30/2012
CUST03680,2438,1526.95,9,Sylhet,3,5/29/2012
CUST03681,1335,818.79,9,Rangpur,3,6/6/2015
CUST03682,1837,2617.28,7,Nilphamari,3,1/20/2014
CUST03683,2475,768.72,5,Khulna,3,4/22/2012
CUST03684,1502,2216.04,13,Saidpur,1,12/21/2014
CUST03685,1596,877.96,9,Chattogram,3,9/18/2014
CUST03686,545,1034.37,8,Nilphamari,3,8/4/2017
CUST03687,832,1696.94,8,Nilphamari,2,10/21/2016
CUST03688,506,1893.09,6,Saidpur,3,9/12/2017
CUST03689,1342,678.74,11,Sylhet,1,5/30/2015
CUST03690,891,823.89,9,Dinajpur,3,8/23/2016
CUST03691,129,1796.52,8,Dinajpur,3,9/24/2018
CUST03692,2378,748.06,9,Mymensingh,1,7/28/2012
CUST03693,1286,2060.73,12,Rajshahi,3,7/25/2015
CUST03694,2262,1570.43,8,Rajshahi,3,11/21/2012
CUST03695,132,887.35,11,Nilphamari,2,9/21/2018
CUST03696,2399,2020.03,11,Dhaka,3,7/7/2012
CUST03697,285,962.34,9,Saidpur,2,4/21/2018
CUST03698,1926,1546.57,9,Nilphamari,2,10/23/2013
CUST03699,1966,1824.07,7,Dhaka,1,9/13/2013
CUST03700,1860,2418.67,6,Khulna,3,12/28/2013
CUST03701,482,2473,5,Chattogram,3,10/6/2017
CUST03702,1949,902.37,8,Sylhet,4,9/30/2013
CUST03703,44,3764.86,10,Chattogram,4,12/18/2018
CUST03704,1905,2238,14,Khulna,4,11/13/2013
CUST03705,37,666.71,6,Dinajpur,3,12/25/2018
CUST03706,1071,886.24,5,Dhaka,3,2/25/2016
CUST03707,1463,1247.35,4,Chattogram,1,1/29/2015
CUST03708,2038,1345.18,8,Sylhet,4,7/3/2013
CUST03709,835,4833.69,6,Dhaka,3,10/18/2016
CUST03710,327,1911.17,10,Chattogram,3,3/10/2018
CUST03711,139,802.18,11,Nilphamari,4,9/14/2018
CUST03712,2433,1468.85,10,Khulna,3,6/3/2012
CUST03713,1936,560.71,12,Rangpur,4,10/13/2013
CUST03714,1906,984.2,6,Khulna,4,11/12/2013
CUST03715,1429,1114.1,11,Rajshahi,2,3/4/2015
CUST03716,439,998.47,8,Saidpur,4,11/18/2017
CUST03717,1128,1736.21,6,Sylhet,4,12/30/2015
CUST03718,564,1474.32,10,Sylhet,1,7/16/2017
CUST03719,401,741.92,5,Saidpur,3,12/26/2017
CUST03720,1890,1288.86,7,Rangpur,3,11/28/2013
CUST03721,528,3709.84,9,Dhaka,2,8/21/2017
CUST03722,549,789.68,14,Rajshahi,1,7/31/2017
CUST03723,2459,3535.99,13,Rangpur,2,5/8/2012
CUST03724,372,1063.6,12,Khulna,2,1/24/2018
CUST03725,1559,1130.08,11,Sylhet,3,10/25/2014
CUST03726,1224,1756.36,14,Dinajpur,1,9/25/2015
CUST03727,791,451.25,6,Rajshahi,2,12/1/2016
CUST03728,438,3402.48,10,Mymensingh,1,11/19/2017
CUST03729,1216,1161.42,8,Dhaka,3,10/3/2015
CUST03730,646,881.5,9,Sylhet,1,4/25/2017
CUST03731,2320,1704.83,7,Dinajpur,3,9/24/2012
CUST03732,125,702.88,7,Nilphamari,1,9/28/2018
CUST03733,2277,2546.12,12,Chattogram,2,11/6/2012
CUST03734,742,1488.49,9,Dinajpur,2,1/19/2017
CUST03735,200,397.1,14,Dinajpur,4,7/15/2018
CUST03736,509,2539.55,10,Saidpur,2,9/9/2017
CUST03737,1591,1454.8,6,Chattogram,2,9/23/2014
CUST03738,1240,1554.61,7,Dhaka,3,9/9/2015
CUST03739,853,1407.34,8,Nilphamari,1,9/30/2016
CUST03740,1404,275.91,11,Rangpur,2,3/29/2015
CUST03741,727,756.27,9,Nilphamari,4,2/3/2017
CUST03742,2048,1620.52,10,Rangpur,2,6/23/2013
CUST03743,1562,1613.94,8,Chattogram,4,10/22/2014
CUST03744,1641,1253.83,8,Dhaka,4,8/4/2014
CUST03745,754,1844.32,7,Rangpur,1,1/7/2017
CUST03746,457,597.09,8,Rajshahi,3,10/31/2017
CUST03747,2398,1291.99,3,Khulna,1,7/8/2012
CUST03748,1977,237.37,8,Nilphamari,1,9/2/2013
CUST03749,1389,447.91,10,Dhaka,3,4/13/2015
CUST03750,1210,2785.75,9,Khulna,3,10/9/2015
CUST03751,1364,2500.38,10,Khulna,4,5/8/2015
CUST03752,299,637.36,8,Saidpur,4,4/7/2018
CUST03753,1408,1647.98,7,Mymensingh,1,3/25/2015
CUST03754,2214,1570.55,11,Dhaka,4,1/8/2013
CUST03755,458,1870.52,6,Saidpur,4,10/30/2017
CUST03756,2066,2250.29,9,Nilphamari,2,6/5/2013
CUST03757,1885,496.98,8,Dinajpur,3,12/3/2013
CUST03758,757,2509.2,8,Chattogram,1,1/4/2017
CUST03759,1529,4979.26,12,Rangpur,1,11/24/2014
CUST03760,711,2487.86,6,Nilphamari,4,2/19/2017
CUST03761,1626,760.55,11,Chattogram,4,8/19/2014
CUST03762,2189,1524.68,9,Chattogram,3,2/2/2013
CUST03763,1226,3497.33,8,Saidpur,4,9/23/2015
CUST03764,1159,1320.61,6,Rangpur,1,11/29/2015
CUST03765,253,682.51,8,Dinajpur,3,5/23/2018
CUST03766,853,2216.67,9,Nilphamari,3,9/30/2016
CUST03767,2263,1398.32,8,Nilphamari,1,11/20/2012
CUST03768,74,972.51,9,Rajshahi,3,11/18/2018
CUST03769,1780,5231.67,10,Rangpur,4,3/18/2014
CUST03770,853,1228.98,13,Dinajpur,3,9/30/2016
CUST03771,744,1656.21,3,Khulna,1,1/17/2017
CUST03772,1799,1278.96,7,Dhaka,3,2/27/2014
CUST03773,2432,1701.77,11,Dhaka,3,6/4/2012
CUST03774,1196,2574.87,8,Khulna,1,10/23/2015
CUST03775,2494,1717.04,11,Rangpur,3,4/3/2012
CUST03776,600,2990.79,10,Saidpur,4,6/10/2017
CUST03777,1383,1436.99,7,Mymensingh,4,4/19/2015
CUST03778,2022,1419,16,Dhaka,1,7/19/2013
CUST03779,2478,6314.81,10,Chattogram,2,4/19/2012
CUST03780,1999,2196.31,6,Khulna,4,8/11/2013
CUST03781,2039,591.28,6,Dinajpur,1,7/2/2013
CUST03782,2045,1593.12,8,Saidpur,2,6/26/2013
CUST03783,193,1310.79,8,Rajshahi,4,7/22/2018
CUST03784,2402,850.28,15,Mymensingh,1,7/4/2012
CUST03785,683,2076.52,8,Dinajpur,4,3/19/2017
CUST03786,869,4730.69,8,Sylhet,2,9/14/2016
CUST03787,2054,875.36,7,Khulna,1,6/17/2013
CUST03788,560,1015.14,6,Mymensingh,2,7/20/2017
CUST03789,2332,595.07,8,Mymensingh,1,9/12/2012
CUST03790,1898,2112.04,10,Khulna,4,11/20/2013
CUST03791,1931,2682.63,7,Dinajpur,2,10/18/2013
CUST03792,655,1047.36,9,Rajshahi,2,4/16/2017
CUST03793,970,792.66,7,Saidpur,4,6/5/2016
CUST03794,1041,3679.74,11,Dinajpur,2,3/26/2016
CUST03795,908,1549.52,10,Dhaka,2,8/6/2016
CUST03796,1286,603.23,6,Dhaka,3,7/25/2015
CUST03797,1862,677.69,12,Khulna,2,12/26/2013
CUST03798,660,1414.74,16,Nilphamari,3,4/11/2017
CUST03799,1773,1609.46,8,Mymensingh,1,3/25/2014
CUST03800,2182,585.81,5,Rangpur,2,2/9/2013
CUST03801,1760,2174.75,12,Khulna,3,4/7/2014
CUST03802,2361,1124.16,5,Dhaka,2,8/14/2012
CUST03803,1878,506.17,13,Saidpur,1,12/10/2013
CUST03804,2459,2018.42,12,Rajshahi,3,5/8/2012
CUST03805,976,1621.14,11,Saidpur,2,5/30/2016
CUST03806,453,1251.66,9,Nilphamari,2,11/4/2017
CUST03807,1427,1103.12,9,Chattogram,4,3/6/2015
CUST03808,1886,1115.17,10,Rajshahi,1,12/2/2013
CUST03809,2254,2362.81,13,Saidpur,4,11/29/2012
CUST03810,606,1239.95,4,Nilphamari,1,6/4/2017
CUST03811,1969,575.7,3,Dinajpur,3,9/10/2013
CUST03812,1181,581.7,9,Sylhet,3,11/7/2015
CUST03813,1830,1264.47,6,Mymensingh,3,1/27/2014
CUST03814,589,770.29,7,Sylhet,4,6/21/2017
CUST03815,1828,3853.93,9,Mymensingh,2,1/29/2014
CUST03816,737,810.3,9,Mymensingh,2,1/24/2017
CUST03817,740,749.09,9,Dhaka,1,1/21/2017
CUST03818,2164,405.02,10,Sylhet,2,2/27/2013
CUST03819,1173,2108.39,5,Dhaka,2,11/15/2015
CUST03820,491,915.32,11,Chattogram,3,9/27/2017
CUST03821,910,1699.8,11,Saidpur,4,8/4/2016
CUST03822,2486,1039.42,3,Rangpur,1,4/11/2012
CUST03823,1939,1805.41,7,Nilphamari,2,10/10/2013
CUST03824,1235,1323.55,7,Khulna,1,9/14/2015
CUST03825,2083,1800.9,9,Chattogram,4,5/19/2013
CUST03826,1729,1292.16,10,Nilphamari,4,5/8/2014
CUST03827,1158,1103.08,7,Rangpur,2,11/30/2015
CUST03828,1486,1365.29,16,Dinajpur,3,1/6/2015
CUST03829,380,452.68,10,Saidpur,1,1/16/2018
CUST03830,297,432.08,7,Dinajpur,4,4/9/2018
CUST03831,2238,1627.2,10,Rajshahi,4,12/15/2012
CUST03832,938,1543.34,12,Rajshahi,4,7/7/2016
CUST03833,1308,1184.75,7,Rangpur,4,7/3/2015
CUST03834,465,1400.02,12,Rangpur,1,10/23/2017
CUST03835,777,4060.9,10,Nilphamari,2,12/15/2016
CUST03836,373,1134.69,9,Nilphamari,4,1/23/2018
CUST03837,1102,985.19,11,Rangpur,4,1/25/2016
CUST03838,1323,826.07,12,Khulna,1,6/18/2015
CUST03839,1596,417.5,8,Dhaka,3,9/18/2014
CUST03840,274,1407.18,4,Mymensingh,2,5/2/2018
CUST03841,2239,1231.23,4,Dinajpur,1,12/14/2012
CUST03842,498,1168.43,11,Dhaka,3,9/20/2017
CUST03843,324,1469.75,11,Rajshahi,1,3/13/2018
CUST03844,1975,1268.06,8,Rajshahi,1,9/4/2013
CUST03845,1405,698.83,9,Sylhet,4,3/28/2015
CUST03846,658,2511.95,8,Rajshahi,1,4/13/2017
CUST03847,1118,1924.61,8,Rangpur,2,1/9/2016
CUST03848,1354,3143.44,6,Dhaka,4,5/18/2015
CUST03849,1442,2485.6,6,Rajshahi,4,2/19/2015
CUST03850,78,420.58,9,Rajshahi,1,11/14/2018
CUST03851,903,3286.81,8,Rangpur,3,8/11/2016
CUST03852,1118,661.95,10,Rangpur,3,1/9/2016
CUST03853,955,1724.16,8,Khulna,4,6/20/2016
CUST03854,967,1927.44,14,Nilphamari,2,6/8/2016
CUST03855,850,2288.35,12,Sylhet,1,10/3/2016
CUST03856,805,1983.82,13,Rajshahi,2,11/17/2016
CUST03857,670,676.62,9,Sylhet,4,4/1/2017
CUST03858,1439,954.3,12,Rajshahi,4,2/22/2015
CUST03859,919,1834.22,8,Mymensingh,4,7/26/2016
CUST03860,452,3767.09,9,Rajshahi,1,11/5/2017
CUST03861,2384,875.47,9,Mymensingh,3,7/22/2012
CUST03862,1067,2087.56,13,Nilphamari,3,2/29/2016
CUST03863,2477,2047.2,8,Khulna,1,4/20/2012
CUST03864,2136,943.3,11,Mymensingh,4,3/27/2013
CUST03865,387,1140.06,9,Chattogram,2,1/9/2018
CUST03866,699,4432.45,11,Mymensingh,2,3/3/2017
CUST03867,1966,832.64,6,Rangpur,1,9/13/2013
CUST03868,685,830.19,12,Khulna,4,3/17/2017
CUST03869,2020,580.87,7,Chattogram,4,7/21/2013
CUST03870,1444,2340.75,9,Sylhet,1,2/17/2015
CUST03871,181,1098.37,9,Mymensingh,2,8/3/2018
CUST03872,635,1621.84,6,Nilphamari,3,5/6/2017
CUST03873,2389,2798.96,8,Chattogram,4,7/17/2012
CUST03874,768,1241.42,7,Chattogram,2,12/24/2016
CUST03875,1786,570.85,6,Dinajpur,3,3/12/2014
CUST03876,1758,686.74,7,Sylhet,4,4/9/2014
CUST03877,606,1476.64,7,Dinajpur,2,6/4/2017
CUST03878,2203,1349.27,6,Nilphamari,4,1/19/2013
CUST03879,1256,344.7,7,Saidpur,4,8/24/2015
CUST03880,1455,651.01,9,Dhaka,1,2/6/2015
CUST03881,1327,3398.15,5,Khulna,3,6/14/2015
CUST03882,1758,316.28,5,Rajshahi,1,4/9/2014
CUST03883,1280,929.47,3,Dinajpur,2,7/31/2015
CUST03884,1988,480.73,9,Mymensingh,1,8/22/2013
CUST03885,2134,761.82,7,Saidpur,3,3/29/2013
CUST03886,1273,1175.73,12,Khulna,4,8/7/2015
CUST03887,2156,1060.66,7,Dinajpur,3,3/7/2013
CUST03888,1579,676.95,8,Sylhet,1,10/5/2014
CUST03889,1614,1626.24,13,Mymensingh,1,8/31/2014
CUST03890,2454,1587.24,10,Sylhet,1,5/13/2012
CUST03891,854,1169.4,6,Dinajpur,1,9/29/2016
CUST03892,1968,2213.73,10,Saidpur,3,9/11/2013
CUST03893,1932,1221.33,15,Chattogram,2,10/17/2013
CUST03894,65,2229.6,10,Nilphamari,2,11/27/2018
CUST03895,2092,838.2,13,Rajshahi,4,5/10/2013
CUST03896,1357,2371.67,11,Dhaka,2,5/15/2015
CUST03897,2113,1941.83,11,Khulna,3,4/19/2013
CUST03898,1267,1616.23,8,Nilphamari,2,8/13/2015
CUST03899,623,1128.62,7,Sylhet,3,5/18/2017
CUST03900,1579,1510.57,12,Dinajpur,1,10/5/2014
CUST03901,568,1800.53,13,Saidpur,2,7/12/2017
CUST03902,1743,1436.43,15,Chattogram,2,4/24/2014
CUST03903,429,1499.17,8,Sylhet,4,11/28/2017
CUST03904,520,1609.53,10,Mymensingh,1,8/29/2017
CUST03905,716,1509.79,10,Sylhet,4,2/14/2017
CUST03906,1920,964.17,8,Rangpur,4,10/29/2013
CUST03907,2003,1746.02,8,Sylhet,1,8/7/2013
CUST03908,512,922.57,14,Khulna,2,9/6/2017
CUST03909,885,1629.65,6,Mymensingh,2,8/29/2016
CUST03910,1422,1455.76,14,Rangpur,1,3/11/2015
CUST03911,340,2214.4,9,Chattogram,1,2/25/2018
CUST03912,574,1103.75,9,Rajshahi,4,7/6/2017
CUST03913,589,986.48,12,Rajshahi,4,6/21/2017
CUST03914,1055,1077.38,11,Chattogram,1,3/12/2016
CUST03915,463,1130.08,11,Mymensingh,2,10/25/2017
CUST03916,724,1856.71,10,Rangpur,1,2/6/2017
CUST03917,819,1071.08,11,Nilphamari,4,11/3/2016
CUST03918,164,1236.87,11,Sylhet,1,8/20/2018
CUST03919,1933,1406.14,12,Mymensingh,1,10/16/2013
CUST03920,1804,697.43,10,Saidpur,3,2/22/2014
CUST03921,1785,1132.42,9,Sylhet,3,3/13/2014
CUST03922,2106,1252.09,9,Saidpur,1,4/26/2013
CUST03923,950,1232.21,7,Sylhet,1,6/25/2016
CUST03924,1067,783.44,6,Rajshahi,3,2/29/2016
CUST03925,1186,2082.24,6,Dhaka,4,11/2/2015
CUST03926,1823,1893.27,8,Dinajpur,3,2/3/2014
CUST03927,1418,1185.16,6,Khulna,2,3/15/2015
CUST03928,1732,961.16,4,Chattogram,4,5/5/2014
CUST03929,1783,1549.81,11,Saidpur,2,3/15/2014
CUST03930,2421,1782.37,11,Rangpur,4,6/15/2012
CUST03931,411,1927.68,11,Sylhet,4,12/16/2017
CUST03932,74,1445.48,11,Dhaka,4,11/18/2018
CUST03933,385,883.04,12,Chattogram,1,1/11/2018
CUST03934,1750,1263.31,10,Chattogram,2,4/17/2014
CUST03935,1560,1283.86,15,Rangpur,1,10/24/2014
CUST03936,2272,724.38,5,Rangpur,2,11/11/2012
CUST03937,280,4093.27,6,Dhaka,1,4/26/2018
CUST03938,2146,1248.66,7,Rangpur,2,3/17/2013
CUST03939,1792,1271.19,15,Rangpur,4,3/6/2014
CUST03940,610,2524.07,15,Sylhet,2,5/31/2017
CUST03941,546,1317.69,11,Nilphamari,2,8/3/2017
CUST03942,2352,1772.17,8,Saidpur,4,8/23/2012
CUST03943,1151,930.88,9,Saidpur,2,12/7/2015
CUST03944,606,1806.97,8,Nilphamari,3,6/4/2017
CUST03945,2055,2027.44,6,Rajshahi,2,6/16/2013
CUST03946,1323,1005.9,8,Sylhet,1,6/18/2015
CUST03947,2471,607.32,8,Dhaka,1,4/26/2012
CUST03948,440,1376.09,9,Rangpur,4,11/17/2017
CUST03949,1274,415.47,9,Khulna,1,8/6/2015
CUST03950,985,776.64,12,Rangpur,2,5/21/2016
CUST03951,1031,765.51,6,Nilphamari,3,4/5/2016
CUST03952,974,2868.75,7,Chattogram,3,6/1/2016
CUST03953,2194,2669.39,10,Sylhet,3,1/28/2013
CUST03954,1279,524.26,8,Saidpur,1,8/1/2015
CUST03955,2145,2429.19,7,Dinajpur,1,3/18/2013
CUST03956,1948,1727.9,11,Khulna,3,10/1/2013
CUST03957,56,934.04,17,Dhaka,4,12/6/2018
CUST03958,1621,813.96,9,Khulna,1,8/24/2014
CUST03959,2288,2141.5,11,Dhaka,1,10/26/2012
CUST03960,1534,3976.94,9,Nilphamari,4,11/19/2014
CUST03961,561,2388.24,9,Nilphamari,4,7/19/2017
CUST03962,30,1409.42,9,Dinajpur,3,1/1/2019
CUST03963,715,567.63,6,Saidpur,2,2/15/2017
CUST03964,768,992.9,9,Dinajpur,2,12/24/2016
CUST03965,834,1399.14,13,Chattogram,1,10/19/2016
CUST03966,803,959.16,9,Dinajpur,2,11/19/2016
CUST03967,146,1394.68,6,Chattogram,1,9/7/2018
CUST03968,1471,4198.8,7,Mymensingh,3,1/21/2015
CUST03969,910,533.85,7,Saidpur,1,8/4/2016
CUST03970,106,819.08,12,Chattogram,1,10/17/2018
CUST03971,1825,1080.87,7,Dinajpur,2,2/1/2014
CUST03972,459,1886.3,6,Saidpur,3,10/29/2017
CUST03973,907,476.04,12,Dhaka,1,8/7/2016
CUST03974,1340,1561.39,9,Nilphamari,4,6/1/2015
CUST03975,1375,3885.21,6,Khulna,3,4/27/2015
CUST03976,871,2081.65,7,Nilphamari,4,9/12/2016
CUST03977,544,1152.17,15,Dinajpur,1,8/5/2017
CUST03978,549,3407.52,13,Sylhet,3,7/31/2017
CUST03979,2079,945.44,10,Dhaka,1,5/23/2013
CUST03980,1660,1233.23,9,Nilphamari,3,7/16/2014
CUST03981,587,1259.52,7,Mymensingh,2,6/23/2017
CUST03982,585,2270.97,11,Rajshahi,3,6/25/2017
CUST03983,735,2862.04,9,Rangpur,4,1/26/2017
CUST03984,182,2668.66,10,Nilphamari,2,8/2/2018
CUST03985,1726,3810.71,7,Rangpur,2,5/11/2014
CUST03986,900,2123.76,8,Saidpur,1,8/14/2016
CUST03987,2407,1200.14,12,Nilphamari,2,6/29/2012
CUST03988,1291,1623.39,7,Dhaka,1,7/20/2015
CUST03989,623,1700.28,13,Khulna,2,5/18/2017
CUST03990,266,711.49,6,Sylhet,4,5/10/2018
CUST03991,526,1763.69,11,Rangpur,3,8/23/2017
CUST03992,1869,251.87,13,Mymensingh,4,12/19/2013
CUST03993,2026,1548.42,11,Sylhet,2,7/15/2013
CUST03994,609,1002.21,9,Rajshahi,2,6/1/2017
CUST03995,1879,407.24,6,Dhaka,1,12/9/2013
CUST03996,1842,1003.41,8,Dinajpur,4,1/15/2014
CUST03997,2341,926.6,11,Rajshahi,2,9/3/2012
CUST03998,2349,1514.38,10,Mymensingh,4,8/26/2012
CUST03999,284,2471.66,10,Sylhet,2,4/22/2018
CUST04000,260,569.13,8,Mymensingh,3,5/16/2018
CUST04001,509,630.82,6,Saidpur,1,9/9/2017
CUST04002,1021,768.86,11,Dinajpur,4,4/15/2016
CUST04003,716,3223.21,11,Mymensingh,1,2/14/2017
CUST04004,830,1156.95,9,Chattogram,3,10/23/2016
CUST04005,2041,1072.84,8,Nilphamari,2,6/30/2013
CUST04006,63,3240.15,11,Mymensingh,2,11/29/2018
CUST04007,1481,1337.37,7,Nilphamari,4,1/11/2015
CUST04008,1980,1186.08,8,Mymensingh,4,8/30/2013
CUST04009,1740,960.47,6,Rangpur,1,4/27/2014
CUST04010,2182,1620.18,10,Saidpur,4,2/9/2013
CUST04011,1662,1948.08,5,Mymensingh,1,7/14/2014
CUST04012,2237,1066.47,9,Sylhet,1,12/16/2012
CUST04013,1923,781.86,7,Dhaka,3,10/26/2013
CUST04014,460,760.66,11,Dinajpur,1,10/28/2017
CUST04015,2405,1590.59,8,Sylhet,4,7/1/2012
CUST04016,390,714.53,7,Mymensingh,2,1/6/2018
CUST04017,2483,1904.05,8,Nilphamari,2,4/14/2012
CUST04018,634,436.81,6,Saidpur,3,5/7/2017
CUST04019,2462,2804.83,6,Mymensingh,1,5/5/2012
CUST04020,602,1421.16,10,Mymensingh,1,6/8/2017
CUST04021,1144,1577.69,8,Nilphamari,3,12/14/2015
CUST04022,1313,417.93,5,Dinajpur,4,6/28/2015
CUST04023,1350,1467.59,2,Mymensingh,2,5/22/2015
CUST04024,2064,448.68,13,Chattogram,4,6/7/2013
CUST04025,2098,960.16,13,Nilphamari,1,5/4/2013
CUST04026,1468,1746.38,8,Mymensingh,4,1/24/2015
CUST04027,1988,1046.04,9,Khulna,2,8/22/2013
CUST04028,1587,2168.49,17,Saidpur,3,9/27/2014
CUST04029,1528,940.22,4,Nilphamari,4,11/25/2014
CUST04030,1227,1148.75,15,Chattogram,3,9/22/2015
CUST04031,104,909.38,6,Sylhet,4,10/19/2018
CUST04032,225,577.53,10,Khulna,3,6/20/2018
CUST04033,130,1338.17,8,Rajshahi,1,9/23/2018
CUST04034,2165,493.95,10,Chattogram,2,2/26/2013
CUST04035,463,1173.6,7,Saidpur,2,10/25/2017
CUST04036,803,4686.25,12,Dinajpur,1,11/19/2016
CUST04037,228,2864.89,12,Saidpur,3,6/17/2018
CUST04038,1178,2057.7,10,Saidpur,3,11/10/2015
CUST04039,1671,585.5,10,Dinajpur,3,7/5/2014
CUST04040,1477,2061.25,11,Nilphamari,2,1/15/2015
CUST04041,1397,793.59,14,Dinajpur,2,4/5/2015
CUST04042,87,1591.61,8,Khulna,1,11/5/2018
CUST04043,600,588.6,13,Dhaka,3,6/10/2017
CUST04044,973,2117.05,4,Khulna,1,6/2/2016
CUST04045,1957,2360.48,8,Chattogram,4,9/22/2013
CUST04046,463,2608.28,12,Rajshahi,3,10/25/2017
CUST04047,1631,629.76,9,Dhaka,2,8/14/2014
CUST04048,904,1350.18,7,Dinajpur,3,8/10/2016
CUST04049,1841,2650.96,6,Rangpur,2,1/16/2014
CUST04050,1180,978.79,11,Dinajpur,4,11/8/2015
CUST04051,2450,2207.78,8,Khulna,3,5/17/2012
CUST04052,1345,1053.39,15,Chattogram,2,5/27/2015
CUST04053,184,1428.85,17,Chattogram,3,7/31/2018
CUST04054,1459,635.56,8,Rajshahi,4,2/2/2015
CUST04055,1488,2128.85,7,Khulna,3,1/4/2015
CUST04056,2358,2661.65,11,Saidpur,4,8/17/2012
CUST04057,2026,592.5,7,Rangpur,3,7/15/2013
CUST04058,1163,1188.77,7,Khulna,3,11/25/2015
CUST04059,265,1170.58,12,Dhaka,4,5/11/2018
CUST04060,221,713.16,12,Rajshahi,1,6/24/2018
CUST04061,1440,1393.98,11,Rangpur,3,2/21/2015
CUST04062,1655,876.12,7,Rajshahi,1,7/21/2014
CUST04063,423,813.38,12,Mymensingh,3,12/4/2017
CUST04064,78,1036.85,6,Khulna,2,11/14/2018
CUST04065,273,1514.51,10,Rangpur,3,5/3/2018
CUST04066,2196,702.05,8,Mymensingh,1,1/26/2013
CUST04067,2254,991.33,11,Nilphamari,2,11/29/2012
CUST04068,252,2521.35,8,Nilphamari,1,5/24/2018
CUST04069,1592,1600.08,9,Rajshahi,3,9/22/2014
CUST04070,442,905.76,8,Dhaka,4,11/15/2017
CUST04071,2271,497.32,9,Chattogram,2,11/12/2012
CUST04072,2162,1895.35,8,Rajshahi,4,3/1/2013
CUST04073,2043,413.45,7,Saidpur,4,6/28/2013
CUST04074,444,1341.6,15,Chattogram,4,11/13/2017
CUST04075,2453,1756.97,8,Rajshahi,4,5/14/2012
CUST04076,2464,2266.24,8,Dhaka,1,5/3/2012
CUST04077,1424,969.51,8,Chattogram,4,3/9/2015
CUST04078,1813,1630.12,9,Dhaka,2,2/13/2014
CUST04079,1037,1286.53,8,Saidpur,2,3/30/2016
CUST04080,1205,730.01,8,Rajshahi,3,10/14/2015
CUST04081,286,966.33,9,Rajshahi,3,4/20/2018
CUST04082,271,1763.15,6,Rajshahi,1,5/5/2018
CUST04083,286,2610.94,11,Chattogram,4,4/20/2018
CUST04084,176,1511.17,10,Dhaka,2,8/8/2018
CUST04085,645,5397.07,8,Saidpur,4,4/26/2017
CUST04086,877,1517.9,6,Mymensingh,2,9/6/2016
CUST04087,2003,1309.77,6,Sylhet,2,8/7/2013
CUST04088,2092,1900.51,9,Chattogram,2,5/10/2013
CUST04089,1648,1103.88,10,Sylhet,1,7/28/2014
CUST04090,323,944.89,10,Nilphamari,1,3/14/2018
CUST04091,909,2347.24,11,Sylhet,2,8/5/2016
CUST04092,2375,732.21,16,Chattogram,2,7/31/2012
CUST04093,268,435.81,7,Chattogram,3,5/8/2018
CUST04094,2294,1322.33,4,Khulna,1,10/20/2012
CUST04095,1015,1319.23,9,Dhaka,2,4/21/2016
CUST04096,1247,1398.91,3,Chattogram,2,9/2/2015
CUST04097,548,1740.64,11,Chattogram,4,8/1/2017
CUST04098,281,2331.9,8,Rajshahi,4,4/25/2018
CUST04099,1072,975.19,9,Rajshahi,2,2/24/2016
CUST04100,518,1352.38,9,Mymensingh,1,8/31/2017
CUST04101,2209,2856.56,11,Dinajpur,4,1/13/2013
CUST04102,1383,1710.27,10,Nilphamari,2,4/19/2015
CUST04103,1530,814.18,12,Rajshahi,3,11/23/2014
CUST04104,1959,2178.62,9,Mymensingh,4,9/20/2013
CUST04105,1844,912.15,7,Dhaka,4,1/13/2014
CUST04106,1182,716.58,12,Chattogram,2,11/6/2015
CUST04107,2250,734.84,12,Dinajpur,2,12/3/2012
CUST04108,1550,1318.89,13,Khulna,3,11/3/2014
CUST04109,435,3942.09,6,Rajshahi,1,11/22/2017
CUST04110,276,2622.05,12,Chattogram,1,4/30/2018
CUST04111,1019,1295.52,6,Sylhet,4,4/17/2016
CUST04112,2048,2853.15,16,Sylhet,4,6/23/2013
CUST04113,2096,931.06,9,Sylhet,4,5/6/2013
CUST04114,303,2428.73,11,Dinajpur,1,4/3/2018
CUST04115,2420,1765.94,9,Dinajpur,4,6/16/2012
CUST04116,264,1225.28,13,Nilphamari,3,5/12/2018
CUST04117,2431,937.17,6,Mymensingh,3,6/5/2012
CUST04118,1852,1967.91,6,Saidpur,3,1/5/2014
CUST04119,1023,1952.85,6,Saidpur,1,4/13/2016
CUST04120,206,206.05,7,Rajshahi,4,7/9/2018
CUST04121,1637,840.46,8,Chattogram,1,8/8/2014
CUST04122,2436,1206.27,10,Mymensingh,4,5/31/2012
CUST04123,794,657.78,11,Khulna,4,11/28/2016
CUST04124,221,1607.62,5,Dinajpur,3,6/24/2018
CUST04125,1591,353.8,4,Khulna,2,9/23/2014
CUST04126,2094,849.32,9,Chattogram,3,5/8/2013
CUST04127,286,892.97,8,Dhaka,1,4/20/2018
CUST04128,1099,1095.84,5,Dhaka,1,1/28/2016
CUST04129,1318,1348.45,7,Mymensingh,2,6/23/2015
CUST04130,43,1779.46,14,Sylhet,2,12/19/2018
CUST04131,780,1672.66,13,Rangpur,3,12/12/2016
CUST04132,415,1404.41,11,Nilphamari,2,12/12/2017
CUST04133,88,2081.39,17,Rangpur,2,11/4/2018
CUST04134,1520,833.78,12,Dinajpur,3,12/3/2014
CUST04135,1511,869.82,8,Dhaka,4,12/12/2014
CUST04136,357,902.13,8,Rajshahi,1,2/8/2018
CUST04137,732,1719.04,9,Chattogram,3,1/29/2017
CUST04138,56,1835.03,8,Sylhet,4,12/6/2018
CUST04139,1577,2108.62,9,Dinajpur,1,10/7/2014
CUST04140,303,2435.29,5,Saidpur,1,4/3/2018
CUST04141,2025,1220.99,9,Dhaka,3,7/16/2013
CUST04142,302,2247.97,6,Saidpur,4,4/4/2018
CUST04143,586,1154.74,6,Mymensingh,3,6/24/2017
CUST04144,1530,473.83,7,Dinajpur,1,11/23/2014
CUST04145,2455,689.54,10,Rangpur,4,5/12/2012
CUST04146,1520,1539.94,5,Saidpur,3,12/3/2014
CUST04147,42,4385.06,10,Rangpur,1,12/20/2018
CUST04148,1829,1464.49,11,Mymensingh,3,1/28/2014
CUST04149,1120,1800.96,7,Dinajpur,1,1/7/2016
CUST04150,1905,1829.92,6,Chattogram,1,11/13/2013
CUST04151,2450,1111.25,8,Rajshahi,2,5/17/2012
CUST04152,319,1915.69,8,Dhaka,2,3/18/2018
CUST04153,870,1067.41,6,Khulna,1,9/13/2016
CUST04154,134,1765.57,13,Dinajpur,2,9/19/2018
CUST04155,585,1508.22,8,Dhaka,4,6/25/2017
CUST04156,1857,953.07,11,Chattogram,4,12/31/2013
CUST04157,427,1910.9,9,Nilphamari,1,11/30/2017
CUST04158,1186,987.35,9,Rajshahi,3,11/2/2015
CUST04159,899,789.8,7,Rangpur,4,8/15/2016
CUST04160,2180,1073.66,9,Saidpur,2,2/11/2013
CUST04161,2262,1488.38,9,Khulna,3,11/21/2012
CUST04162,116,953.41,7,Khulna,1,10/7/2018
CUST04163,617,856.9,8,Nilphamari,4,5/24/2017
CUST04164,1748,457.64,5,Saidpur,2,4/19/2014
CUST04165,2284,3176.3,13,Khulna,2,10/30/2012
CUST04166,1308,979.58,11,Chattogram,4,7/3/2015
CUST04167,1955,1409.88,6,Khulna,4,9/24/2013
CUST04168,2307,626.29,10,Nilphamari,1,10/7/2012
CUST04169,1263,2328.37,6,Khulna,1,8/17/2015
CUST04170,45,617.53,12,Saidpur,3,12/17/2018
CUST04171,1941,761.1,5,Rajshahi,3,10/8/2013
CUST04172,994,2964.32,9,Rajshahi,4,5/12/2016
CUST04173,401,834.57,11,Rajshahi,1,12/26/2017
CUST04174,2072,791.64,13,Khulna,3,5/30/2013
CUST04175,567,1229.5,9,Rajshahi,2,7/13/2017
CUST04176,1371,2136.99,10,Dhaka,1,5/1/2015
CUST04177,2377,1513.71,9,Nilphamari,2,7/29/2012
CUST04178,199,1305.01,17,Khulna,4,7/16/2018
CUST04179,648,379.72,5,Dhaka,1,4/23/2017
CUST04180,567,437.9,10,Saidpur,4,7/13/2017
CUST04181,1949,292.97,11,Saidpur,1,9/30/2013
CUST04182,880,3043.2,8,Rangpur,3,9/3/2016
CUST04183,1006,631.67,9,Dinajpur,2,4/30/2016
CUST04184,2007,3417.07,8,Rajshahi,3,8/3/2013
CUST04185,1404,615.7,10,Dinajpur,4,3/29/2015
CUST04186,897,2477.53,5,Dhaka,1,8/17/2016
CUST04187,1588,1677.07,13,Rangpur,3,9/26/2014
CUST04188,227,1530.65,7,Dinajpur,2,6/18/2018
CUST04189,806,2486.19,6,Dhaka,3,11/16/2016
CUST04190,208,3372.55,10,Mymensingh,1,7/7/2018
CUST04191,1242,1476.27,11,Rangpur,4,9/7/2015
CUST04192,1123,2016.16,12,Dinajpur,4,1/4/2016
CUST04193,1541,2521.19,8,Nilphamari,3,11/12/2014
CUST04194,1804,2547.29,9,Rangpur,3,2/22/2014
CUST04195,206,630.77,8,Chattogram,3,7/9/2018
CUST04196,1381,2703.8,11,Sylhet,3,4/21/2015
CUST04197,604,744.01,12,Sylhet,3,6/6/2017
CUST04198,1761,648.63,7,Sylhet,3,4/6/2014
CUST04199,2191,2740.21,4,Dinajpur,2,1/31/2013
CUST04200,828,1130.67,11,Rajshahi,4,10/25/2016
CUST04201,2000,553.58,9,Dinajpur,3,8/10/2013
CUST04202,1281,902.93,12,Chattogram,2,7/30/2015
CUST04203,2022,934.65,11,Chattogram,4,7/19/2013
CUST04204,2014,1359.19,15,Nilphamari,1,7/27/2013
CUST04205,816,208.11,13,Nilphamari,2,11/6/2016
CUST04206,389,1584.84,4,Saidpur,1,1/7/2018
CUST04207,1119,1273.7,9,Saidpur,3,1/8/2016
CUST04208,1242,1143.4,10,Dinajpur,2,9/7/2015
CUST04209,905,807.99,5,Sylhet,4,8/9/2016
CUST04210,1080,1610.74,5,Sylhet,3,2/16/2016
CUST04211,153,569.45,7,Rajshahi,2,8/31/2018
CUST04212,2210,829.67,11,Sylhet,3,1/12/2013
CUST04213,663,2074.64,12,Sylhet,4,4/8/2017
CUST04214,1068,992.16,7,Rajshahi,2,2/28/2016
CUST04215,998,1240.46,9,Nilphamari,1,5/8/2016
CUST04216,616,1014.34,10,Dinajpur,1,5/25/2017
CUST04217,1807,600.5,7,Rajshahi,4,2/19/2014
CUST04218,1553,603.78,11,Khulna,2,10/31/2014
CUST04219,84,809.21,11,Dhaka,1,11/8/2018
CUST04220,61,1135.95,4,Khulna,2,12/1/2018
CUST04221,1454,1734.62,5,Saidpur,3,2/7/2015
CUST04222,2475,2944.53,17,Chattogram,4,4/22/2012
CUST04223,1896,1605.54,11,Rajshahi,4,11/22/2013
CUST04224,279,1424.02,11,Dinajpur,3,4/27/2018
CUST04225,268,479.99,12,Saidpur,3,5/8/2018
CUST04226,250,4078.25,9,Mymensingh,2,5/26/2018
CUST04227,409,757.33,10,Khulna,3,12/18/2017
CUST04228,460,1330.69,13,Dinajpur,2,10/28/2017
CUST04229,829,473.58,10,Saidpur,3,10/24/2016
CUST04230,47,590.5,10,Dinajpur,2,12/15/2018
CUST04231,483,863.52,12,Mymensingh,2,10/5/2017
CUST04232,377,3250.8,3,Khulna,3,1/19/2018
CUST04233,2471,1497.12,6,Nilphamari,1,4/26/2012
CUST04234,2051,3158.06,9,Rangpur,4,6/20/2013
CUST04235,2436,698.55,11,Khulna,3,5/31/2012
CUST04236,1391,2450.55,6,Chattogram,3,4/11/2015
CUST04237,908,1022.02,10,Khulna,3,8/6/2016
CUST04238,1867,1529.99,9,Mymensingh,2,12/21/2013
CUST04239,2006,926.5,12,Dinajpur,2,8/4/2013
CUST04240,683,1468.81,10,Chattogram,4,3/19/2017
CUST04241,123,856.22,6,Dhaka,3,9/30/2018
CUST04242,2287,897.02,10,Rajshahi,4,10/27/2012
CUST04243,340,2083.04,11,Dhaka,4,2/25/2018
CUST04244,1227,1410.75,15,Nilphamari,1,9/22/2015
CUST04245,83,479.26,4,Saidpur,1,11/9/2018
CUST04246,1306,1703.34,9,Saidpur,1,7/5/2015
CUST04247,2273,351.74,11,Mymensingh,2,11/10/2012
CUST04248,1722,2474.06,7,Nilphamari,4,5/15/2014
CUST04249,2076,1214.93,6,Chattogram,2,5/26/2013
CUST04250,2445,1476.85,7,Rajshahi,3,5/22/2012
CUST04251,364,698.86,6,Saidpur,4,2/1/2018
CUST04252,1815,4400.63,5,Sylhet,3,2/11/2014
CUST04253,470,2387.51,4,Mymensingh,2,10/18/2017
CUST04254,437,835.36,7,Saidpur,1,11/20/2017
CUST04255,2200,989.72,8,Dhaka,4,1/22/2013
CUST04256,2405,621.29,8,Chattogram,2,7/1/2012
CUST04257,1250,1404.16,11,Saidpur,2,8/30/2015
CUST04258,1902,785.71,6,Rangpur,2,11/16/2013
CUST04259,1790,964.76,7,Dinajpur,3,3/8/2014
CUST04260,454,1691.7,7,Dinajpur,4,11/3/2017
CUST04261,188,378.71,6,Saidpur,3,7/27/2018
CUST04262,2210,1532.74,9,Rajshahi,3,1/12/2013
CUST04263,2381,591.67,12,Khulna,1,7/25/2012
CUST04264,309,2845.09,10,Dinajpur,2,3/28/2018
CUST04265,430,534.9,6,Nilphamari,4,11/27/2017
CUST04266,639,1469.18,11,Chattogram,4,5/2/2017
CUST04267,727,1068.9,13,Dhaka,4,2/3/2017
CUST04268,344,2918.29,8,Khulna,4,2/21/2018
CUST04269,1258,862.76,11,Nilphamari,4,8/22/2015
CUST04270,369,937.4,3,Sylhet,3,1/27/2018
CUST04271,1028,1648.17,12,Nilphamari,4,4/8/2016
CUST04272,322,1277.55,8,Dinajpur,1,3/15/2018
CUST04273,484,508.86,9,Dinajpur,2,10/4/2017
CUST04274,1868,912.79,6,Sylhet,4,12/20/2013
CUST04275,602,2686.97,13,Khulna,2,6/8/2017
CUST04276,1907,891.37,7,Mymensingh,1,11/11/2013
CUST04277,1325,1104.76,7,Rajshahi,4,6/16/2015
CUST04278,2325,3999.19,12,Sylhet,1,9/19/2012
CUST04279,1016,1026.43,14,Rangpur,3,4/20/2016
CUST04280,280,1686.72,9,Chattogram,4,4/26/2018
CUST04281,1328,713.75,7,Dhaka,4,6/13/2015
CUST04282,734,857.8,10,Khulna,2,1/27/2017
CUST04283,2128,999.29,11,Khulna,2,4/4/2013
CUST04284,2105,1804.84,15,Saidpur,1,4/27/2013
CUST04285,726,1656.25,15,Mymensingh,3,2/4/2017
CUST04286,1036,512.96,6,Khulna,3,3/31/2016
CUST04287,1625,578.94,10,Saidpur,3,8/20/2014
CUST04288,453,962.46,7,Rangpur,4,11/4/2017
CUST04289,2109,4740.79,10,Saidpur,2,4/23/2013
CUST04290,986,1206.88,10,Khulna,4,5/20/2016
CUST04291,308,367.62,9,Chattogram,4,3/29/2018
CUST04292,1777,2503.52,11,Dhaka,2,3/21/2014
CUST04293,664,635.6,13,Sylhet,3,4/7/2017
CUST04294,1459,1980.63,6,Chattogram,2,2/2/2015
CUST04295,784,1222.42,8,Khulna,1,12/8/2016
CUST04296,1524,1122.72,13,Saidpur,1,11/29/2014
CUST04297,912,1078.21,7,Khulna,2,8/2/2016
CUST04298,2268,1147.86,11,Dinajpur,2,11/15/2012
CUST04299,2098,2638.44,10,Chattogram,4,5/4/2013
CUST04300,1733,1604.25,7,Khulna,1,5/4/2014
CUST04301,2014,888.07,9,Rangpur,2,7/27/2013
CUST04302,1258,966.22,8,Dhaka,1,8/22/2015
CUST04303,2275,1425.81,12,Saidpur,4,11/8/2012
CUST04304,964,853.46,6,Sylhet,1,6/11/2016
CUST04305,326,1015.24,14,Dhaka,2,3/11/2018
CUST04306,167,1152.58,8,Dhaka,2,8/17/2018
CUST04307,334,1329.88,13,Chattogram,2,3/3/2018
CUST04308,1727,743.52,14,Dinajpur,2,5/10/2014
CUST04309,1817,1362.06,5,Dinajpur,2,2/9/2014
CUST04310,1475,1775.8,6,Khulna,1,1/17/2015
CUST04311,216,1554.53,11,Rajshahi,3,6/29/2018
CUST04312,168,1131.37,8,Mymensingh,2,8/16/2018
CUST04313,93,271.62,14,Nilphamari,1,10/30/2018
CUST04314,597,1113.92,12,Sylhet,3,6/13/2017
CUST04315,128,736.16,5,Dinajpur,3,9/25/2018
CUST04316,609,723.01,8,Saidpur,3,6/1/2017
CUST04317,983,1139.86,6,Nilphamari,3,5/23/2016
CUST04318,2198,1558.37,10,Khulna,3,1/24/2013
CUST04319,1886,541.24,3,Khulna,4,12/2/2013
CUST04320,2201,809.03,14,Mymensingh,2,1/21/2013
CUST04321,2357,410.97,8,Sylhet,1,8/18/2012
CUST04322,234,407.04,9,Chattogram,1,6/11/2018
CUST04323,1801,1947.57,12,Chattogram,2,2/25/2014
CUST04324,1609,598.52,7,Sylhet,4,9/5/2014
CUST04325,269,1147.7,8,Rangpur,4,5/7/2018
CUST04326,263,1482.76,11,Khulna,3,5/13/2018
CUST04327,1868,960.1,6,Nilphamari,3,12/20/2013
CUST04328,63,2169.59,8,Dhaka,3,11/29/2018
CUST04329,397,902.99,9,Saidpur,4,12/30/2017
CUST04330,565,1350.91,5,Mymensingh,4,7/15/2017
CUST04331,572,234.93,15,Khulna,3,7/8/2017
CUST04332,2095,2132.97,6,Khulna,3,5/7/2013
CUST04333,1918,2165.15,7,Nilphamari,2,10/31/2013
CUST04334,397,1133.68,10,Rangpur,2,12/30/2017
CUST04335,1675,754.16,5,Saidpur,4,7/1/2014
CUST04336,1436,2641.32,13,Dinajpur,3,2/25/2015
CUST04337,573,669.02,15,Saidpur,1,7/7/2017
CUST04338,245,708.21,9,Chattogram,3,5/31/2018
CUST04339,1775,2553.04,10,Rangpur,4,3/23/2014
CUST04340,1377,642.25,13,Rangpur,1,4/25/2015
CUST04341,340,1602.12,9,Dinajpur,1,2/25/2018
CUST04342,2194,562.79,7,Dhaka,3,1/28/2013
CUST04343,872,1180.55,4,Nilphamari,4,9/11/2016
CUST04344,547,819.26,12,Sylhet,4,8/2/2017
CUST04345,2156,732.87,11,Rangpur,4,3/7/2013
CUST04346,2329,566.06,12,Mymensingh,4,9/15/2012
CUST04347,1038,794.35,7,Chattogram,3,3/29/2016
CUST04348,1572,600.62,8,Dhaka,2,10/12/2014
CUST04349,626,2373.81,11,Rajshahi,2,5/15/2017
CUST04350,2196,812.42,13,Rajshahi,1,1/26/2013
CUST04351,2149,706.66,8,Rajshahi,4,3/14/2013
CUST04352,1758,1022.14,9,Sylhet,2,4/9/2014
CUST04353,2256,1145.31,12,Rangpur,2,11/27/2012
CUST04354,2035,1286.32,10,Dinajpur,4,7/6/2013
CUST04355,1470,1963.66,10,Nilphamari,1,1/22/2015
CUST04356,1844,589.93,11,Nilphamari,4,1/13/2014
CUST04357,2433,1160.91,11,Rangpur,1,6/3/2012
CUST04358,857,2725.35,12,Sylhet,4,9/26/2016
CUST04359,211,858.09,15,Rangpur,2,7/4/2018
CUST04360,363,1728.37,6,Khulna,1,2/2/2018
CUST04361,2330,2567.41,9,Dinajpur,2,9/14/2012
CUST04362,1326,690.32,6,Dinajpur,4,6/15/2015
CUST04363,748,828.6,8,Dhaka,2,1/13/2017
CUST04364,2484,3185.91,10,Rajshahi,4,4/13/2012
CUST04365,1583,2882.71,6,Chattogram,3,10/1/2014
CUST04366,834,576.85,7,Sylhet,4,10/19/2016
CUST04367,450,355.12,8,Rajshahi,2,11/7/2017
CUST04368,1578,7803.51,7,Chattogram,3,10/6/2014
CUST04369,149,1204.07,13,Dhaka,4,9/4/2018
CUST04370,154,1301.41,7,Khulna,4,8/30/2018
CUST04371,871,1446.37,4,Chattogram,4,9/12/2016
CUST04372,805,1562.19,8,Rangpur,2,11/17/2016
CUST04373,1758,808.69,8,Khulna,1,4/9/2014
CUST04374,1915,730.77,7,Rajshahi,2,11/3/2013
CUST04375,753,3462.75,7,Rangpur,3,1/8/2017
CUST04376,1000,2609.27,10,Dinajpur,2,5/6/2016
CUST04377,1740,1658.85,11,Khulna,2,4/27/2014
CUST04378,904,390.2,8,Mymensingh,3,8/10/2016
CUST04379,425,1735.84,13,Mymensingh,2,12/2/2017
CUST04380,619,1765.9,14,Sylhet,1,5/22/2017
CUST04381,2370,2759.61,9,Rajshahi,1,8/5/2012
CUST04382,1116,663.43,7,Nilphamari,2,1/11/2016
CUST04383,1294,1991.62,5,Dhaka,1,7/17/2015
CUST04384,685,1170.57,10,Khulna,2,3/17/2017
CUST04385,549,3199.81,11,Rangpur,2,7/31/2017
CUST04386,2429,1809.94,8,Rajshahi,2,6/7/2012
CUST04387,1680,920.49,7,Saidpur,1,6/26/2014
CUST04388,1578,808.86,13,Mymensingh,1,10/6/2014
CUST04389,1935,1099.08,8,Saidpur,2,10/14/2013
CUST04390,729,1698.35,13,Dinajpur,4,2/1/2017
CUST04391,1908,459.78,10,Rangpur,3,11/10/2013
CUST04392,422,875.63,6,Dhaka,3,12/5/2017
CUST04393,66,1041.24,12,Dhaka,4,11/26/2018
CUST04394,1517,334.67,11,Sylhet,1,12/6/2014
CUST04395,1954,879.44,9,Chattogram,4,9/25/2013
CUST04396,1573,656.78,10,Sylhet,4,10/11/2014
CUST04397,770,1115.69,12,Nilphamari,4,12/22/2016
CUST04398,881,1746.49,8,Dhaka,3,9/2/2016
CUST04399,1762,1822.29,13,Chattogram,4,4/5/2014
CUST04400,1363,2085.04,13,Sylhet,4,5/9/2015
CUST04401,778,2468.9,7,Khulna,3,12/14/2016
CUST04402,304,753.33,15,Rangpur,4,4/2/2018
CUST04403,814,3647.01,8,Nilphamari,3,11/8/2016
CUST04404,894,1767.63,8,Mymensingh,3,8/20/2016
CUST04405,1932,1519.67,4,Nilphamari,4,10/17/2013
CUST04406,1236,1089.83,11,Rajshahi,2,9/13/2015
CUST04407,2179,1568.06,9,Dinajpur,3,2/12/2013
CUST04408,157,823.48,3,Khulna,3,8/27/2018
CUST04409,248,483.47,8,Saidpur,3,5/28/2018
CUST04410,387,588.41,5,Nilphamari,4,1/9/2018
CUST04411,1796,1355.95,8,Dinajpur,4,3/2/2014
CUST04412,1505,1236.27,4,Nilphamari,4,12/18/2014
CUST04413,759,619.03,8,Dhaka,3,1/2/2017
CUST04414,1871,1438.74,8,Dhaka,2,12/17/2013
CUST04415,146,631.21,8,Dinajpur,3,9/7/2018
CUST04416,1786,1089.78,14,Nilphamari,4,3/12/2014
CUST04417,115,1101.86,7,Dhaka,4,10/8/2018
CUST04418,901,940.76,12,Dhaka,2,8/13/2016
CUST04419,825,1628.43,14,Saidpur,1,10/28/2016
CUST04420,2280,931,6,Sylhet,4,11/3/2012
CUST04421,735,2284.65,7,Nilphamari,3,1/26/2017
CUST04422,882,1167.6,7,Dinajpur,2,9/1/2016
CUST04423,909,916.54,5,Rajshahi,2,8/5/2016
CUST04424,34,1412.38,9,Rajshahi,1,12/28/2018
CUST04425,351,1544.12,13,Dinajpur,2,2/14/2018
CUST04426,2170,1683.28,9,Mymensingh,2,2/21/2013
CUST04427,739,1700.61,13,Rangpur,1,1/22/2017
CUST04428,683,1988.36,6,Nilphamari,4,3/19/2017
CUST04429,1869,516.25,5,Mymensingh,3,12/19/2013
CUST04430,1031,775.96,9,Chattogram,3,4/5/2016
CUST04431,2043,3012.06,7,Rangpur,3,6/28/2013
CUST04432,400,504.01,12,Saidpur,4,12/27/2017
CUST04433,571,1932.07,4,Mymensingh,1,7/9/2017
CUST04434,1216,662.24,8,Mymensingh,4,10/3/2015
CUST04435,1541,1681.15,8,Dhaka,4,11/12/2014
CUST04436,1886,688.47,16,Sylhet,2,12/2/2013
CUST04437,328,606.6,14,Dhaka,3,3/9/2018
CUST04438,1413,492.8,5,Dinajpur,4,3/20/2015
CUST04439,2381,1337.76,9,Saidpur,4,7/25/2012
CUST04440,1162,1634.94,10,Rajshahi,1,11/26/2015
CUST04441,2184,2600.15,11,Rajshahi,4,2/7/2013
CUST04442,148,649.49,7,Chattogram,3,9/5/2018
CUST04443,1486,1768.71,8,Saidpur,3,1/6/2015
CUST04444,291,1730.23,9,Saidpur,3,4/15/2018
CUST04445,1432,2012.66,9,Nilphamari,2,3/1/2015
CUST04446,2400,1175.12,6,Saidpur,2,7/6/2012
CUST04447,785,1011.69,9,Rajshahi,3,12/7/2016
CUST04448,1351,1200.62,8,Saidpur,4,5/21/2015
CUST04449,852,2629.38,10,Mymensingh,2,10/1/2016
CUST04450,1609,2297.89,12,Dinajpur,4,9/5/2014
CUST04451,583,1138.03,10,Rangpur,2,6/27/2017
CUST04452,2468,968.25,9,Saidpur,3,4/29/2012
CUST04453,2461,1236.07,9,Mymensingh,3,5/6/2012
CUST04454,2164,914.4,9,Saidpur,4,2/27/2013
CUST04455,2457,1031.27,8,Mymensingh,1,5/10/2012
CUST04456,2342,1683.54,11,Mymensingh,4,9/2/2012
CUST04457,1347,1129.52,4,Khulna,1,5/25/2015
CUST04458,943,1309.73,10,Sylhet,2,7/2/2016
CUST04459,1389,491.26,11,Sylhet,1,4/13/2015
CUST04460,725,1728.17,10,Mymensingh,4,2/5/2017
CUST04461,681,982.95,10,Chattogram,4,3/21/2017
CUST04462,1420,1399.23,2,Rajshahi,1,3/13/2015
CUST04463,2147,686.34,12,Mymensingh,2,3/16/2013
CUST04464,2270,1558.17,11,Dhaka,4,11/13/2012
CUST04465,1266,875.43,3,Chattogram,4,8/14/2015
CUST04466,1513,825.92,4,Rajshahi,3,12/10/2014
CUST04467,1226,752.76,5,Chattogram,1,9/23/2015
CUST04468,506,2245.6,10,Rangpur,3,9/12/2017
CUST04469,1312,1192.3,11,Saidpur,3,6/29/2015
CUST04470,1357,1439.86,7,Nilphamari,1,5/15/2015
CUST04471,1792,1425.4,10,Mymensingh,4,3/6/2014
CUST04472,1624,1907.32,9,Rangpur,1,8/21/2014
CUST04473,912,2040.66,10,Sylhet,2,8/2/2016
CUST04474,2387,677.07,7,Rangpur,3,7/19/2012
CUST04475,2181,1308.24,9,Dinajpur,4,2/10/2013
CUST04476,141,1023.95,9,Mymensingh,2,9/12/2018
CUST04477,706,1513.11,8,Nilphamari,2,2/24/2017
CUST04478,2446,616.84,16,Sylhet,4,5/21/2012
CUST04479,191,1668.8,11,Saidpur,3,7/24/2018
CUST04480,1273,1259.03,10,Mymensingh,1,8/7/2015
CUST04481,562,1751.67,6,Dinajpur,1,7/18/2017
CUST04482,1543,1287.31,8,Saidpur,2,11/10/2014
CUST04483,1094,526.24,13,Rajshahi,3,2/2/2016
CUST04484,285,1873.01,2,Mymensingh,3,4/21/2018
CUST04485,712,911.46,10,Saidpur,4,2/18/2017
CUST04486,976,3464.63,9,Sylhet,2,5/30/2016
CUST04487,1280,1186.56,11,Sylhet,4,7/31/2015
CUST04488,1396,649.63,12,Nilphamari,3,4/6/2015
CUST04489,1003,2175.21,4,Sylhet,3,5/3/2016
CUST04490,1704,1706.65,12,Saidpur,3,6/2/2014
CUST04491,2240,963.68,9,Nilphamari,1,12/13/2012
CUST04492,1592,1571.19,9,Khulna,4,9/22/2014
CUST04493,909,462.42,9,Rajshahi,1,8/5/2016
CUST04494,1071,825.51,10,Saidpur,4,2/25/2016
CUST04495,2250,793.11,12,Khulna,2,12/3/2012
CUST04496,38,1386.19,7,Mymensingh,1,12/24/2018
CUST04497,2329,1365.18,9,Chattogram,1,9/15/2012
CUST04498,936,951.16,11,Dhaka,1,7/9/2016
CUST04499,1778,834.18,7,Mymensingh,4,3/20/2014
CUST04500,1260,1194.57,6,Mymensingh,3,8/20/2015
CUST04501,2419,1088.58,11,Khulna,1,6/17/2012
CUST04502,1869,534.82,9,Rangpur,2,12/19/2013
CUST04503,2195,800.21,13,Chattogram,3,1/27/2013
CUST04504,281,2228.42,8,Saidpur,4,4/25/2018
CUST04505,397,2604.37,7,Sylhet,1,12/30/2017
CUST04506,1782,1651.48,10,Rangpur,2,3/16/2014
CUST04507,1068,812.35,12,Dinajpur,1,2/28/2016
CUST04508,2387,1223.51,5,Rangpur,3,7/19/2012
CUST04509,148,2206.03,7,Sylhet,3,9/5/2018
CUST04510,1141,1604.44,9,Dhaka,2,12/17/2015
CUST04511,1785,1464.15,8,Dinajpur,4,3/13/2014
CUST04512,1558,1294.66,12,Mymensingh,4,10/26/2014
CUST04513,1978,717.31,7,Khulna,4,9/1/2013
CUST04514,697,1289.74,11,Dinajpur,4,3/5/2017
CUST04515,59,2691.13,6,Chattogram,3,12/3/2018
CUST04516,143,878.19,5,Khulna,2,9/10/2018
CUST04517,1780,641.32,10,Sylhet,4,3/18/2014
CUST04518,1120,4014.26,10,Dhaka,2,1/7/2016
CUST04519,2130,1414.7,8,Chattogram,4,4/2/2013
CUST04520,1194,477.77,9,Rangpur,1,10/25/2015
CUST04521,1199,626.54,11,Chattogram,1,10/20/2015
CUST04522,1552,1663.76,7,Chattogram,3,11/1/2014
CUST04523,1683,407.45,8,Rangpur,4,6/23/2014
CUST04524,2057,755.34,10,Sylhet,2,6/14/2013
CUST04525,108,1217.8,10,Dhaka,4,10/15/2018
CUST04526,829,823.51,5,Rangpur,3,10/24/2016
CUST04527,736,2324.42,8,Saidpur,2,1/25/2017
CUST04528,1404,4675.27,8,Khulna,3,3/29/2015
CUST04529,407,561.77,12,Mymensingh,4,12/20/2017
CUST04530,223,1042.41,11,Dhaka,4,6/22/2018
CUST04531,1162,435.01,6,Sylhet,3,11/26/2015
CUST04532,70,1175.85,10,Mymensingh,3,11/22/2018
CUST04533,419,1082.87,8,Chattogram,1,12/8/2017
CUST04534,2235,3090.86,12,Dinajpur,3,12/18/2012
CUST04535,454,2451.19,6,Dinajpur,2,11/3/2017
CUST04536,2055,436.66,12,Nilphamari,1,6/16/2013
CUST04537,1045,1884.98,13,Saidpur,4,3/22/2016
CUST04538,660,480.19,9,Dinajpur,1,4/11/2017
CUST04539,2482,1512.01,8,Sylhet,4,4/15/2012
CUST04540,583,2492.32,11,Dhaka,2,6/27/2017
CUST04541,995,2980.81,10,Rajshahi,2,5/11/2016
CUST04542,2371,1378.99,8,Sylhet,2,8/4/2012
CUST04543,1773,773.65,4,Dinajpur,2,3/25/2014
CUST04544,1598,825.08,10,Dhaka,1,9/16/2014
CUST04545,1154,833.46,7,Nilphamari,4,12/4/2015
CUST04546,1400,947.08,15,Rajshahi,4,4/2/2015
CUST04547,277,759.21,8,Rangpur,1,4/29/2018
CUST04548,885,1120.99,7,Chattogram,1,8/29/2016
CUST04549,1061,4533.41,7,Dinajpur,2,3/6/2016
CUST04550,882,485.13,7,Rajshahi,2,9/1/2016
CUST04551,2413,1042,9,Dinajpur,3,6/23/2012
CUST04552,1556,1446.35,10,Chattogram,4,10/28/2014
CUST04553,942,1037.81,10,Dhaka,1,7/3/2016
CUST04554,271,2908.81,8,Nilphamari,3,5/5/2018
CUST04555,2172,1016.43,10,Khulna,4,2/19/2013
CUST04556,1441,1388.76,9,Nilphamari,4,2/20/2015
CUST04557,1840,804.89,9,Dinajpur,1,1/17/2014
CUST04558,639,1073.94,6,Chattogram,3,5/2/2017
CUST04559,161,620.41,9,Rangpur,4,8/23/2018
CUST04560,244,1100.94,3,Nilphamari,1,6/1/2018
CUST04561,731,586.87,7,Khulna,3,1/30/2017
CUST04562,1092,1076.15,7,Mymensingh,1,2/4/2016
CUST04563,333,2370.49,13,Rangpur,1,3/4/2018
CUST04564,81,2064.59,7,Rajshahi,3,11/11/2018
CUST04565,515,2853.26,10,Dhaka,1,9/3/2017
CUST04566,1307,843.98,9,Nilphamari,3,7/4/2015
CUST04567,714,1060.62,10,Nilphamari,1,2/16/2017
CUST04568,509,741.9,4,Dinajpur,4,9/9/2017
CUST04569,1374,767.76,6,Rangpur,3,4/28/2015
CUST04570,421,1174.15,14,Rangpur,3,12/6/2017
CUST04571,177,1095.71,7,Nilphamari,1,8/7/2018
CUST04572,1936,806.41,9,Dhaka,2,10/13/2013
CUST04573,906,340.68,5,Dhaka,1,8/8/2016
CUST04574,2267,840.83,11,Sylhet,4,11/16/2012
CUST04575,502,1530.22,9,Khulna,1,9/16/2017
CUST04576,961,2237.72,13,Mymensingh,3,6/14/2016
CUST04577,1483,1822.74,9,Mymensingh,1,1/9/2015
CUST04578,522,8246.81,5,Chattogram,4,8/27/2017
CUST04579,757,2876.63,9,Khulna,1,1/4/2017
CUST04580,1115,396.75,7,Nilphamari,1,1/12/2016
CUST04581,514,1771.95,7,Rangpur,4,9/4/2017
CUST04582,268,1047.29,7,Rajshahi,1,5/8/2018
CUST04583,636,296.82,6,Chattogram,1,5/5/2017
CUST04584,1335,528.87,7,Dinajpur,2,6/6/2015
CUST04585,1477,1561.3,9,Chattogram,1,1/15/2015
CUST04586,1943,2455.36,14,Chattogram,2,10/6/2013
CUST04587,837,1172.45,15,Dinajpur,2,10/16/2016
CUST04588,1973,610.95,9,Nilphamari,2,9/6/2013
CUST04589,1146,1821.03,9,Dinajpur,3,12/12/2015
CUST04590,517,1020.8,7,Nilphamari,3,9/1/2017
CUST04591,1574,655.12,8,Chattogram,2,10/10/2014
CUST04592,1541,1653.27,11,Rajshahi,3,11/12/2014
CUST04593,1759,1242.56,7,Saidpur,1,4/8/2014
CUST04594,1010,1851.17,6,Dhaka,1,4/26/2016
CUST04595,1479,3128.79,9,Saidpur,4,1/13/2015
CUST04596,557,6210.41,13,Dinajpur,3,7/23/2017
CUST04597,1169,2895.05,12,Mymensingh,3,11/19/2015
CUST04598,497,2804.14,14,Sylhet,2,9/21/2017
CUST04599,2041,577.43,6,Chattogram,1,6/30/2013
CUST04600,1817,1903.13,6,Rangpur,3,2/9/2014
CUST04601,1704,531.6,8,Rajshahi,3,6/2/2014
CUST04602,2087,1196.25,10,Chattogram,4,5/15/2013
CUST04603,1782,964.27,5,Khulna,4,3/16/2014
CUST04604,2065,637.53,10,Mymensingh,1,6/6/2013
CUST04605,842,1701.99,12,Dhaka,4,10/11/2016
CUST04606,2375,288.44,9,Rajshahi,2,7/31/2012
CUST04607,435,878.6,8,Rangpur,2,11/22/2017
CUST04608,2196,1178.43,7,Dhaka,2,1/26/2013
CUST04609,381,1999.42,11,Chattogram,4,1/15/2018
CUST04610,1584,1118.34,13,Nilphamari,3,9/30/2014
CUST04611,1887,518.17,14,Chattogram,1,12/1/2013
CUST04612,2081,1201.57,6,Saidpur,2,5/21/2013
CUST04613,1833,1576.83,9,Rajshahi,2,1/24/2014
CUST04614,128,1133.04,11,Rajshahi,3,9/25/2018
CUST04615,1698,1023.62,8,Nilphamari,2,6/8/2014
CUST04616,1067,898.24,11,Khulna,4,2/29/2016
CUST04617,958,1742.17,11,Dinajpur,2,6/17/2016
CUST04618,2158,1181.05,9,Rajshahi,2,3/5/2013
CUST04619,973,488.95,6,Chattogram,3,6/2/2016
CUST04620,2388,1229.34,7,Nilphamari,2,7/18/2012
CUST04621,1601,1297.63,5,Dhaka,3,9/13/2014
CUST04622,1785,949.78,11,Chattogram,2,3/13/2014
CUST04623,244,1232.43,9,Saidpur,3,6/1/2018
CUST04624,326,3464.85,8,Dhaka,3,3/11/2018
CUST04625,2440,1525.97,6,Chattogram,2,5/27/2012
CUST04626,2379,4552.05,11,Rangpur,4,7/27/2012
CUST04627,146,4186.03,3,Mymensingh,1,9/7/2018
CUST04628,955,1346.4,15,Nilphamari,3,6/20/2016
CUST04629,2152,381.8,14,Khulna,2,3/11/2013
CUST04630,1977,1118.92,12,Chattogram,4,9/2/2013
CUST04631,627,896.35,6,Rajshahi,1,5/14/2017
CUST04632,1272,534.42,12,Mymensingh,1,8/8/2015
CUST04633,1882,4571.11,8,Chattogram,2,12/6/2013
CUST04634,2133,2762.97,10,Rajshahi,4,3/30/2013
CUST04635,1209,531.07,6,Nilphamari,1,10/10/2015
CUST04636,82,758.97,7,Rajshahi,1,11/10/2018
CUST04637,433,661.64,6,Sylhet,1,11/24/2017
CUST04638,1733,3169.08,10,Dinajpur,3,5/4/2014
CUST04639,2039,831.07,8,Rajshahi,1,7/2/2013
CUST04640,2121,772.64,7,Khulna,4,4/11/2013
CUST04641,568,1956.66,11,Saidpur,2,7/12/2017
CUST04642,1006,1949.45,7,Dhaka,2,4/30/2016
CUST04643,1957,1246.33,7,Khulna,2,9/22/2013
CUST04644,648,605.85,9,Mymensingh,3,4/23/2017
CUST04645,733,1207.83,9,Khulna,3,1/28/2017
CUST04646,96,2576,12,Dinajpur,3,10/27/2018
CUST04647,2066,910.42,10,Dinajpur,1,6/5/2013
CUST04648,1366,1149.62,8,Dhaka,1,5/6/2015
CUST04649,2343,1212.34,9,Khulna,1,9/1/2012
CUST04650,2227,751.96,8,Sylhet,1,12/26/2012
CUST04651,250,853.68,10,Saidpur,2,5/26/2018
CUST04652,1628,263.14,9,Dinajpur,2,8/17/2014
CUST04653,1793,1745.57,8,Sylhet,3,3/5/2014
CUST04654,519,241.13,9,Sylhet,2,8/30/2017
CUST04655,497,5878.38,14,Mymensingh,2,9/21/2017
CUST04656,2444,1050.12,10,Khulna,3,5/23/2012
CUST04657,2274,500.42,11,Rajshahi,4,11/9/2012
CUST04658,2076,1312.36,9,Rajshahi,1,5/26/2013
CUST04659,1934,529.57,8,Chattogram,2,10/15/2013
CUST04660,204,2206.5,9,Sylhet,3,7/11/2018
CUST04661,643,1586.16,11,Chattogram,1,4/28/2017
CUST04662,1943,1330.96,10,Dinajpur,3,10/6/2013
CUST04663,551,1486.84,9,Khulna,2,7/29/2017
CUST04664,1197,1398.89,6,Sylhet,1,10/22/2015
CUST04665,898,1227.84,5,Chattogram,2,8/16/2016
CUST04666,192,1001.73,10,Chattogram,3,7/23/2018
CUST04667,1802,1052.74,9,Saidpur,1,2/24/2014
CUST04668,786,313.3,8,Saidpur,2,12/6/2016
CUST04669,1847,2968.36,15,Saidpur,2,1/10/2014
CUST04670,494,728.64,6,Chattogram,3,9/24/2017
CUST04671,1554,1966.2,10,Saidpur,2,10/30/2014
CUST04672,446,975.56,12,Saidpur,1,11/11/2017
CUST04673,1116,1163.32,9,Khulna,2,1/11/2016
CUST04674,1786,3143.87,7,Sylhet,4,3/12/2014
CUST04675,2284,1131.89,15,Mymensingh,2,10/30/2012
CUST04676,2004,5117.19,9,Rajshahi,2,8/6/2013
CUST04677,2111,605.46,9,Mymensingh,2,4/21/2013
CUST04678,1865,1126.25,11,Nilphamari,2,12/23/2013
CUST04679,582,440.27,11,Dinajpur,4,6/28/2017
CUST04680,2040,845.75,11,Dinajpur,2,7/1/2013
CUST04681,2406,353.63,11,Sylhet,4,6/30/2012
CUST04682,2028,2429.11,8,Dinajpur,4,7/13/2013
CUST04683,497,616.82,11,Mymensingh,4,9/21/2017
CUST04684,1183,520.6,8,Sylhet,2,11/5/2015
CUST04685,1523,1533.28,9,Sylhet,4,11/30/2014
CUST04686,508,1298.55,9,Sylhet,2,9/10/2017
CUST04687,1542,1240.97,14,Mymensingh,4,11/11/2014
CUST04688,1615,2192.14,12,Saidpur,3,8/30/2014
CUST04689,1157,1266.71,7,Chattogram,1,12/1/2015
CUST04690,647,1155.35,10,Rajshahi,1,4/24/2017
CUST04691,123,5213.08,11,Chattogram,3,9/30/2018
CUST04692,1831,820.4,10,Nilphamari,3,1/26/2014
CUST04693,69,1817.79,3,Rangpur,3,11/23/2018
CUST04694,2359,2168.58,7,Mymensingh,4,8/16/2012
CUST04695,42,803.28,10,Nilphamari,1,12/20/2018
CUST04696,821,2037.82,14,Rangpur,3,11/1/2016
CUST04697,860,452.5,7,Dhaka,3,9/23/2016
CUST04698,1467,1570.07,11,Nilphamari,3,1/25/2015
CUST04699,43,1260.19,10,Rangpur,2,12/19/2018
CUST04700,406,444.42,6,Chattogram,4,12/21/2017
CUST04701,397,914.98,4,Mymensingh,1,12/30/2017
CUST04702,1201,975.39,10,Dhaka,2,10/18/2015
CUST04703,1154,877.15,8,Dinajpur,3,12/4/2015
CUST04704,1891,1877.12,10,Dhaka,3,11/27/2013
CUST04705,1736,520.18,11,Nilphamari,3,5/1/2014
CUST04706,1146,1592.08,9,Rangpur,2,12/12/2015
CUST04707,2040,459.8,9,Dinajpur,4,7/1/2013
CUST04708,1728,729.09,14,Saidpur,2,5/9/2014
CUST04709,663,1134.17,12,Mymensingh,1,4/8/2017
CUST04710,1203,779.48,16,Sylhet,1,10/16/2015
CUST04711,869,4036.59,11,Chattogram,2,9/14/2016
CUST04712,2453,1135.99,7,Sylhet,2,5/14/2012
CUST04713,1537,826.25,6,Dhaka,1,11/16/2014
CUST04714,210,2901.93,10,Rajshahi,2,7/5/2018
CUST04715,1928,1951.86,16,Sylhet,2,10/21/2013
CUST04716,863,529.99,11,Khulna,3,9/20/2016
CUST04717,2314,755.07,7,Rajshahi,3,9/30/2012
CUST04718,1575,1580.43,13,Sylhet,4,10/9/2014
CUST04719,196,657.61,10,Dinajpur,4,7/19/2018
CUST04720,753,3523.24,11,Saidpur,3,1/8/2017
CUST04721,977,1132.64,7,Dhaka,4,5/29/2016
CUST04722,2057,1427.63,7,Khulna,1,6/14/2013
CUST04723,104,2618.65,5,Rangpur,3,10/19/2018
CUST04724,2041,1872.34,7,Dhaka,4,6/30/2013
CUST04725,2415,1069.4,12,Mymensingh,4,6/21/2012
CUST04726,902,3954.69,6,Mymensingh,1,8/12/2016
CUST04727,39,2686.93,16,Dhaka,4,12/23/2018
CUST04728,330,600.27,12,Sylhet,1,3/7/2018
CUST04729,301,1219.83,8,Saidpur,2,4/5/2018
CUST04730,1625,1477,12,Chattogram,3,8/20/2014
CUST04731,699,556.74,8,Dhaka,4,3/3/2017
CUST04732,2104,463.98,7,Khulna,1,4/28/2013
CUST04733,1722,836.05,8,Chattogram,2,5/15/2014
CUST04734,2093,3491.83,10,Dhaka,2,5/9/2013
CUST04735,131,563.23,10,Saidpur,4,9/22/2018
CUST04736,1277,939.98,9,Rajshahi,4,8/3/2015
CUST04737,1690,2933.83,7,Rajshahi,4,6/16/2014
CUST04738,890,3017.2,6,Sylhet,3,8/24/2016
CUST04739,1601,1235.04,8,Sylhet,1,9/13/2014
CUST04740,428,640.69,3,Dhaka,4,11/29/2017
CUST04741,809,675.01,8,Rangpur,3,11/13/2016
CUST04742,163,561.79,11,Khulna,2,8/21/2018
CUST04743,179,1216.77,12,Nilphamari,2,8/5/2018
CUST04744,390,3301.03,8,Dinajpur,3,1/6/2018
CUST04745,722,624,6,Rajshahi,4,2/8/2017
CUST04746,1307,477.23,9,Khulna,4,7/4/2015
CUST04747,1299,1850.19,10,Rajshahi,3,7/12/2015
CUST04748,431,4725.5,8,Mymensingh,3,11/26/2017
CUST04749,30,1094.56,11,Dinajpur,3,1/1/2019
CUST04750,2269,1030.68,6,Khulna,1,11/14/2012
CUST04751,95,1030.44,10,Saidpur,2,10/28/2018
CUST04752,2085,1166.98,5,Rajshahi,3,5/17/2013
CUST04753,1539,1225.71,8,Dhaka,1,11/14/2014
CUST04754,438,1297.11,6,Dinajpur,3,11/19/2017
CUST04755,2380,1479.61,7,Chattogram,1,7/26/2012
CUST04756,1609,681.53,11,Rangpur,1,9/5/2014
CUST04757,263,2109,13,Khulna,3,5/13/2018
CUST04758,1367,2358.48,5,Nilphamari,2,5/5/2015
CUST04759,1215,479.2,10,Dhaka,1,10/4/2015
CUST04760,1871,676,2,Sylhet,3,12/17/2013
CUST04761,2435,1218.47,8,Dhaka,4,6/1/2012
CUST04762,1605,913.79,11,Sylhet,4,9/9/2014
CUST04763,2296,1721.41,6,Dinajpur,3,10/18/2012
CUST04764,2287,1396.57,9,Mymensingh,2,10/27/2012
CUST04765,276,1345.25,5,Mymensingh,3,4/30/2018
CUST04766,769,987.11,17,Mymensingh,2,12/23/2016
CUST04767,1985,618.13,12,Chattogram,3,8/25/2013
CUST04768,136,382.39,10,Dhaka,1,9/17/2018
CUST04769,1322,431.32,14,Dhaka,4,6/19/2015
CUST04770,487,709.49,8,Saidpur,3,10/1/2017
CUST04771,1242,321.31,6,Mymensingh,3,9/7/2015
CUST04772,617,2550.98,8,Dinajpur,2,5/24/2017
CUST04773,1829,2809.87,6,Chattogram,4,1/28/2014
CUST04774,2420,1493.38,11,Khulna,4,6/16/2012
CUST04775,1163,1283.13,9,Khulna,3,11/25/2015
CUST04776,1441,416.77,4,Rajshahi,4,2/20/2015
CUST04777,1028,714.8,7,Dhaka,3,4/8/2016
CUST04778,735,1105.55,19,Rajshahi,2,1/26/2017
CUST04779,2057,661.26,12,Dinajpur,1,6/14/2013
CUST04780,2442,1052.76,9,Khulna,3,5/25/2012
CUST04781,339,1359.06,11,Chattogram,3,2/26/2018
CUST04782,1220,1107.34,10,Rajshahi,4,9/29/2015
CUST04783,536,582.22,8,Rajshahi,2,8/13/2017
CUST04784,1799,700.82,13,Dinajpur,3,2/27/2014
CUST04785,1851,391.94,3,Rajshahi,4,1/6/2014
CUST04786,2322,1587.21,10,Dhaka,2,9/22/2012
CUST04787,591,2103.65,9,Nilphamari,3,6/19/2017
CUST04788,130,1537.65,9,Dhaka,3,9/23/2018
CUST04789,1097,1065.32,8,Rajshahi,1,1/30/2016
CUST04790,2088,1715.86,4,Dinajpur,3,5/14/2013
CUST04791,437,2345.76,7,Sylhet,3,11/20/2017
CUST04792,130,567.02,13,Saidpur,4,9/23/2018
CUST04793,1805,955.29,11,Chattogram,2,2/21/2014
CUST04794,217,538.26,7,Rajshahi,1,6/28/2018
CUST04795,1273,1201.04,11,Khulna,1,8/7/2015
CUST04796,1770,862.07,7,Nilphamari,1,3/28/2014
CUST04797,1945,970.18,8,Mymensingh,3,10/4/2013
CUST04798,2054,1528.32,7,Sylhet,2,6/17/2013
CUST04799,42,1317.95,6,Sylhet,3,12/20/2018
CUST04800,1083,1499.27,16,Dinajpur,4,2/13/2016
CUST04801,1594,448.75,12,Rangpur,4,9/20/2014
CUST04802,1594,1487.48,4,Nilphamari,3,9/20/2014
CUST04803,549,1202.48,6,Rajshahi,3,7/31/2017
CUST04804,1650,1242.2,9,Khulna,4,7/26/2014
CUST04805,2124,2353.84,6,Dhaka,1,4/8/2013
CUST04806,668,2013.05,11,Mymensingh,3,4/3/2017
CUST04807,1922,1553.48,13,Nilphamari,3,10/27/2013
CUST04808,1987,1050.65,10,Chattogram,2,8/23/2013
CUST04809,1035,1018.93,16,Rajshahi,1,4/1/2016
CUST04810,2300,903.26,8,Dhaka,1,10/14/2012
CUST04811,70,1597.43,13,Mymensingh,1,11/22/2018
CUST04812,1324,996.38,10,Dhaka,4,6/17/2015
CUST04813,643,758.43,7,Rangpur,3,4/28/2017
CUST04814,819,677.68,8,Sylhet,2,11/3/2016
CUST04815,293,510.63,5,Dhaka,4,4/13/2018
CUST04816,1932,1153.24,11,Rangpur,1,10/17/2013
CUST04817,430,1264.27,11,Saidpur,4,11/27/2017
CUST04818,2352,3562.08,9,Chattogram,3,8/23/2012
CUST04819,2455,562.2,11,Nilphamari,2,5/12/2012
CUST04820,1755,858.39,6,Rangpur,4,4/12/2014
CUST04821,1460,1101.98,8,Rajshahi,1,2/1/2015
CUST04822,144,1266.95,11,Saidpur,1,9/9/2018
CUST04823,2091,816.87,15,Nilphamari,2,5/11/2013
CUST04824,741,1175.89,9,Rangpur,4,1/20/2017
CUST04825,1112,2856.37,11,Sylhet,2,1/15/2016
CUST04826,715,1046.97,6,Rangpur,4,2/15/2017
CUST04827,898,751.83,7,Sylhet,4,8/16/2016
CUST04828,1415,540.7,9,Sylhet,3,3/18/2015
CUST04829,1439,514.47,11,Nilphamari,3,2/22/2015
CUST04830,1232,1960.42,8,Mymensingh,4,9/17/2015
CUST04831,1592,1326.13,8,Khulna,1,9/22/2014
CUST04832,112,1481.78,10,Mymensingh,3,10/11/2018
CUST04833,2393,553.69,6,Mymensingh,4,7/13/2012
CUST04834,559,1970.98,9,Mymensingh,4,7/21/2017
CUST04835,790,1377.9,8,Nilphamari,1,12/2/2016
CUST04836,733,1924.12,5,Rangpur,2,1/28/2017
CUST04837,1094,604.13,5,Rangpur,1,2/2/2016
CUST04838,538,1019.89,11,Sylhet,3,8/11/2017
CUST04839,699,2331.09,13,Rangpur,1,3/3/2017
CUST04840,317,2183.04,18,Chattogram,2,3/20/2018
CUST04841,2209,1033.13,7,Rajshahi,4,1/13/2013
CUST04842,879,748.56,9,Saidpur,2,9/4/2016
CUST04843,864,1565.72,9,Mymensingh,4,9/19/2016
CUST04844,2128,1679.62,12,Rajshahi,2,4/4/2013
CUST04845,2162,879.5,14,Chattogram,2,3/1/2013
CUST04846,641,1681.88,8,Khulna,2,4/30/2017
CUST04847,849,921.6,11,Rajshahi,4,10/4/2016
CUST04848,2017,400.34,9,Rangpur,2,7/24/2013
CUST04849,2343,1265.8,6,Mymensingh,3,9/1/2012
CUST04850,527,434.79,5,Dinajpur,4,8/22/2017
CUST04851,790,2192.07,12,Rangpur,1,12/2/2016
CUST04852,738,2610.26,16,Nilphamari,1,1/23/2017
CUST04853,247,505.84,5,Saidpur,1,5/29/2018
CUST04854,1177,1307.81,15,Rajshahi,2,11/11/2015
CUST04855,2462,1767.78,5,Saidpur,2,5/5/2012
CUST04856,1760,1219.89,5,Nilphamari,2,4/7/2014
CUST04857,576,823.42,10,Chattogram,3,7/4/2017
CUST04858,32,1980.47,8,Dinajpur,1,12/30/2018
CUST04859,52,576.08,11,Mymensingh,4,12/10/2018
CUST04860,1708,1476.85,6,Saidpur,3,5/29/2014
CUST04861,227,1822.77,8,Rangpur,4,6/18/2018
CUST04862,2130,1161.99,6,Nilphamari,3,4/2/2013
CUST04863,280,4679.52,7,Rangpur,2,4/26/2018
CUST04864,1533,1156.89,10,Rajshahi,2,11/20/2014
CUST04865,373,661.21,8,Dhaka,2,1/23/2018
CUST04866,982,1794.59,6,Dinajpur,2,5/24/2016
CUST04867,1520,410.37,8,Mymensingh,1,12/3/2014
CUST04868,1781,1272.27,13,Khulna,3,3/17/2014
CUST04869,1959,917.69,8,Nilphamari,3,9/20/2013
CUST04870,714,3628.54,9,Dinajpur,4,2/16/2017
CUST04871,377,1404.99,7,Mymensingh,4,1/19/2018
CUST04872,1807,733.62,9,Rangpur,4,2/19/2014
CUST04873,838,1972.9,5,Dhaka,3,10/15/2016
CUST04874,192,1372.08,2,Rangpur,2,7/23/2018
CUST04875,2103,1438.47,16,Nilphamari,1,4/29/2013
CUST04876,351,952.36,9,Saidpur,3,2/14/2018
CUST04877,151,1327.17,5,Rajshahi,4,9/2/2018
CUST04878,1699,242.91,9,Khulna,1,6/7/2014
CUST04879,1071,961.45,5,Khulna,2,2/25/2016
CUST04880,842,558.8,8,Mymensingh,1,10/11/2016
CUST04881,462,2192.6,9,Dinajpur,1,10/26/2017
CUST04882,1237,1565.3,11,Sylhet,2,9/12/2015
CUST04883,149,4209.11,11,Sylhet,2,9/4/2018
CUST04884,1330,1289.26,12,Sylhet,2,6/11/2015
CUST04885,1979,5933.2,11,Dhaka,3,8/31/2013
CUST04886,343,331.62,9,Chattogram,4,2/22/2018
CUST04887,1525,1390.06,12,Dhaka,1,11/28/2014
CUST04888,1645,1079.43,9,Sylhet,3,7/31/2014
CUST04889,856,1454.75,9,Chattogram,3,9/27/2016
CUST04890,1801,379.56,7,Rajshahi,4,2/25/2014
CUST04891,993,1065.45,8,Mymensingh,3,5/13/2016
CUST04892,1280,1053.22,8,Dinajpur,3,7/31/2015
CUST04893,341,1713.4,9,Sylhet,1,2/24/2018
CUST04894,1854,2192.99,3,Dhaka,1,1/3/2014
CUST04895,1088,3885.16,6,Khulna,1,2/8/2016
CUST04896,84,622.43,7,Nilphamari,3,11/8/2018
CUST04897,2094,1910.99,7,Dinajpur,3,5/8/2013
CUST04898,416,943.21,7,Rajshahi,2,12/11/2017
CUST04899,66,1087.35,7,Mymensingh,3,11/26/2018
CUST04900,1442,929.19,10,Saidpur,1,2/19/2015
CUST04901,1564,1396.27,6,Saidpur,2,10/20/2014
CUST04902,1420,1379.55,10,Dinajpur,3,3/13/2015
CUST04903,1514,1866.95,9,Rajshahi,4,12/9/2014
CUST04904,158,1804.5,12,Khulna,1,8/26/2018
CUST04905,77,1092,3,Mymensingh,4,11/15/2018
CUST04906,2123,1410.57,9,Chattogram,3,4/9/2013
CUST04907,638,1720.34,8,Mymensingh,1,5/3/2017
CUST04908,1884,679.9,6,Dinajpur,3,12/4/2013
CUST04909,1211,2159.7,9,Saidpur,4,10/8/2015
CUST04910,407,368.12,9,Rajshahi,1,12/20/2017
CUST04911,2151,1103.57,6,Dhaka,1,3/12/2013
CUST04912,2251,1042.01,7,Mymensingh,4,12/2/2012
CUST04913,1355,569.12,6,Rajshahi,1,5/17/2015
CUST04914,352,2513.58,6,Rajshahi,3,2/13/2018
CUST04915,2208,899.95,8,Mymensingh,1,1/14/2013
CUST04916,980,870.56,13,Dhaka,1,5/26/2016
CUST04917,1715,1046.57,6,Saidpur,3,5/22/2014
CUST04918,1072,1677.92,8,Chattogram,4,2/24/2016
CUST04919,1844,1950.34,9,Dinajpur,4,1/13/2014
CUST04920,850,1187.75,12,Dinajpur,1,10/3/2016
CUST04921,1739,972.68,9,Khulna,4,4/28/2014
CUST04922,808,683.54,7,Chattogram,2,11/14/2016
CUST04923,1086,606.71,5,Nilphamari,3,2/10/2016
CUST04924,2041,1284.58,12,Rajshahi,3,6/30/2013
CUST04925,2455,2695.42,11,Dinajpur,4,5/12/2012
CUST04926,1359,1253.77,7,Chattogram,4,5/13/2015
CUST04927,1768,924.33,15,Khulna,2,3/30/2014
CUST04928,1453,1910.99,10,Dinajpur,1,2/8/2015
CUST04929,1089,954,15,Dhaka,1,2/7/2016
CUST04930,2363,515.16,17,Khulna,4,8/12/2012
CUST04931,473,1945.07,5,Rajshahi,2,10/15/2017
CUST04932,1353,511.26,12,Mymensingh,3,5/19/2015
CUST04933,1683,728.5,6,Rangpur,4,6/23/2014
CUST04934,1216,2218.28,7,Dhaka,3,10/3/2015
CUST04935,1687,1194.65,10,Saidpur,4,6/19/2014
CUST04936,2058,830.83,8,Sylhet,3,6/13/2013
CUST04937,45,1338.91,4,Rajshahi,2,12/17/2018
CUST04938,1449,1252.19,12,Dhaka,2,2/12/2015
CUST04939,326,720.22,9,Mymensingh,3,3/11/2018
CUST04940,1017,1015.71,6,Rajshahi,1,4/19/2016
CUST04941,2328,1889.15,11,Rajshahi,4,9/16/2012
CUST04942,289,1232.92,12,Mymensingh,4,4/17/2018
CUST04943,253,3786.67,8,Chattogram,3,5/23/2018
CUST04944,1917,746.16,11,Dinajpur,2,11/1/2013
CUST04945,1263,1273.06,6,Rajshahi,2,8/17/2015
CUST04946,326,906.13,4,Sylhet,4,3/11/2018
CUST04947,399,1538.75,11,Chattogram,1,12/28/2017
CUST04948,2421,679.56,8,Rangpur,1,6/15/2012
CUST04949,1753,2640.52,8,Chattogram,1,4/14/2014
CUST04950,978,1126.89,10,Chattogram,2,5/28/2016
CUST04951,1834,1632.85,13,Sylhet,2,1/23/2014
CUST04952,1492,5412.22,11,Khulna,1,12/31/2014
CUST04953,930,828.99,7,Sylhet,3,7/15/2016
CUST04954,1118,1252.64,9,Dhaka,3,1/9/2016
CUST04955,486,704.81,6,Sylhet,3,10/2/2017
CUST04956,2099,4714.09,9,Dinajpur,3,5/3/2013
CUST04957,1640,855.82,14,Mymensingh,3,8/5/2014
CUST04958,1704,827.87,7,Nilphamari,4,6/2/2014
CUST04959,516,2175.83,4,Chattogram,1,9/2/2017
CUST04960,1790,2094.44,7,Rajshahi,3,3/8/2014
CUST04961,100,1077.55,8,Rangpur,2,10/23/2018
CUST04962,1986,1380.89,8,Saidpur,4,8/24/2013
CUST04963,2217,952.31,7,Sylhet,1,1/5/2013
CUST04964,1862,2557.65,5,Dhaka,2,12/26/2013
CUST04965,1706,1357.88,10,Dhaka,2,5/31/2014
CUST04966,2424,1739.53,14,Dinajpur,1,6/12/2012
CUST04967,1274,987.91,4,Rajshahi,4,8/6/2015
CUST04968,1583,2281.31,9,Rangpur,1,10/1/2014
CUST04969,598,510.19,8,Rajshahi,2,6/12/2017
CUST04970,972,2773.49,13,Mymensingh,1,6/3/2016
CUST04971,1987,672.27,8,Rangpur,4,8/23/2013
CUST04972,926,1837.09,8,Dinajpur,4,7/19/2016
CUST04973,1151,640.66,12,Dinajpur,3,12/7/2015
CUST04974,1305,911.55,12,Nilphamari,3,7/6/2015
CUST04975,647,899.11,4,Chattogram,2,4/24/2017
CUST04976,219,2771.3,15,Rajshahi,1,6/26/2018
CUST04977,2477,2854.01,12,Rajshahi,1,4/20/2012
CUST04978,1675,1476.7,8,Dinajpur,3,7/1/2014
CUST04979,1268,925.3,10,Mymensingh,2,8/12/2015
CUST04980,1477,1327.5,8,Saidpur,4,1/15/2015
CUST04981,579,1071.32,15,Dhaka,3,7/1/2017
CUST04982,630,795.33,5,Saidpur,3,5/11/2017
CUST04983,1974,1545.25,7,Dhaka,2,9/5/2013
CUST04984,1550,472.57,9,Dinajpur,4,11/3/2014
CUST04985,337,645.65,7,Chattogram,4,2/28/2018
CUST04986,1597,1360.59,5,Dhaka,4,9/17/2014
CUST04987,1596,2164.85,10,Nilphamari,2,9/18/2014
CUST04988,2059,1764.5,8,Dhaka,2,6/12/2013
CUST04989,1329,1767.29,7,Rajshahi,2,6/12/2015
CUST04990,500,294.69,6,Nilphamari,1,9/18/2017
CUST04991,2371,1339.86,5,Dhaka,2,8/4/2012
CUST04992,2028,836.69,11,Dhaka,4,7/13/2013
CUST04993,993,943.55,12,Dinajpur,3,5/13/2016
CUST04994,661,2316.3,9,Mymensingh,4,4/10/2017
CUST04995,422,965.26,8,Khulna,2,12/5/2017
CUST04996,141,1483.29,9,Chattogram,3,9/12/2018
CUST04997,849,1024.5,8,Dhaka,2,10/4/2016
CUST04998,49,630.9,9,Mymensingh,3,12/13/2018
CUST04999,1909,1281.81,7,Saidpur,3,11/9/2013
CUST05000,720,557.4,6,Rangpur,4,2/10/2017
